Mixture,CD8+ Cells,Tregs,Non-immune cluster,Nk Cells,CD4+ Cells,B Cells,Myeloid,Mast Cells,P-value,Correlation,RMSE,,T Cells
TCGA-FV-A495-01,0.061525833201666,0.036790805157786,0.688189114220574,0.098636846869164,0.058827025448619,0.009298260256173,0.044200312412616,0.002531802433401,0,0.886826956470173,0.467952443643669,,0.157143663808072
TCGA-G3-A3CH-11,0.098690571949831,0,0.738275537709089,0.006164056889209,0.104096792704853,0.00036719242649,0.049162927523344,0.003242920797184,0,0.919956877921714,0.400423493812012,,0.202787364654684
TCGA-CC-A3MB-01,0.139904598881608,0.032340822145785,0.480762120847039,0.118660974170228,0.094536032598861,0.044450986909125,0.085289511686003,0.004054952761352,0,0.842831685756778,0.582836559798623,,0.266781453626253
TCGA-BC-A3KF-01,0.114992769817135,0.041076502607019,0.596360562445531,0.083588839973474,0.062153227664004,0.032893621830812,0.067308365005492,0.001626110656531,0,0.791911330865162,0.61390057428049,,0.218222500088158
TCGA-DD-A4NV-01,0.098896203902565,0.002426323570887,0.660500456243761,0.058328606538803,0.102381489440909,0.027922727037939,0.048502889260519,0.001041304004618,0,0.849245250004856,0.532237433783038,,0.20370401691436
TCGA-CC-A1HT-01,0.04972188010915,0.125314338207753,0.12494646871018,0.306282367926656,0.06615798316623,0.041489828422783,0.285777090668654,0.000310042788595,0,0.588385266798691,0.868007918295765,,0.241194201483133
TCGA-BD-A3EP-01,0.112517344021674,0.009514048696577,0.552464931255583,0.099582867640176,0.098979874612752,0.030021780183037,0.094341915952551,0.00257723763765,0,0.731947999061844,0.68307071059159,,0.221011267331003
TCGA-FV-A3R2-11,0.100607116620521,0.000403882329441,0.719604594630376,0.034054680091875,0.101703257399515,0.008170440652372,0.032193228362038,0.003262799913862,0,0.911914550578721,0.417525532966674,,0.202714256349477
TCGA-CC-A3MA-01,0.118774027932005,0.105286831427843,0.152836962625701,0.241525413511974,0.107086800334473,0.041088430203321,0.233123238013725,0.000278295950959,0,0.504175306151144,0.892912163006568,,0.331147659694321
TCGA-ZP-A9CV-01,0.121477004298902,0.015421063524239,0.582438340441871,0.080027014667741,0.069586190124538,0.025381470490543,0.103460301166557,0.002208615285609,0,0.819906745737184,0.579639883635296,,0.206484257947679
TCGA-DD-AACY-01,0.125121186584236,0.019574146303715,0.617865437723141,0.062783769464248,0.088521020640059,0.04105139385143,0.038924313348535,0.006158732084636,0,0.787985444204446,0.618341100741615,,0.233216353528011
TCGA-XR-A8TG-01,0.135990920883397,0.034855622826681,0.533844121138897,0.138498834274894,0.05345833736443,0.047843860186289,0.050775915320937,0.004732388004476,0,0.678724714757449,0.735281110815225,,0.224304881074508
TCGA-CC-A9FW-01,0.124602150270089,0.03474786177343,0.47647684452313,0.128874721915698,0.067084431218627,0.049730158951783,0.117891266054196,0.000592565293047,0,0.762916713127628,0.662733773962695,,0.226434443262146
TCGA-BC-A10Y-01,0.127788959069649,0.021973735558648,0.627588399942264,0.105513105158753,0.065184378795053,0.020277964390641,0.030643530587633,0.001029926497358,0,0.822119207368812,0.572864890857194,,0.21494707342335
TCGA-KR-A7K7-01,0.082083654247833,0.034986279630782,0.530401201025796,0.116598136794689,0.051296937532946,0.040716325869976,0.142650482418255,0.001266982479724,0,0.80578284681087,0.605150935533135,,0.168366871411561
TCGA-ED-A459-01,0.132385116344194,0.031594759602614,0.513097347026681,0.114939215581234,0.040884772349709,0.050585891422414,0.11276547560109,0.003747422072064,0,0.788174189568123,0.628991604106502,,0.204864648296517
TCGA-PD-A5DF-01,0.116334118380606,0.01882795835088,0.553760863527331,0.095930394480104,0.079578831548551,0.039140780433945,0.093022318078214,0.00340473520037,0,0.790266925998996,0.619636148760709,,0.214740908280037
TCGA-ED-A5KG-01,0.118494751099094,0.014670345233641,0.174159936781718,0.151004289816985,0.320049720858047,0.030105118556505,0.19151583765401,0,0,0.649268000754594,0.842548834599875,,0.453214817190781
TCGA-DD-AAVX-01,0.114672497659783,0.011232431843463,0.558319431310789,0.07327677298376,0.098302061234579,0.015565608202597,0.128425191879541,0.000206004885489,0,0.724518757946116,0.690676336444589,,0.224206990737825
TCGA-ED-A7PY-01,0.106201797447451,0.025116325928546,0.584280136072897,0.065999261904929,0.116972456901331,0.023422639430488,0.077625971395163,0.000381410919195,0,0.79078118241731,0.615873782002467,,0.248290580277328
TCGA-RC-A7SF-01,0.181965959590651,0.013447276260039,0.642638850356895,0.032387689744586,0.059001589523478,0.021772928176947,0.041464956112934,0.007320750234472,0,0.85517386489369,0.523904155031163,,0.254414825374168
TCGA-DD-AAW0-01,0.131637064405536,0.003414587826714,0.590897554071333,0.042689864990089,0.099305357022639,0.023923427091864,0.106470916198395,0.00166122839343,0,0.787792723892344,0.619011419308963,,0.234357009254889
TCGA-ED-A66X-01,0.117528664549361,0.043002434939906,0.447346860293661,0.109613935285249,0.089617260801309,0.035981411283413,0.15166770635061,0.005241726496491,0,0.772858716510068,0.660214280564566,,0.250148360290576
TCGA-DD-AAC8-01,0.112044135843251,0.053069925531917,0.318117738723485,0.212684544304092,0.075966695019037,0.034978021838152,0.191649114823124,0.001489823916943,0,0.636468149184859,0.793935433455437,,0.241080756394204
TCGA-FV-A3I1-01,0.111780556139458,0.019776522200969,0.549161048238293,0.061251753481234,0.121995129204198,0.03566587050368,0.098412396181946,0.001956724050222,0,0.832979562933812,0.569769737231766,,0.253552207544625
TCGA-RC-A7S9-01,0.1439112483461,0.015491592927793,0.569879750176453,0.074000367997765,0.081625650369014,0.064704265057849,0.047108635874184,0.003278489250842,0,0.758601891185066,0.654204387710195,,0.241028491642907
TCGA-ZP-A9D2-01,0.095542958754058,0.081519005373134,0.237833199539018,0.205558851735912,0.10701034874369,0.105572058429086,0.166666826369825,0.000296751055278,0,0.583909898604004,0.843340820558438,,0.284072312870882
TCGA-G3-A5SL-01,0.159163738121624,0.016547684725507,0.557005128860702,0.083177099707991,0.059817960278145,0.019323075210549,0.103660979890267,0.001304333205214,0,0.791321463363069,0.617926909279098,,0.235529383125276
TCGA-DD-A3A2-11,0.093686817188169,0,0.803941680573697,0,0.077917956600073,0,0.021747735358133,0.002705810279928,0,0.902110169927582,0.452985692160969,,0.171604773788242
TCGA-CC-A3M9-01,0.056724485083381,0.136140257545407,0,0.394044514400128,0,0.038716672026203,0.373705644517155,0.000668426427726,0,0.367413455094869,0.940262360008478,,0.192864742628788
TCGA-BC-A216-01,0.148379435577777,0.001952236727371,0.584478996291194,0.094597712226866,0.098122947994399,0.023702495474068,0.043201825710645,0.005564349997681,0,0.841247691778864,0.551967365611456,,0.248454620299547
TCGA-ED-A7XP-01,0.117699616308028,0.045727135561636,0.510104588319174,0.065569703787616,0.113419536963394,0.036708721319438,0.110313315923078,0.000457381817636,0,0.700265578000846,0.715918335175139,,0.276846288833058
TCGA-BC-A10T-11,0.089406516107488,0.008721891771386,0.768212042078569,0.047342468057975,0.04242188427048,0.007094871205045,0.03281527322759,0.003985053281467,0,0.825567138649211,0.587012049794224,,0.140550292149354
TCGA-DD-A11A-01,0.135705811715003,0.040162354401045,0.633355922720805,0.079859742113428,0.037818203035277,0.020004083096267,0.04510049683142,0.007993386086756,0,0.819116983227516,0.577055498193401,,0.213686369151324
TCGA-DD-A73B-01,0.126225499839137,0.019649925185273,0.622949753851371,0.063405552228805,0.117445595666125,0.012135663088599,0.036723529546897,0.001464480593794,0,0.801087828333704,0.601093841485487,,0.263321020690535
TCGA-DD-AACA-02,0.133856380449508,0.036371164406623,0.542600963922995,0.076863290208907,0.097736168003739,0.037736911024772,0.074446719215548,0.000388402767908,0,0.742294041384664,0.673106291103403,,0.26796371285987
TCGA-DD-AACA-01,0.172211941385756,0.043451684127309,0.438067270012757,0.101622345346349,0.078447112102101,0.041867145836763,0.123899987847783,0.000432513341182,0,0.681822999881759,0.739651196076498,,0.294110737615166
TCGA-DD-A1EH-01,0.155426997565575,0.018480928624275,0.448438377254034,0.104808901738564,0.128709972151846,0.04414088634169,0.099713811277916,0.0002801250461,0,0.71389252198595,0.712633540958625,,0.302617898341696
TCGA-DD-AA3A-01,0.041633747814907,0.162647874011359,0.049325398539223,0.274810009088434,0.222473636133463,0.111505330202575,0.137604004210038,0,0,0.401833707349646,0.946113861938042,,0.426755257959729
TCGA-DD-A3A6-11,0.11350822651382,0,0.827573455886366,0,0.045918447545822,0,0.011030974425488,0.001968895628504,0,0.904710713857882,0.454785455862989,,0.159426674059642
TCGA-RG-A7D4-01,0.1631023511272,0.040292786242675,0.411885748715145,0.121164508109305,0.055858526313499,0.046689009140935,0.160393931663713,0.000613138687528,0,0.809992106764588,0.641862730009904,,0.259253663683374
TCGA-FV-A2QR-11,0.096723336821224,0,0.664529094739228,0.055759851385743,0.113439177314756,0.005673104278173,0.061780444808666,0.00209499065221,0,0.837698562451657,0.549889794355979,,0.21016251413598
TCGA-DD-A73F-01,0.107430988720586,0.011324505523394,0.68808642070174,0.072677528698311,0.071807151403753,0.015049177777881,0.031529447996899,0.002094779177437,0,0.876834912582048,0.485922854543747,,0.190562645647733
TCGA-WX-AA46-01,0.110302679935507,0,0.732117144075681,0.03264745086848,0.077949519043106,0.006200678597891,0.038453532294271,0.002328995185065,0,0.928442486505188,0.38003892366052,,0.188252198978613
TCGA-K7-AAU7-01,0.18311392295299,0.054861164898757,0.336752420899646,0.143096395340348,0.079386576084705,0.042853736877233,0.158059340963513,0.00187644198281,0,0.667610928885951,0.772584408136889,,0.317361663936452
TCGA-DD-A3A2-01,0.118911966495147,0.034929334542554,0.636356880224997,0.016560807240726,0.125974293033349,0.023564856373629,0.035307216979756,0.008394645109842,0,0.786551793173961,0.62064060345521,,0.27981559407105
TCGA-EP-A26S-01,0.115938734252694,0.050084568217597,0.500597634757682,0.072780109762471,0.13462806238349,0.035557257067018,0.088853439527288,0.00156019403176,0,0.721518035642769,0.69738303190225,,0.300651364853781
TCGA-DD-A1EG-11,0.088779675866556,0.018104903579923,0.783102579788072,0.050008706148392,0.013714004362106,0.000758537309901,0.041160622541965,0.004370970403086,0,0.90724143017182,0.43679194082685,,0.120598583808584
TCGA-FV-A2QQ-01,0.117123665355111,0.028238830523822,0.625423135072334,0.077131187589567,0.046682469110255,0.021248485029149,0.081590008324829,0.002562218994934,0,0.856248718951508,0.523782239397673,,0.192044964989187
TCGA-3K-AAZ8-01,0.11732983983597,0.008203753940617,0.654474050525915,0.070570037273734,0.062653542616288,0.020446284701016,0.065369080824609,0.000953410281852,0,0.834551262828547,0.55468297688877,,0.188187136392874
TCGA-DD-A3A5-01,0.106427221498485,0.056466129310808,0.663083850680721,0.08653969412637,0.036031801296159,0.023861777405976,0.024518557422857,0.003070968258624,0,0.866316559027106,0.504892527831326,,0.198925152105452
TCGA-DD-AADP-01,0.127209446194846,0.014161308174191,0.580018795819038,0.081555123335287,0.109542627252812,0.032128086909992,0.052673060201305,0.00271155211253,0,0.749660080883877,0.663549807816791,,0.250913381621849
TCGA-CC-5259-01,0.070472126559153,0.045417866775114,0.6101521314465,0.110145637116297,0.0963790404467,0.036902647662428,0.027172514172617,0.003358035821192,0,0.813390589875562,0.585788336167732,,0.212269033780967
TCGA-DD-AAD2-01,0.095472898348636,0.043020548152253,0.561664445126364,0.131981225609984,0.04999012331097,0.031701647703846,0.079466684515271,0.006702427232677,0,0.760717094600135,0.652054622563603,,0.188483569811858
TCGA-ES-A2HT-01,0.052136797390725,0.050123552633665,0.702875525980102,0.102980318529311,0.020075240360212,0.031232782604246,0.037397709552867,0.003178072948873,0,0.822443900358496,0.577189244482134,,0.122335590384601
TCGA-CC-A8HU-01,0.136507724872756,0.069847966367315,0.483145122117909,0.101773330446008,0.093540764817365,0.034120187437759,0.080694834790349,0.00037006915054,0,0.782732029463952,0.643684664055897,,0.299896456057435
TCGA-ES-A2HS-01,0.059249616780499,0.005017379972539,0.777708408975941,0.03381212573826,0.080452233095744,0.031375682635168,0.009151832710925,0.003232720090924,0,0.8864102017813,0.479375040634546,,0.144719229848782
TCGA-2Y-A9H0-01,0.116970925941745,0.05884534656883,0.633387770297676,0.094982420983624,0.016047668436162,0.023244033691763,0.053558077458476,0.002963756621724,0,0.829755999438209,0.56218732495514,,0.191863940946737
TCGA-2V-A95S-01,0.10919130617513,0.063044143690962,0.353200516433213,0.15954428732531,0.108110658603571,0.062856857274578,0.141851468985035,0.002200761512201,0,0.65006570859107,0.778703603105807,,0.280346108469663
TCGA-2Y-A9GU-01,0.155709532896021,0.030989317699309,0.579011865768285,0.07713755534765,0.044246195894754,0.059949875456419,0.050781363857129,0.002174293080433,0,0.737571254413463,0.677068555647036,,0.230945046490084
TCGA-RC-A7SB-01,0.101063183066067,0.030436524533387,0.630803595621798,0.053027072223844,0.0820533123942,0.028800181334494,0.072779819846429,0.001036310979782,0,0.7995750158158,0.603582660371708,,0.213553019993653
TCGA-FV-A4ZP-01,0.044040176059682,0.094994596681847,0.461506855829692,0.196831720938323,0.004797401627865,0.055024336157385,0.141784929980623,0.001019982724583,0,0.677648941377008,0.739241192751559,,0.143832174369395
TCGA-DD-AAD3-01,0.131968978584676,0.012136349651374,0.602807228247545,0.062720809430473,0.108047738263701,0.02697814079242,0.051389347771563,0.003951407258248,0,0.793671039046578,0.611293123960054,,0.252153066499751
TCGA-DD-A39X-11,0.055680703515648,0,0.7767485462286,0.009450704207176,0.127261347206854,0.008088353012812,0.018295911095937,0.004474434732973,0,0.8394689740655,0.566062420349231,,0.182942050722502
TCGA-DD-AAW2-01,0.152952333008349,0.035231502538886,0.501358099297776,0.09258079948785,0.085255368119011,0.020297500331882,0.112324397216246,0,0,0.788189669801608,0.632242097092112,,0.273439203666246
TCGA-DD-A39V-01,0.055665620960751,0.066544094149904,0.509574344335829,0.154983638445971,0.018000846337523,0.037454317756132,0.156106315156935,0.001670822856956,0,0.712410867242651,0.704332599203167,,0.140210561448177
TCGA-DD-AADD-01,0.196430705258329,0.047894752018817,0.438718777108236,0.099784600574069,0.055261707946192,0.043917439171333,0.11747897444012,0.000513043482905,0,0.670239360387477,0.74865502684204,,0.299587165223338
TCGA-DD-AADW-01,0.169501453159803,0.02810913015957,0.427016118066129,0.138577768142891,0.101996491370908,0.042349115823379,0.089535189912548,0.002914733364772,0,0.739109948326324,0.698050588625229,,0.299607074690281
TCGA-DD-AACS-01,0.186121394405699,0.038038556108834,0.48305185561828,0.090478885459929,0.08180029723431,0.043844804843498,0.071484346133255,0.005179860196193,0,0.665219876826226,0.748330127313992,,0.305960247748843
TCGA-2Y-A9H4-01,0.078513124740042,0.074750682914116,0.703855962589105,0.080957369247446,0.038910836931259,0.000343343665186,0.020206920897315,0.002461759015531,0,0.879456805205386,0.48140324589172,,0.192174644585417
TCGA-DD-AADV-01,0.126978668153658,0.025639038657841,0.60068033298546,0.071619982697083,0.106195712224624,0.026330604930721,0.041219092730449,0.001336567620164,0,0.775672921107523,0.633300182452201,,0.258813419036123
TCGA-G3-A7M7-01,0.094769413739588,0.044696843134549,0.651047088412583,0.076717415251303,0.072540604674328,0.02951893949714,0.023543858108773,0.007165837181738,0,0.797249512466894,0.607361084409037,,0.212006861548465
TCGA-DD-A4NK-01,0.140732763370576,0,0.668503171218267,0.031868402873101,0.087983340318596,0.014621239596299,0.053088635672894,0.003202446950268,0,0.83110418091795,0.560098707576863,,0.228716103689172
TCGA-ED-A97K-01,0.122573001154457,0.033099114313274,0.292916272220133,0.137956491544905,0.193817160329234,0.054408966435728,0.164475818025312,0.000753175976957,0,0.72031091328343,0.758604366561317,,0.349489275796965
TCGA-T1-A6J8-01,0.086805032316395,0.026182497998978,0.692795447566429,0.067943651222398,0.063456115038594,0.015169503587467,0.046589762071709,0.00105799019803,0,0.87025240890597,0.497796746398265,,0.176443645353967
TCGA-DD-AACV-01,0.13533763602054,0.039742365157716,0.580105999971419,0.111649900228604,0.07213822180263,0.020964335400937,0.038427213338197,0.001634328079957,0,0.764266871966285,0.647151788186884,,0.247218222980886
TCGA-DD-A4NF-01,0.180323297625304,0.068701446948718,0.424093695661141,0.103363698595812,0.061398529336518,0.019769458874238,0.141046456477636,0.001303416480633,0,0.549657157472829,0.835391211386272,,0.31042327391054
TCGA-DD-A3A8-01,0.094310963784481,0.037652879927476,0.60015882756112,0.084803676222861,0.071342063794628,0.017748130337624,0.093062472385573,0.000920985986236,0,0.790614234164544,0.615196539378309,,0.203305907506585
TCGA-G3-A25S-01,0.067407698328777,0.060048861228428,0.543406490400515,0.09774841185083,0.076226578626157,0.05341509716274,0.100558422486946,0.001188439915607,0,0.80593606856024,0.603395774293454,,0.203683138183362
TCGA-DD-A1EL-01,0.133962533470031,0.080193907801114,0.338942616407043,0.142832436566194,0.067848501827892,0.052485185131675,0.183275483806095,0.000459334989956,0,0.638120594574843,0.788104467371122,,0.282004943099037
TCGA-DD-AACH-01,0.13503026730904,0.047022822674144,0.405741017253551,0.168586403688399,0.0735316443292,0.043318946849953,0.12358476713487,0.003184130760843,0,0.666983678825671,0.756295617548854,,0.255584734312384
TCGA-DD-A119-11,0.121795651315266,0.018391551347669,0.651534792101718,0.023195481733652,0.081055704194514,0.019624211126259,0.082598106911357,0.001804501269566,0,0.743907208780798,0.676219053992699,,0.221242906857448
TCGA-WQ-A9G7-01,0.074450720045862,0.112292164739596,0.275978309017058,0.2189437072673,0.092109029236951,0.078728212230215,0.146938153298807,0.000559704164213,0,0.656119924243249,0.799598665945794,,0.278851914022408
TCGA-DD-A4NO-01,0.132632170178901,0,0.653801003876364,0.059737724571563,0.061694911260778,0.009024296360948,0.078587403704757,0.004522490046688,0,0.828355520649452,0.563875792514528,,0.194327081439679
TCGA-G3-A7M9-01,0.123993153583537,0.096119347818308,0.234686636007041,0.235740155571861,0.125306576057695,0.059276742904924,0.124290073174151,0.000587314882483,0,0.741337969429596,0.783377652778983,,0.34541907745954
TCGA-CC-5261-01,0.154840348203362,0.031353592205389,0.320842603207624,0.152382342488673,0.148017931947481,0.054225625957,0.135823773419071,0.0025137825714,0,0.704404826657302,0.757527716833494,,0.334211872356232
TCGA-ZS-A9CG-01,0.155703266064697,0.038153818627391,0.513957815707912,0.094477407511571,0.075087315074546,0.015726612667157,0.10658599618553,0.000307768161197,0,0.6814601745499,0.732780668273708,,0.268944399766634
TCGA-CC-A123-01,0.106358390933937,0.037087642457271,0.613584028343464,0.087145372720623,0.053551792937066,0.056416197918487,0.043506401185613,0.002350173503539,0,0.801124783991754,0.601801784652005,,0.196997826328274
TCGA-5R-AA1D-01,0.114061732494651,0.020743163357261,0.510488758694091,0.071201058468724,0.145035332249361,0.016052530545847,0.119262010387353,0.003155413802713,0,0.648663632207011,0.761787000871838,,0.279840228101273
TCGA-BC-A69H-01,0.04672148295122,0.083427484461774,0.442586859568649,0.175963131085452,0.075630584400907,0.054009952402083,0.119988401107794,0.001672104022122,0,0.61106246598604,0.792335980543941,,0.205779551813901
TCGA-DD-AAVZ-01,0.128888301161502,0.005178117939515,0.585512612288969,0.058765648413947,0.106161383870532,0.023617898284053,0.082554071674534,0.009321966366948,0,0.812477637141848,0.588727514461593,,0.240227802971549
TCGA-DD-AAD0-01,0.125417124868663,0.049226430129332,0.444697964006237,0.145986891357553,0.080374223546155,0.037123068841593,0.117174297250466,0,0,0.687911634154158,0.73382402840193,,0.25501777854415
TCGA-EP-A2KA-01,0.094952187890241,0.06457834954868,0.428944469250261,0.187986155390018,0.09913823396862,0.05567205847146,0.062022825503725,0.006705719976996,0,0.613317068958921,0.791776226394582,,0.25866877140754
TCGA-2Y-A9HA-01,0.131566804953591,0.021888827721653,0.567123673102681,0.091070575859589,0.0691800572282,0.021163754943123,0.097493982339122,0.000512323852041,0,0.771539582616108,0.639516079120116,,0.222635689903444
TCGA-DD-AACD-01,0.104398901074663,0.07217418886075,0.544680054794901,0.114474801201894,0.018888628551417,0.024057707689697,0.118815206612224,0.002510511214453,0,0.614997674913388,0.794357200458617,,0.195461718486831
TCGA-DD-AAE7-01,0.076353108451473,0.007250894010724,0.677576290746264,0.047293178386887,0.103671040513798,0.024269839552991,0.060105353109224,0.003480295228638,0,0.745143744149532,0.679506004835692,,0.187275042975995
TCGA-EP-A3RK-11,0.086430543301205,0,0.786024495667119,0.027256535668156,0.056659017094541,0.003252225919591,0.034750298295155,0.005626884054233,0,0.907871863263079,0.436058232126623,,0.143089560395746
TCGA-BC-A8YO-01,0.174400155461384,0.036775125858737,0.402253776081771,0.101850631266506,0.120775794424309,0.022165078396401,0.138225111050221,0.003554327460673,0,0.669706634649532,0.754878307555974,,0.33195107574443
TCGA-DD-AAE2-01,0.109639196535978,0.013514547227751,0.651130829614641,0.076441196576759,0.083407354155266,0.021562426538454,0.042709371876103,0.001595077475049,0,0.857023995198149,0.520311355972514,,0.206561097918994
TCGA-DD-AAEG-01,0.119002972847594,0.045049100781809,0.601016126856887,0.083274285308109,0.046531329921377,0.024995656586607,0.075801519435726,0.00432900826189,0,0.801908367520167,0.601114370323082,,0.21058340355078
TCGA-XR-A8TF-01,0.149612697420482,0.001985439659103,0.633261575892517,0.045172098995313,0.101447973830315,0.013750987433062,0.054422573286025,0.000346653483183,0,0.833433841058035,0.556627638273312,,0.2530461109099
TCGA-CC-A5UC-01,0.127902697879584,0.032843585154098,0.539050691006218,0.10540904052808,0.056034369548557,0.043659911759195,0.092141760192655,0.002957943931613,0,0.787029135673944,0.625653986345071,,0.216780652582239
TCGA-KR-A7K0-01,0.152910888642154,0.027652847794528,0.47260344288252,0.085878532180506,0.049555492061979,0.027105402629018,0.182650942598287,0.001642451211008,0,0.791700586341535,0.633808873444832,,0.230119228498661
TCGA-CC-5263-01,0.158294707325747,0.06564001311031,0.277049829377792,0.184263781445197,0.101216791954615,0.061301847312947,0.148692608461689,0.003540421011704,0,0.608747500750563,0.822356603820533,,0.325151512390672
TCGA-K7-A5RG-01,0.126797910366857,0.045441712859157,0.490436400535044,0.1084165858605,0.108293445095611,0.024817038141713,0.095477143129105,0.000319764012013,0,0.822029746733206,0.601101642001433,,0.280533068321625
TCGA-G3-AAV4-01,0.120985167211588,0.029808363862992,0.428313273950018,0.115178986132051,0.145624921010845,0.034630204312927,0.125187951743311,0.000271131776268,0,0.651959432473051,0.763499401886048,,0.296418452085425
TCGA-ED-A627-01,0.117305254050165,0,0.572974345115896,0.087769384925846,0.109101999303941,0.011457513568027,0.10035997090758,0.001031532128545,0,0.823779200014141,0.576055782694883,,0.226407253354106
TCGA-2Y-A9GZ-01,0.126541845168101,0.022657759632094,0.644670745313112,0.018987785461888,0.127732544146852,0.026875593620946,0.030141193964384,0.002392532692623,0,0.821778182079101,0.573063672486892,,0.276932148947047
TCGA-DD-AACX-01,0.102752967117874,0.05739243098578,0.346955969700861,0.129955600552357,0.12793124453589,0.028848880398717,0.204893101179765,0.001269805528755,0,0.626047263358192,0.792563875971356,,0.288076642639544
TCGA-DD-AAVR-01,0.11162995633154,0.016030365998071,0.639554089600106,0.065789887214107,0.078485526120284,0.015458628136218,0.072960523100298,9.10234993761579E-05,0,0.826145395925376,0.56693471809166,,0.206145848449895
TCGA-G3-A25T-01,0.064122438758099,0.152888014013552,0.249530084232152,0.194287197126483,0.11804880556962,0.06535126640452,0.1554102516134,0.000361942282174,0,0.632862886410737,0.820203641839111,,0.335059258341271
TCGA-MR-A8JO-01,0.121409145397867,0.040157178834317,0.430203809199423,0.136697968966778,0.090074990089787,0.025895308133828,0.154062330774367,0.001499268603633,0,0.672953429986089,0.746875568346602,,0.251641314321971
TCGA-DD-AAEK-01,0.150582429780172,0.002934868979615,0.572380265555476,0.053535670400669,0.088052413056949,0.024000688269997,0.108053495043874,0.000460168913249,0,0.824574586075436,0.575246663722876,,0.241569711816736
TCGA-DD-A1EE-01,0.171950626985379,0.036462358467721,0.403215047159297,0.10796859618672,0.083997044252464,0.037343325792123,0.158300276335719,0.000762724820577,0,0.655649005703284,0.764100484861058,,0.292410029705564
TCGA-DD-AACL-01,0.078975904389736,0.060489348718488,0.297039307032916,0.160100136121509,0.127173716312473,0.052582150325539,0.222714657197052,0.000924779902288,0,0.727305733136981,0.746945247949897,,0.266638969420697
TCGA-KR-A7K8-01,0.112676345939386,0.007964613409713,0.567961079318888,0.093040090919241,0.068749597361148,0.02289574493293,0.12075269603092,0.005959832087774,0,0.89026207260607,0.484815171878791,,0.189390556710247
TCGA-FV-A3I0-01,0.004636146563966,0.157746637965794,0.012083198562862,0.358633967710783,0.145759923722694,0.102282576343136,0.218732801060248,0.000124748070517,0,0.233414827518182,0.97555509214478,,0.308142708252454
TCGA-DD-A11B-11,0.101976918947819,0.013993626419559,0.725242583866016,0.039206492513148,0.082964337701057,0.008748272415738,0.023686646418425,0.004181121718238,0,0.895022295148811,0.452881113105956,,0.198934883068435
TCGA-DD-AADA-01,0.108144703928956,0,0.683479842206298,0.053810501518502,0.105968554267555,0.010224975945241,0.037914961972097,0.000456460161351,0,0.860233711794091,0.514271077463315,,0.214113258196511
TCGA-G3-A5SM-01,0.100120490559154,0.014849359652627,0.622930629317062,0.076021105387606,0.107526552082616,0.02113620318021,0.054385386704755,0.003030273115969,0,0.822922861642274,0.571998810134151,,0.222496402294397
TCGA-G3-A3CH-01,0.12667297550527,0,0.66552857084364,0.04535188799654,0.10183728029804,0.011737279584164,0.048070807177245,0.0008011985951,0,0.887808586765798,0.467451156971981,,0.22851025580331
TCGA-G3-AAUZ-01,0.073044981472396,0.03728100754964,0.767209491654275,0.03659225331706,0.055258934034874,0.004872111197507,0.022981877826066,0.002759342948182,0,0.909596443645795,0.427371634187571,,0.16558492305691
TCGA-DD-AAVV-01,0.103794470922111,0.030083881089551,0.533628696322387,0.132129498380996,0.043754527901789,0.041749509155607,0.108688873223194,0.006170543004365,0,0.746992559134648,0.668644088269388,,0.177632879913451
TCGA-DD-A4NP-01,0.096572783349124,0.02729364541384,0.55776917555486,0.081942052793944,0.096391062417316,0.018410105581568,0.11957970164933,0.002041473240017,0,0.683675949171382,0.731886900500911,,0.22025749118028
TCGA-ED-A66Y-01,0.149849336308926,0.03213672561201,0.441518681980017,0.132484466488396,0.101594630263629,0.041782870731074,0.089446416743311,0.011186871872639,0,0.61646747522117,0.788442179423922,,0.283580692184565
TCGA-LG-A6GG-01,0.083467222130483,0,0.638165339242512,0.049194636978749,0.146801910839726,0.027064158923002,0.050409321820725,0.004897410064804,0,0.813952495349069,0.58408303843656,,0.230269132970209
TCGA-DD-AAE4-01,0.088457450492924,0.038138069532197,0.784594079163561,0.024400527995104,0.027951492282184,0.005717227294184,0.027384031664866,0.00335712157498,0,0.859571097076345,0.53297732844116,,0.154547012307304
TCGA-HP-A5MZ-01,0.088180157252066,0.005759327499273,0.628551799319052,0.065125034849103,0.086070633454195,0.007533788063851,0.116590139692345,0.002189119870116,0,0.828328188134477,0.564125687141737,,0.180010118205533
TCGA-G3-A5SI-01,0.124352997931325,0.010128716119853,0.638786700776359,0.074999389902915,0.085861666711914,0.0306384009572,0.034074187598016,0.001157940002418,0,0.824239358377166,0.569632286234949,,0.220343380763092
TCGA-DD-A1EI-01,0.113982059710336,0.037107135270352,0.568681958479081,0.093587411231196,0.091685950756343,0.043403532493538,0.049793851343736,0.001758100715417,0,0.858918591015315,0.532306254377599,,0.242775145737031
TCGA-G3-AAV1-01,0.13687272463318,0.021406065590979,0.535261675159022,0.085329834906867,0.087945846690855,0.029069312311268,0.103657757459648,0.00045678324818,0,0.744946809694802,0.670725710784636,,0.246224636915015
TCGA-DD-A113-01,0.143688618441577,0.050553109549548,0.503013967179229,0.110013879461076,0.05367860526635,0.042397204175562,0.096523182923308,0.00013143300335,0,0.714393811778894,0.703670993838509,,0.247920333257475
TCGA-BC-A10Y-11,0.134592298577073,0.020329564453,0.656822475239195,0.038316576926497,0.084364830690881,0.015025352315758,0.048224537345541,0.002324364452056,0,0.827033190662365,0.565658934798162,,0.239286693720954
TCGA-DD-AACB-01,0.109345339271191,0.059259165853877,0.395939815330189,0.16894683055552,0.040106341193754,0.050283509580327,0.175284226166378,0.000834772048766,0,0.732584055552852,0.70887073041816,,0.208710846318821
TCGA-CC-A9FS-01,0.127547159141592,0.025111127528699,0.662686824805655,0.079972696751679,0.050447930186818,0.015892798815016,0.037877672053432,0.00046379071711,0,0.866464740251739,0.50444282816165,,0.20310621685711
TCGA-BC-A5W4-01,0.101571422869902,0.070036348196143,0.53564912934825,0.13407511674191,0.069840479261312,0.027925223290079,0.060902280292405,0,0,0.718279683438377,0.697614999057436,,0.241448250327357
TCGA-2Y-A9H5-01,0.124333940192147,0.010152804662303,0.550896002980122,0.092604893603999,0.104906782496243,0.028881737721719,0.087543497021723,0.000680341321744,0,0.761981316922765,0.651456098469601,,0.239393527350693
TCGA-BW-A5NO-01,0.105642549327471,0.016623088404526,0.6672445177405,0.079543357230684,0.076060849299434,0.020750473438191,0.032824637736806,0.001310526822389,0,0.881358409022009,0.478868392408512,,0.198326487031431
TCGA-CC-A7IE-01,0.115705387173648,0.053047138733086,0.457614605161994,0.120555947413868,0.072966012410461,0.050919020233195,0.128792880450658,0.000399008423089,0,0.700533236626544,0.721194092394049,,0.241718538317195
TCGA-KR-A7K2-01,0.117484672393045,0.025993505549033,0.615114122964305,0.115187789992024,0.040612599311288,0.026591672353599,0.056461326990691,0.002554310446016,0,0.809995788876695,0.58987443299466,,0.184090777253366
TCGA-DD-AADM-01,0.085613683412027,0.060298925170787,0.664322151317217,0.096314198823236,0.017161818066067,0.020826993377658,0.052635632406749,0.002826597426259,0,0.852052700410313,0.528009548141583,,0.16307442664888
TCGA-CC-5258-01,0.168858663825165,0.031666855969776,0.432597072782943,0.110946063479437,0.081183028532877,0.070000424002722,0.10432389945903,0.00042399194805,0,0.681631426715954,0.741015095933172,,0.281708548327818
TCGA-BW-A5NQ-01,0.127735281474403,0.077023735962874,0.350347016856723,0.134191787235086,0.079661554194808,0.032524256260152,0.198139183009257,0.000377185006697,0,0.760988812678106,0.705027597997815,,0.284420571632085
TCGA-2Y-A9GX-01,0.141771209892799,0.003189078572312,0.53704076681316,0.057100430652782,0.11527981114553,0.01538670676381,0.125545886016732,0.004686110142876,0,0.813018206079407,0.595678691239463,,0.260240099610641
TCGA-LG-A9QC-01,0.124749520199672,0.052162811302034,0.398342989975418,0.104010674274522,0.140288220631433,0.046260620955497,0.132894849674744,0.001290312986679,0,0.620993881771969,0.789107560861112,,0.317200552133139
TCGA-FV-A3I1-11,0.078210573987662,0.004456306591848,0.730468448670641,0.016315021107511,0.120859790661333,0.01020204568046,0.035089780572658,0.004398032727888,0,0.876790766842689,0.489009425049802,,0.203526671240843
TCGA-DD-A11C-01,0.125508764517575,0.005030012742264,0.6227199990036,0.064271657607845,0.089367642938461,0.032383148190054,0.057708564334198,0.003010210666003,0,0.79196240257018,0.613245199054696,,0.2199064201983
TCGA-BC-A10Q-01,0.071703888342315,0.210038044195217,0.010057428341049,0.264849602532995,0.111290188382225,0.092187814047102,0.239873034159097,0,0,0.379661603972868,0.946913818233139,,0.393032120919757
TCGA-4R-AA8I-01,0.122998780165126,0.028549210707405,0.598267979675782,0.089859035468452,0.055036866596359,0.039029628803371,0.065740935768745,0.00051756281476,0,0.878008514661665,0.496305154619147,,0.20658485746889
TCGA-FV-A4ZQ-01,0.167007047600672,0.05192066069008,0.309144372679395,0.138680804186409,0.060115045730871,0.061454289467402,0.210953132709523,0.000724646935648,0,0.78846043964781,0.705980770084129,,0.279042754021622
TCGA-BC-4073-01,0.121891369208368,0.040398365953419,0.330815021451016,0.148988144781773,0.096362710660924,0.053076758738818,0.195039684589487,0.013427944616194,0,0.633264785213998,0.790971219629226,,0.258652445822712
TCGA-DD-AADQ-01,0.05389193680156,0.0618023523534,0.514309211190178,0.182883992090515,0.06490939313197,0.060955221661167,0.05669150379025,0.004556388980961,0,0.679608175495272,0.734645833805831,,0.18060368228693
TCGA-DD-A1EA-01,0.136639805971978,0.045895179274143,0.384233826423419,0.146353044013066,0.097996967802261,0.026841157499579,0.160510443282068,0.001529575733486,0,0.696722048298975,0.739455992151892,,0.280531953048382
TCGA-WQ-AB4B-01,0.091318172341801,0.039364001720775,0.610568666996378,0.106502352817284,0.074925307554079,0.026943386061229,0.048236915992859,0.002141196515596,0,0.768186396728824,0.642422057206921,,0.205607481616654
TCGA-RC-A7SH-01,0.073548396003516,0.077845053735828,0.408046672203881,0.146528870532552,0.118895030429642,0.095412336172012,0.076934816168604,0.002788824753966,0,0.698591637173857,0.733856925824245,,0.270288480168986
TCGA-BC-A10T-01,0.138435019910056,0.02830170067595,0.615706571130286,0.061946419094732,0.079326575041443,0.014777353067727,0.059755708831723,0.001750652248084,0,0.792378947892957,0.6125458755296,,0.246063295627448
TCGA-DD-A11A-11,0.084829606783653,0.012970961743005,0.552734258064174,0.123748195433831,0.128911227182358,0.042024482150293,0.051802495506164,0.002978773136523,0,0.708078548393383,0.707245311860149,,0.226711795709016
TCGA-DD-A39W-01,0.147610881035075,0.031906498359491,0.335585940917222,0.155450901454982,0.163363282265945,0.052177878073672,0.112825018066204,0.001079599827409,0,0.505618924216179,0.864203382707222,,0.342880661660511
TCGA-RC-A6M5-01,0.114058486553625,0.022044369057724,0.549340904224286,0.073237081484714,0.145844923163999,0.026276905724819,0.06059727729389,0.008600052496943,0,0.718055214891862,0.697303300910318,,0.281947778775348
TCGA-UB-A7MD-01,0.112203161846463,0.027733742565985,0.539551813402126,0.094404814933624,0.051012007184573,0.016629675084818,0.158193626034315,0.000271158948096,0,0.801127303603124,0.60838231635577,,0.190948911597021
TCGA-2Y-A9H6-01,0.12540883867242,0,0.646051524654922,0.060469514681475,0.106045811352055,0.02272810240347,0.0383864367607,0.000909771474958,0,0.824844851252755,0.568585836298039,,0.231454650024475
TCGA-5C-A9VG-01,0.144853092697277,0.068721166057666,0.407728708931514,0.149761860018372,0.068572024332921,0.087197170756632,0.072376759220781,0.000789217984835,0,0.611963186981093,0.794856764394705,,0.282146283087864
TCGA-CC-5264-01,0.141785392439048,0.082792888161245,0.420322017135792,0.155015811327045,0.056662416623102,0.032179875624367,0.109521377542111,0.001720221147289,0,0.756171012738144,0.68611407090898,,0.281240697223395
TCGA-DD-A4NS-01,0.139359213368473,0,0.526922724559414,0.074588428302726,0.11665368837776,0.01489335206829,0.127357138293952,0.000225455029385,0,0.829122432158473,0.579710234585851,,0.256012901746233
TCGA-QA-A7B7-01,0.131180691240784,0.019684854190761,0.575055334629448,0.091591746602246,0.10114799526055,0.042999033761145,0.03400458035335,0.004335763961716,0,0.748138314633336,0.665356219830204,,0.252013540692095
TCGA-DD-AAEB-01,0.127987389826224,0.000989930085561,0.696094679758311,0.022243626082224,0.07350871070774,0.008884731962025,0.068058192647004,0.00223273893091,0,0.868345221503537,0.501409804551664,,0.202486030619525
TCGA-DD-A3A6-01,0,0.193164851842678,0,0.444335536395318,0.082709617157877,0.031355534715331,0.248434459888796,0,0,0.196111543632369,0.982878365433093,,0.275874469000555
TCGA-UB-A7MF-01,0.114341364164328,0.037251930533805,0.541818445428334,0.122669615170049,0.049800758321075,0.031288132052309,0.099208631113488,0.00362112321661,0,0.807771696685474,0.601477705502619,,0.201394053019209
TCGA-DD-AACW-01,0.118964372021963,0.033848989348639,0.57233267762838,0.077917145132955,0.099393247149081,0.030570709915024,0.066224839487046,0.000748019316912,0,0.782034201809105,0.627325292122323,,0.252206608519683
TCGA-G3-A7M6-01,0.134362979436288,0.058503178530547,0.316842913789308,0.175125452129305,0.136125575118642,0.058170694199514,0.118206921368258,0.002662285428137,0,0.753092954493938,0.732103087369761,,0.328991733085477
TCGA-GJ-A6C0-01,0.080343233331595,0.007864074873028,0.543867630325717,0.092116920099521,0.11569455145525,0.030689611247242,0.128797668554087,0.000626310113561,0,0.793071390853254,0.617303954103324,,0.203901859659873
TCGA-DD-A3A3-01,0.040656860210649,0.060695391659893,0.557889588633812,0.09778209279175,0.047690450994648,0.057348327395834,0.135736843241483,0.002200445071932,0,0.74180120659624,0.672962521177367,,0.14904270286519
TCGA-DD-A116-11,0.08931652168306,0,0.773111021310734,0,0.106176522422537,0.000957513275709,0.02811399236372,0.00232442894424,0,0.892516344443042,0.46520889173189,,0.195493044105596
TCGA-WX-AA44-01,0.10502348585291,0.03777048370641,0.430868967716234,0.151147184777349,0.083846957901443,0.045238428471035,0.144909854453769,0.001194637120852,0,0.810644472686273,0.633145819240925,,0.226640927460762
TCGA-MR-A520-01,0.107511864599745,0.011990833983644,0.688575772747917,0.042525159156045,0.094428663230939,0.022170319970131,0.031709329645595,0.001088056665984,0,0.835726514746316,0.55420675476991,,0.213931361814328
TCGA-EP-A12J-11,0.100109783762789,0.012971270697433,0.704234874750206,0.037609901898538,0.094158928654242,0.009066688258318,0.038471348881098,0.003377203097375,0,0.906987422741508,0.428172485735648,,0.207239983114464
TCGA-DD-AADK-01,0.074930795327346,0.050774643675921,0.618002499920542,0.0793629586803,0.069393673822148,0.052390854041187,0.053169084156531,0.001975490376026,0,0.814522830114577,0.584071958746081,,0.195099112825414
TCGA-DD-A73D-01,0.151400750992776,0.013157612833015,0.482349814051157,0.099263772611949,0.119870074532526,0.044477587652438,0.089158177290487,0.000322210035653,0,0.722574253378489,0.699033419976373,,0.284428438358317
TCGA-BW-A5NP-01,0.10473549854774,0.050669010738442,0.400975420666842,0.115180613663337,0.171308416459155,0.057632499144518,0.099290471766233,0.000208069013733,0,0.691823485833791,0.740569794782184,,0.326712925745337
TCGA-DD-A4NN-01,0.100966538799949,0.049034028597381,0.443894059179441,0.145532241946816,0.102148715928793,0.042653874974067,0.115222300107632,0.000548240465921,0,0.653561514950035,0.760544139866313,,0.252149283326123
TCGA-ZP-A9CZ-01,0.152734395990715,0.025760908712588,0.563297888640769,0.107409277400731,0.031818342870961,0.029102352414376,0.083126281190296,0.006750552779565,0,0.794627300274208,0.613373066060631,,0.210313647574263
TCGA-CC-A8HS-01,0.139925845380806,0.043161504695015,0.406232349822652,0.145841738526748,0.110358827208202,0.080756763508495,0.071020498378817,0.002702472479266,0,0.751890559307454,0.695320115121461,,0.293446177284023
TCGA-G3-A6UC-01,0.173870391378238,0,0.615729547401401,0.041287877242446,0.098842749563118,0.016011263760172,0.054025708584385,0.000232462070241,0,0.825405044653397,0.569081768031015,,0.272713140941356
TCGA-CC-A7IH-01,0.131522341308759,0.018602095719268,0.566670497931246,0.085809320488872,0.095329982605876,0.028054377563642,0.073209032782139,0.000802351600199,0,0.75955809257723,0.65303720007409,,0.245454419633903
TCGA-BC-A69I-01,0.124262589066233,0,0.647693707433949,0.061468443899737,0.060051514755569,0.011881550082411,0.092514948612958,0.002127246149143,0,0.804722181944517,0.597270994976323,,0.184314103821802
TCGA-K7-A6G5-01,0.085349115688049,0.017613833782248,0.654399513440923,0.081489138179541,0.069917828170359,0.031128341882746,0.058331628023041,0.001770600833094,0,0.857476458794067,0.519598486495924,,0.172880777640656
TCGA-BC-A10U-01,0.131799033555142,0.016006917976502,0.46889194799766,0.085761388502316,0.118443762258663,0.049508639169361,0.12776077830675,0.001827532233606,0,0.773705708563931,0.654194560834985,,0.266249713790307
TCGA-DD-A4NG-01,0.147740757330708,0.023833627330607,0.504886176169242,0.069004752040827,0.101213440984891,0.020473820419645,0.129253233751686,0.003594191972395,0,0.75662147192265,0.662488023456588,,0.272787825646206
TCGA-BD-A2L6-11,0.105767336480258,0,0.640944405296303,0.043413854041961,0.123210071331335,0,0.085090728021109,0.001573604829034,0,0.843588421073855,0.541216763772369,,0.228977407811593
TCGA-UB-A7MC-01,0.204293876202801,0.045879558141502,0.387614391839337,0.134520575561948,0.069005042499143,0.023848535191222,0.133319660259572,0.001518360304475,0,0.597101021612107,0.806263891691332,,0.319178476843446
TCGA-UB-AA0U-01,0.150550055850807,0.003885830186563,0.575381824161606,0.053719449791589,0.10115124426927,0.039035650132539,0.074524828574563,0.001751117033062,0,0.837798952519026,0.558201022044181,,0.25558713030664
TCGA-DD-A4NB-01,0.165091053346762,0.024584760427006,0.525129191086549,0.065132155760218,0.100715310262465,0.013516973014215,0.100809068176963,0.005021487925822,0,0.691444254314836,0.723409329781206,,0.290391124036233
TCGA-ED-A8O6-01,0.116513805769007,0.029488365971236,0.490750405474423,0.124411756837404,0.073606871859316,0.054093539650739,0.110612592976965,0.000522661460909,0,0.782700853404683,0.64020659848953,,0.219609043599559
TCGA-DD-AACQ-01,0.115734980138943,0.032658618717641,0.530521124453218,0.084005654562526,0.090036637287772,0.049456109347153,0.096187382910233,0.001399492582514,0,0.80037521842063,0.612486226670034,,0.238430236144356
TCGA-G3-AAV6-01,0.092651526670081,0.073371594990188,0.485959317709552,0.129175717109772,0.073919655837812,0.06731272906669,0.0771405127786,0.000468945837306,0,0.686226208525314,0.730456425475696,,0.23994277749808
TCGA-DD-A3A4-01,0.066956179044645,0.085646633368228,0.573809487282732,0.12068537433827,0.095123751036173,0.023313766145608,0.03070319552052,0.003761613263824,0,0.693226067243709,0.722692424167065,,0.247726563449045
TCGA-DD-A1EK-01,0.057785903037968,0.017179302013058,0.589913500142356,0.092525917907287,0.109633148834132,0.035472380133475,0.09579948181932,0.001690366112404,0,0.774702230454381,0.634854957785171,,0.184598353885157
TCGA-DD-A114-11,0.09989925614871,0.007317601640294,0.710682833990348,0.052615590827787,0.082366021251879,0.005911295778296,0.037856728001805,0.00335067236088,0,0.897972905998206,0.446345018744275,,0.189582879040884
TCGA-FV-A3R2-01,0.117296343882157,0.030820832158832,0.579898655853856,0.086956236937453,0.089795605402731,0.031912542732208,0.061231174189589,0.002088608843175,0,0.840142526995379,0.554375941609582,,0.237912781443719
TCGA-DD-A39Z-11,0.074789445749859,0,0.780325092346374,0.022328547731697,0.096136175147154,0.004752217982281,0.019007470963903,0.002661050078732,0,0.789686142628955,0.646663864861282,,0.170925620897013
TCGA-BC-A10Z-01,0.154047309076509,0.028741646996523,0.602548876273485,0.058711381055917,0.066628484507236,0.034895069692084,0.050134572663134,0.004292659735112,0,0.769465101218905,0.640895796598487,,0.249417440580268
TCGA-WJ-A86L-01,0.110530946760982,0.025980615112632,0.590566891631027,0.084400797409277,0.093065101157328,0.043954811636819,0.048721760712245,0.00277907557969,0,0.878618784033028,0.497697657346422,,0.229576663030942
TCGA-G3-A25Y-01,0.097224841457441,0.022451209126788,0.454879741718844,0.125653662131994,0.135809858889075,0.03714393337997,0.125616656901008,0.001220096394881,0,0.708906917301713,0.714600426823188,,0.255485909473304
TCGA-ED-A82E-01,0.069450812975451,0.189069910305034,0.007926453035133,0.284669718966314,0.187896117771537,0.073191777576729,0.187795209369803,0,0,0.243912779241997,0.97536281713829,,0.446416841052022
TCGA-DD-AACU-01,0.11323492403101,0.037236819077113,0.560638051262733,0.097676663079257,0.065846636976492,0.02570619819655,0.099227949995489,0.000432757381355,0,0.841864446681717,0.555812514778398,,0.216318380084615
TCGA-DD-A4NJ-01,0.152157728467622,0.026945823912824,0.490509027237424,0.082117622822987,0.092629180081923,0.042318519430259,0.112983841201531,0.00033825684543,0,0.805295482115562,0.617665274607674,,0.271732732462369
TCGA-2Y-A9H1-01,0.086516459169489,0.04608159195698,0.698640713592906,0.048730992452807,0.013487509040577,0.030268156858837,0.072681257179283,0.003593319749123,0,0.832802207002472,0.561303667116952,,0.146085560167045
TCGA-BC-A10X-11,0.092803615582448,0,0.725345685371292,0.0224490835974,0.10748976964597,0.008859878869196,0.036982785849692,0.006069181084003,0,0.872160546906062,0.497014024360521,,0.200293385228418
TCGA-FV-A496-01,0.094890116062185,0.006472962884715,0.623879471665035,0.062687326818229,0.128395596613707,0.040001212928906,0.041569356055971,0.002103956971252,0,0.805988387316781,0.594931251858559,,0.229758675560607
TCGA-DD-A4ND-01,0.16976946994923,0.007047488764399,0.525519141662394,0.096543517813076,0.085765669751315,0.032871567128464,0.079593364839501,0.00288978009162,0,0.749438708693484,0.667402614777249,,0.262582628464944
TCGA-DD-A11D-11,0.103782252179454,0.013223071594055,0.711568128960044,0.034373511537008,0.078463069755511,0.008127524851583,0.046333756502425,0.00412868461992,0,0.879884647791326,0.481429749940112,,0.19546839352902
TCGA-DD-A1EF-01,0.19807923642849,0.032772572783017,0.436849315026177,0.125053193925247,0.062142025493301,0.036435286185628,0.108182606854893,0.000485763303247,0,0.744657414505184,0.690328684134339,,0.292993834704808
TCGA-DD-A118-11,0.097317829805021,0.005010581225724,0.767861937648779,0.018608305774163,0.058037181214569,0.013843724387239,0.034817689483689,0.004502750460819,0,0.892231842486739,0.465498486229291,,0.160365592245313
TCGA-DD-AAEH-01,0.112362912998884,0.004230315039688,0.703638953092258,0.052251590310071,0.069989319512221,0.002348636208886,0.05256484991995,0.002613422918041,0,0.892810603175968,0.456424654798325,,0.186582547550793
TCGA-2Y-A9H2-01,0.148998494506714,0.112507480939799,0.251841627311518,0.144739101915972,0.146500956388204,0.047811268955116,0.147122739972988,0.000478330009689,0,0.637743558607552,0.818708583083636,,0.408006931834717
TCGA-2Y-A9GW-01,0.084879471212214,0.015471029852824,0.581738686394344,0.089048536429826,0.094777320666363,0.024738906999435,0.108752745438247,0.000593303006746,0,0.771219077075791,0.639078179145074,,0.195127821731402
TCGA-ZS-A9CE-01,0.102088292631594,0.000552214714699,0.68266185780597,0.032406510059886,0.120482650352497,0.027526226504616,0.03265548872119,0.001626759209549,0,0.802665588743878,0.6027743459433,,0.22312315769879
TCGA-DD-A4NQ-01,0.130133796121571,0.051549725995763,0.465675697737744,0.122900794682325,0.054187097323643,0.038448581025007,0.133415819257251,0.003688487856696,0,0.747248131644262,0.679095954014957,,0.235870619440976
TCGA-5C-AAPD-01,0.099576514093357,0.08045212942762,0.421848375459641,0.16153045818901,0.039292403286097,0.055732717844356,0.140414588335661,0.001152813364258,0,0.581049649322652,0.814245716246168,,0.219321046807074
TCGA-DD-AAVW-01,0.10423919646639,0.01325785137326,0.596319294548063,0.046469425737633,0.140905379135426,0.033044418942567,0.06554571154107,0.000218722255592,0,0.774724258426815,0.634594442253448,,0.258402426975076
TCGA-EP-A2KC-01,0.09501384807927,0.028260086211697,0.541755847246644,0.072116493757347,0.104108294583708,0.036468600681095,0.120027427504351,0.002249401935888,0,0.771683698857499,0.641625883016523,,0.227382228874675
TCGA-MI-A75E-01,0.085563626497197,0.041013461951826,0.638885276950897,0.091761473816052,0.066813446664878,0.017636547139487,0.055758204981142,0.002567961998521,0,0.828069096944804,0.564263441934682,,0.193390535113901
TCGA-DD-A116-01,0.096071070278364,0.021821919234793,0.59878775302412,0.106000041876159,0.048017303389121,0.025215079983441,0.10351298001161,0.000573852202391,0,0.832609649085018,0.560721139218841,,0.165910292902279
TCGA-GJ-A9DB-01,0.134905028042807,0.013738517238529,0.567414123627221,0.083211492215098,0.099447745284949,0.026028301519099,0.073333762899428,0.001921029172871,0,0.760978658076255,0.651398151854178,,0.248091290566284
TCGA-CC-A7IL-01,0.0877927554672,0.022745916291751,0.63774586943153,0.078689653948492,0.06965956083659,0.034875321481614,0.068070484133151,0.000420438409673,0,0.828010589286273,0.564545080839034,,0.180198232595541
TCGA-DD-AACC-01,0.086731170729715,0.014237731649104,0.565500929568161,0.136198099606745,0.093615148098455,0.028023353156862,0.074972489958511,0.000721077232448,0,0.767361530477245,0.644357562468378,,0.194584050477273
TCGA-FV-A3R3-01,0.103082471342135,0.018277004251903,0.531117466886471,0.077718049289787,0.117933453165747,0.028726210195133,0.114065392863737,0.009079952005089,0,0.689272844655068,0.725616378874326,,0.239292928759785
TCGA-HP-A5N0-01,0.111617904862169,0,0.697868693320097,0.043116155141918,0.092033538456396,0.015050855665589,0.039157015950188,0.001155836603642,0,0.890628839912664,0.460590211104998,,0.203651443318565
TCGA-K7-A5RF-01,0.094820951000558,0.025948988816162,0.728218239197553,0.043413720619498,0.062311621352119,0.004459805878852,0.037039898584577,0.003786774550682,0,0.919261522234486,0.401613635426848,,0.183081561168839
TCGA-ED-A7PZ-01,0.080419656944244,0.058662190456992,0.467714816884301,0.146134462959349,0.065460842752556,0.068656112382382,0.112477227705302,0.000474689914875,0,0.735990245478933,0.68918971409928,,0.204542690153791
TCGA-YA-A8S7-01,0.105216055861791,0.059047875581542,0.246450285970891,0.162876125868412,0.065560850733816,0.037937649657449,0.322088475844533,0.000822680481566,0,0.621570341779151,0.812475250412126,,0.229824782177148
TCGA-DD-A39X-01,0.058873807204832,0.046151159665938,0.625160040166475,0.093822485761126,0.063956640532143,0.037508410334417,0.074409494209271,0.000117962125798,0,0.809512314555073,0.590449760565479,,0.168981607402913
TCGA-DD-AACF-01,0.096877494013227,0.008577558767184,0.670484442628871,0.069989207844588,0.086166357932941,0.024000189536688,0.041143302783982,0.002761446492519,0,0.83847187309128,0.549026829253758,,0.191621410713352
TCGA-DD-A1EC-01,0.11033418604481,0.069210323703611,0.269435895264217,0.176867984726541,0.144872002409813,0.052423748519642,0.174134731798998,0.002721127532368,0,0.553011891177227,0.84905646049541,,0.324416512158234
TCGA-DD-AAE0-01,0.080692300448799,0.119499903685631,0.260209189210747,0.247621906063904,0.054853185967382,0.089784721744029,0.146872650948297,0.000466141931209,0,0.645948848948366,0.810160142340444,,0.255045390101812
TCGA-G3-AAV0-01,0.101104458202757,0.027289835774338,0.711269321637916,0.041165366118554,0.03599532462229,0.050564539031909,0.029054158259906,0.00355699635233,0,0.758513810152976,0.670028671844082,,0.164389618599385
TCGA-XR-A8TD-01,0.126060566628074,0.016846307742702,0.528431939016353,0.081489704532489,0.096093062398091,0.01876607066501,0.126184884458354,0.006127464558927,0,0.911435872109079,0.471612933294478,,0.238999936768867
TCGA-DD-A1EE-11,0.094524059051591,0,0.722876483937115,0.03462389135268,0.106997706308174,0.005382344260354,0.032978424175827,0.002617090914258,0,0.792077505840639,0.625450951437115,,0.201521765359765
TCGA-CC-A5UE-01,0.107931508306121,0.067535408503164,0.472167515015663,0.120868138377228,0.081856834098244,0.045229690028186,0.103960170870291,0.000450734801104,0,0.785284825725509,0.643484668951988,,0.257323750907528
TCGA-DD-AACJ-01,0.079455694062528,0.031408912647422,0.662179314755922,0.085370531399195,0.052945056642569,0.027818583482598,0.060290164689757,0.00053174232001,0,0.870157446301207,0.498556799554315,,0.163809663352519
TCGA-G3-AAV5-01,0.083473666095441,0.046698273034077,0.473197696008922,0.074487684368161,0.148706849198215,0.042780543116332,0.130379367728054,0.000275920450798,0,0.758352002827191,0.667368379106898,,0.278878788327733
TCGA-DD-A1EB-11,0.076694279965458,0,0.661353299632435,0.00188153756009,0.193116643706939,0.019157106729076,0.045774674280847,0.002022458125155,0,0.872389318955229,0.494570007907641,,0.269810923672397
TCGA-BC-A10W-11,0.136194040634985,0.019373699748307,0.726078911617941,0.049682066949831,0.009897496880709,0.003281270153114,0.050861950820372,0.004630563194741,0,0.888285581670959,0.466735688493678,,0.165465237264001
TCGA-DD-AAVS-01,0.116044626364088,0.042794362432732,0.553002794318975,0.081540751732621,0.098078753319923,0.034756383701019,0.07341537030902,0.000366957821622,0,0.77917385559052,0.632654601200023,,0.256917742116742
TCGA-DD-A11B-01,0.128450408085383,0.014097526715783,0.612363462839978,0.037989980320285,0.120200660179729,0.026882389000784,0.052825609549373,0.007189963308685,0,0.796550088150474,0.607423366013596,,0.262748594980895
TCGA-MI-A75C-01,0.096744817454046,0.027816455795806,0.564437479567896,0.096660566325806,0.073628388614735,0.026053928540938,0.113748787100901,0.000909576599873,0,0.778320334112594,0.631917236865512,,0.198189661864587
TCGA-ED-A8O5-01,0.118212537670123,0.023594513081168,0.5478978351983,0.071130126547928,0.143499735510881,0.038098806170142,0.057315481883373,0.000250963938085,0,0.718784975717877,0.696623194220208,,0.285306786262172
TCGA-BC-4072-01,0.132807065028852,0.066726874586363,0.361243726310245,0.131326701187613,0.111168754681516,0.027864806052621,0.159016600492325,0.009845471660464,0,0.690780095942518,0.749481144383031,,0.310702694296731
TCGA-DD-AAW3-01,0.132724706723287,0.047304626179039,0.499157975720879,0.114613720716382,0.059698538383197,0.03734520253839,0.107639877534526,0.0015153522043,0,0.762563358705505,0.658321947555352,,0.239727871285523
TCGA-G3-A5SK-01,0.110340221129073,0,0.672462917716042,0.067892774552865,0.067831422081918,0.027102446014052,0.052321876618057,0.002048341887993,0,0.799746085693501,0.605997297241257,,0.178171643210991
TCGA-BC-A110-01,0.054698268632166,0.007527677098224,0.647429888648099,0.121467194566284,0.091144068526221,0.008717767697062,0.065308182246617,0.003706952585327,0,0.835299351927156,0.553437267402627,,0.153370014256611
TCGA-DD-A3A7-01,0.07179736542809,0.072929207340139,0.622954476118957,0.105683168558925,0.059980361029337,0.03227084714471,0.031181994135634,0.003202580244209,0,0.845972368305416,0.539765975778453,,0.204706933797565
TCGA-BC-A10R-11,0.124438099287632,0.019416227360664,0.674987700100417,0.016869114204765,0.091596511789522,0.010338097958551,0.058801991491414,0.003552257807036,0,0.881084932239981,0.478898554631011,,0.235450838437817
TCGA-DD-A1EI-11,0.075353726934575,0.018169027293895,0.752446359730281,0.040607944288533,0.067766715760746,0.014654135678599,0.02777403065888,0.003228059654491,0,0.90021785193725,0.445602983782611,,0.161289469989216
TCGA-DD-AACN-01,0.130433410420473,0.003568800529288,0.51002780157821,0.109171549771365,0.117308569921901,0.030989302568613,0.09716649524533,0.00133406996482,0,0.845403211570139,0.56747623399211,,0.251310780871662
TCGA-DD-AAD5-01,0.095333576243853,0.096467992191518,0.270879870003157,0.168673314095909,0.0412746883204,0.056050167236304,0.270738141253482,0.000582250655377,0,0.629924718966518,0.805443858459965,,0.233076256755771
TCGA-CC-A3MC-01,0.109916176715155,0.035058234888967,0.613855956937756,0.096050210172449,0.046752612742251,0.021412738862875,0.075883073403673,0.001070996276874,0,0.821664050144099,0.574341974926094,,0.191727024346373
TCGA-DD-A113-11,0.081053400527701,0.004185855388063,0.731518982532285,0.047502780704432,0.069129864839195,0.018540151504872,0.045926377104862,0.002142587398588,0,0.799730684791191,0.617212183047865,,0.15436912075496
TCGA-DD-A1EJ-11,0.073605923971183,0.009591560344462,0.695909711017254,0.023113191144159,0.12686323615022,0.016511248814495,0.049704977265932,0.004700151292295,0,0.834820298631655,0.556936845964108,,0.210060720465865
TCGA-DD-A73A-01,0.100040303205329,0,0.688157078393487,0.062865755569936,0.094517330661202,0.022887279705297,0.030669154782596,0.000863097682153,0,0.867684083435169,0.501929852159078,,0.19455763386653
TCGA-DD-AADI-01,0.086492966927662,0.033171803420085,0.51647716468516,0.101494633654435,0.121424627284192,0.040811558297543,0.099238501606053,0.000888744124869,0,0.712665219032449,0.703956596954376,,0.241089397631938
TCGA-CC-A7IG-01,0.054124550292508,0.08787867113631,0.302665110742517,0.301723621918472,0.075325476176327,0.045679127816837,0.130739693301828,0.0018637486152,0,0.482320145751309,0.878127520543498,,0.217328697605145
TCGA-G3-AAV3-01,0.116277589547728,0.026644964260386,0.512527875469671,0.1131830622328,0.075439376764676,0.03432019006342,0.120745030081427,0.000861911579893,0,0.737931852752605,0.679903902795988,,0.21836193057279
TCGA-MI-A75H-01,0.119428160544061,0.016172133111936,0.591298910809239,0.070896961124969,0.078190099890321,0.023100245218069,0.100478398299346,0.00043509100206,0,0.827933266107645,0.568040042334051,,0.213790393546318
TCGA-DD-A73E-01,0.147344175748827,0.058072508712938,0.371577315938735,0.125332630670363,0.128848452088053,0.035606406901353,0.133218509939731,0,0,0.57774357211618,0.820105134362884,,0.334265136549818
TCGA-2Y-A9H7-01,0.077946572408588,0.03116859464692,0.528441851710203,0.14632809991592,0.094517640819613,0.063479862214876,0.054995737097902,0.00312164118598,0,0.668581109093029,0.744570274383357,,0.20363280787512
TCGA-CC-A8HV-01,0.088715323078326,0.106006600854947,0.318207935508653,0.168938430726284,0.125661310972809,0.073886598101635,0.115393905544773,0.003189895212573,0,0.714707299529373,0.753382189209564,,0.320383234906082
TCGA-DD-AADJ-01,0.072491593140815,0.055143882847954,0.685458114875044,0.045144198383762,0.088526555788921,0.009405523698773,0.036080621000677,0.007749510264053,0,0.844626265700688,0.540354347552202,,0.21616203177769
TCGA-DD-AAD6-01,0.170949790406506,0.028303879897218,0.611308986738357,0.050908479002879,0.021397576486613,0.028825162773115,0.087553417720644,0.000752706974669,0,0.77081861911869,0.639560472165824,,0.220651246790336
TCGA-BC-A10S-01,0.047276545049227,0.045247862995703,0.621847866413507,0.107458576097637,0.067184492329278,0.04013613599643,0.068356251528967,0.002492269589251,0,0.822456369218462,0.572979367588406,,0.159708900374208
TCGA-DD-A11C-11,0.114828672551459,0,0.729247127587633,0.006845442073305,0.09036524519794,0.014265838172836,0.039962803396091,0.004484871020737,0,0.84590180522471,0.543679647337843,,0.205193917749399
TCGA-BC-A10Q-11,0.079519293813077,0,0.735397803393633,0.022218892242027,0.110969351402591,0.005323516066851,0.041662254227701,0.00490888885412,0,0.887875818759123,0.46846925151404,,0.190488645215668
TCGA-LG-A9QD-01,0.113051321851571,0.040064460673073,0.663132239304797,0.065530957555896,0.037378889258863,0.026328070686384,0.049663480272958,0.004850580396458,0,0.758696335532091,0.659418054710209,,0.190494671783508
TCGA-DD-A3A1-01,0.079153768490154,0.019658093873627,0.692065994317942,0.075527946060594,0.076072116713416,0.017091602016067,0.038065515310117,0.002364963218082,0,0.851517611989647,0.529411960274398,,0.174883979077197
TCGA-DD-AACZ-01,0.120571167682427,0.050571141517172,0.336779306737751,0.124718814245555,0.102338183963279,0.063135696523663,0.200711205031395,0.001174484298759,0,0.70411442286496,0.746918476404876,,0.273480493162877
TCGA-CC-A7IK-01,0.18437297591966,0.091513813943359,0.297754998268338,0.17571477028461,0.059543023983068,0.036967718346186,0.15413269925478,0,0,0.501782924683396,0.869330495717815,,0.335429813846087
TCGA-DD-AADO-01,0.099717779365761,0.04414182087145,0.615626484465066,0.097284183165951,0.043210193246881,0.037663539713883,0.058920788206535,0.003435210964474,0,0.790586707703036,0.615140424505016,,0.187069793484092
TCGA-CC-A7II-01,0.115096162814571,0.168122988333411,0.08121565394574,0.320088639032297,0.029652898391294,0.130580391608578,0.154722705603823,0.000520560270285,0,0.551106681554785,0.906258563931512,,0.312872049539276
TCGA-RC-A6M3-01,0.178069989527813,0.044600400049306,0.288193873079804,0.130898696535768,0.119398750016322,0.077140467107769,0.158934895322286,0.002762928360932,0,0.630636063748647,0.807385777326179,,0.342069139593441
TCGA-DD-A39W-11,0.059808328949097,0,0.755022228296472,0.020837168127441,0.102965543239457,0.010797747389634,0.046931931947011,0.003637052050888,0,0.884315209835148,0.479023419255044,,0.162773872188554
TCGA-DD-AAW1-01,0.150153296827122,0.061546137537301,0.486138283255456,0.157056060054291,0.026067319503214,0.015665284860677,0.101548808857788,0.001824809104151,0,0.734412934353296,0.687570594155129,,0.237766753867637
TCGA-NI-A8LF-01,0.120199477882908,0.001877747685251,0.613936263904229,0.062137682806649,0.11404792216713,0.022748115844664,0.064807540493806,0.000245249215364,0,0.806775398348097,0.594034223909893,,0.236125147735288
TCGA-FV-A23B-01,0.134197319427259,0.025859455655837,0.573009970640963,0.09439864118106,0.093422773656343,0.030073649272187,0.047557398739149,0.001480791427202,0,0.761695749039134,0.650397604370951,,0.253479548739439
TCGA-DD-AADC-01,0.183429717315278,0.033946172448404,0.444716216224235,0.102571321958381,0.075759669566552,0.046958435421669,0.112166032454028,0.000452434611454,0,0.78805342578106,0.650240023284556,,0.293135559330233
TCGA-G3-A3CJ-01,0.137433480979328,0.049042289060288,0.65160629991428,0.024730068528596,0.045699150039807,0.011387727811981,0.077772310036824,0.002328673628897,0,0.788098364518208,0.619912147145444,,0.232174920079422
TCGA-ZP-A9D1-01,0.119242331118035,0.006528315831964,0.581450291905328,0.078167759322298,0.102781690943535,0.031343871324452,0.07608513740511,0.004400602149278,0,0.787085859692435,0.620489981664974,,0.228552337893534
TCGA-DD-A73C-01,0.143519266061825,0.02702716251552,0.532525106237254,0.075602911032201,0.124451266879523,0.03440815732841,0.045088515317159,0.017377614628107,0,0.705443535270932,0.710110033793933,,0.294997695456868
TCGA-CC-A9FU-01,0.096186415245154,0.049460490418028,0.398530306049415,0.134863612898507,0.140579264439996,0.077100752513858,0.102448081241677,0.000831077193365,0,0.712312761128484,0.726080849586098,,0.286226170103178
TCGA-G3-A25X-01,0.054589851696456,0.096017418315298,0.334810695511557,0.261371099228118,0.025081120554869,0.047801745928081,0.180185872080251,0.00014219668537,0,0.469286594800714,0.882808647726924,,0.175688390566624
TCGA-DD-AACP-01,0.168005610818538,0.048505150257999,0.405879029389962,0.147147208917625,0.041942098398304,0.058099274334622,0.124943546949421,0.005478080933529,0,0.684567836871043,0.743477257883946,,0.258452859474842
TCGA-UB-A7MB-01,0.155352090154035,0.018528672132475,0.512795355618669,0.093557023335381,0.100671936330114,0.038228977058082,0.071598171040251,0.009267774330994,0,0.766868759873361,0.651619457692428,,0.274552698616624
TCGA-DD-AADG-01,0.126187727750836,0.014198481480949,0.601917671379961,0.057139990885441,0.107387576541549,0.024334014025679,0.067839077976548,0.000995459959037,0,0.782318091775895,0.625302154783813,,0.247773785773334
TCGA-RC-A6M6-01,0.101681994619607,0.078646531851787,0.340928281574392,0.182219662618742,0.107344846558771,0.087793423556923,0.097689107182791,0.003696152036987,0,0.503590561982487,0.864847673147147,,0.287673373030165
TCGA-DD-A4NH-01,0.080570339835514,0.018631768152989,0.314759294434806,0.18787558727692,0.141661191546816,0.071786359974153,0.184125549419006,0.000589909359796,0,0.654163666857566,0.784653753093545,,0.240863299535319
TCGA-EP-A12J-01,0.163418907780211,0.068222028465078,0.438718445920886,0.126868141745094,0.056765280629024,0.019768054957275,0.126239140502433,0,0,0.678766880439436,0.741965409951875,,0.288406216874312
TCGA-CC-5262-01,0.093495875173104,0.022203570303389,0.566112282741987,0.112863825569063,0.06783828223345,0.022483606378687,0.114114988387483,0.000887569212837,0,0.793172001966984,0.614413688671113,,0.183537727709943
TCGA-ZS-A9CD-01,0.102255007837573,0.008874598778284,0.574101041902976,0.09447855574834,0.067372655786331,0.023176378841982,0.126677552288494,0.003064208816019,0,0.829240142722914,0.568384470013877,,0.178502262402188
TCGA-DD-AAE9-01,0.123176607541668,0.032111629599723,0.529995397853619,0.106341181886107,0.050452029600116,0.039051197077545,0.117987049415562,0.00088490702566,0,0.756672086999874,0.659088103259135,,0.205740266741507
TCGA-BD-A2L6-01,0.104815985968525,0.019935927281531,0.65363527226599,0.060724821630131,0.100308892505018,0.023796378398741,0.034364731075611,0.002417990874453,0,0.825660511669996,0.567573238953674,,0.225060805755074
TCGA-DD-AAEI-01,0.093273337565211,0.065659772858042,0.655692395865615,0.087284748647032,0.030684364359725,0.013614551734079,0.050344823159301,0.003446005810996,0,0.849510791283541,0.532032897282642,,0.189617474782977
TCGA-2Y-A9H3-01,0.056939197695788,0.025357159215781,0.653722962281701,0.104924641769971,0.081390896327725,0.031331157452808,0.045004451868285,0.001329533387941,0,0.815439319340808,0.58240081607189,,0.163687253239295
TCGA-2Y-A9GV-01,0.101510427441807,0,0.59595877389285,0.065157715092972,0.132978440824812,0.041390905161197,0.060539545574577,0.002464192011785,0,0.763359033735431,0.648041852284769,,0.234488868266619
TCGA-DD-AADS-01,0.092271651428354,0.028854638770173,0.811723940799931,0.034694155688495,0.02080396401682,0,0.008362534159748,0.00328911513648,0,0.874493630452152,0.512803669502515,,0.141930254215346
TCGA-DD-A114-01,0.150535417966664,0.065776036322721,0.240632635993368,0.177861556501676,0.099513117240745,0.04077275069406,0.223465313883999,0.001443171396767,0,0.605474739687527,0.83060312377208,,0.31582457153013
TCGA-DD-A39Z-01,0.050862351003045,0.046477424605562,0.589802519648796,0.137907209411863,0.090947081779799,0.049497982873544,0.03165958407703,0.002845846600361,0,0.686583618717342,0.731138776505554,,0.188286857388406
TCGA-UB-A7MA-01,0.110158705737671,0.065134315289828,0.3634014354674,0.167534485174654,0.117747365248397,0.04455941078447,0.131199109364194,0.000265172933386,0,0.579131737956266,0.820192391170706,,0.293040386275896
TCGA-EP-A2KB-01,0.148294738786641,0.015177970337827,0.592652097260523,0.043987327234989,0.109241213898951,0.012743984692723,0.076935944000916,0.000966723787432,0,0.828418910149081,0.567458344090334,,0.272713923023418
TCGA-DD-AAEA-01,0.145622009040258,0.050706241845597,0.531025422281544,0.142124602072633,0.029873380496421,0.035318440820654,0.062216681207026,0.003113222235867,0,0.673147403960919,0.740325129573978,,0.226201631382275
TCGA-UB-AA0V-01,0.120434362727804,0,0.723607041633477,0.025972681527801,0.092932975024239,0.005718069661813,0.03099408546273,0.000340783962137,0,0.90228857657212,0.437738310887998,,0.213367337752043
TCGA-BD-A3EP-11,0.138707690101231,0.001298120605257,0.725640609918363,0.076834040937276,0.01775231722301,0.004271086573554,0.03138382370607,0.00411231093524,0,0.884084776080697,0.474291743702797,,0.157758127929498
TCGA-ES-A2HT-11,0.095694254754578,0,0.699390384275668,0.061556636344853,0.077974813988705,0.000883305842096,0.063093133339781,0.00140747145432,0,0.882153950531154,0.476488059855651,,0.173669068743283
TCGA-2Y-A9GY-01,0.104688774828508,0.059691333732595,0.349386680415858,0.150152229334414,0.093319859644242,0.070309642905045,0.172016297870945,0.000435181268393,0,0.69086694555907,0.752797265672579,,0.257699968205344
TCGA-XR-A8TE-01,0.142723775890023,0.014881626354853,0.353287754730596,0.150573745457052,0.12768971079392,0.054899477800576,0.155943908972981,0,0,0.640296675154459,0.784355438876233,,0.285295113038796
TCGA-ED-A4XI-01,0.121273595812305,0.001584480958505,0.680985875480229,0.047900399120269,0.073043265530562,0,0.073568963720936,0.001643419377194,0,0.884671821069117,0.471983894184511,,0.195901342301372
TCGA-DD-AACG-01,0.131970548904693,0.028266497972931,0.626163490040865,0.059917885057345,0.041017522429113,0.027465925412284,0.079890954685012,0.005307175497756,0,0.833703270873351,0.556930825444016,,0.201254569306737
TCGA-BC-A216-11,0.066342346210668,0.005838589302564,0.755270774367384,0.011162043612652,0.112924344839491,0.014158338919405,0.02970697006016,0.004596592687676,0,0.712571994378435,0.744253689155061,,0.185105280352723
TCGA-NI-A4U2-01,0.10124972180581,0.025437660747827,0.614671306375853,0.05369489005437,0.123416735653764,0.037522684267387,0.039400294215989,0.004606706879,0,0.808630567297345,0.591783014698573,,0.2501041182074
TCGA-DD-AAC9-01,0.103424776737275,0.007980555188547,0.73186887871915,0.0495098395201,0.059983418792313,0.00615075611756,0.039965254124043,0.001116520801012,0,0.804311082341014,0.609750777244096,,0.171388750718135
TCGA-DD-AAE1-01,0.115713326685653,0.033222095617343,0.585577028516136,0.079080361424914,0.07237268920821,0.031862099157391,0.081629645206264,0.00054275418409,0,0.789054546819594,0.617952317156671,,0.221308111511205
TCGA-DD-A11D-01,0.098557587866571,0.002008825158278,0.660902258193477,0.042455404517494,0.11395847422685,0.027405402924973,0.052789717439781,0.001922329672576,0,0.872789683866755,0.494086341427257,,0.214524887251699
TCGA-DD-AADY-01,0.114884857461424,0.018600951161544,0.468927142380277,0.080581450734735,0.144911463617221,0.063025131480141,0.108360436987451,0.000708566177209,0,0.644488777135156,0.765753560533486,,0.278397272240189
TCGA-ZP-A9D4-01,0.135218068469753,0.019966608039789,0.508192558643439,0.085669882738992,0.128846515539611,0.031337111495926,0.090769255072492,0,0,0.750148622121039,0.669131933197954,,0.284031192049153
TCGA-DD-AAED-01,0.17379018710823,0.021391792689545,0.462683635338853,0.050399445789746,0.144430780643381,0.066759758763993,0.079978331513675,0.000566068152576,0,0.722867541544257,0.702625986503456,,0.339612760441156
TCGA-DD-AACK-01,0.124714587885158,0.015293435208687,0.584036157124093,0.06546548305578,0.09630191050861,0.03322156082075,0.077947066436158,0.003019798960765,0,0.776326899814317,0.633132042149247,,0.236309933602455
TCGA-DD-AAVQ-01,0.094772180627856,0.018915728463897,0.478859849195542,0.111876069469226,0.12196953576373,0.033994319233268,0.138296804530924,0.001315512715558,0,0.773960626580911,0.650806259961955,,0.235657444855482
TCGA-BC-A112-01,0.138236463531912,0.093271799871665,0.277537919504285,0.174227330741688,0.107812072253275,0.05419693686033,0.15328752066965,0.001429956567194,0,0.544185830103539,0.852496850214735,,0.339320335656852
TCGA-DD-A118-01,0.122088215069271,0.021860989278982,0.60329195349724,0.071277737176459,0.0924406769649,0.04240499246566,0.046148319683303,0.000487115864185,0,0.788425703366213,0.617907762037126,,0.236389881313153
TCGA-DD-AACO-01,0.155419299603743,0.017087667228455,0.690942155194511,0.042458930014918,0.040609888908422,0.024137549865455,0.025740549123856,0.00360396006064,0,0.872420771127859,0.493939230574543,,0.213116855740619
TCGA-DD-A1EB-01,0.131123434128553,0.009928758881109,0.635628175419287,0.048004506597131,0.101022920458546,0.024231135813454,0.043927918054384,0.006133150647537,0,0.79727925817015,0.606521221670483,,0.242075113468208
TCGA-DD-A4NL-01,0.087479781965326,0.015220069021131,0.703791436844659,0.055390770958545,0.081316759017182,0.017635837226361,0.035879871170382,0.003285473796414,0,0.758676156717984,0.667324550564613,,0.184016610003639
TCGA-EP-A3JL-01,0.08732331619713,0.032528265403125,0.600553172454967,0.115181444533341,0.055188823567475,0.027728830693067,0.078463696480499,0.003032450670396,0,0.77794593385386,0.630769360840536,,0.175040405167729
TCGA-DD-AAD8-01,0.117765278091676,0.010155052612644,0.634549181499896,0.058207450736027,0.075095519756368,0.029086119453721,0.074291418510904,0.000849979338764,0,0.840389881527832,0.546672106215652,,0.203015850460688
TCGA-5R-AA1C-01,0.151404715637764,0.062473294019868,0.392649301291146,0.11384317040822,0.082634194663921,0.029362660759235,0.166081578493777,0.001551084726068,0,0.670572395771307,0.755484855858253,,0.296512204321553
TCGA-G3-A3CI-01,0.119238822897494,0.041082318420493,0.651736907966382,0.069851729405698,0.066751332813073,0.009600685426966,0.040878022596139,0.000860180473755,0,0.811146573547608,0.587981881592667,,0.22707247413106
TCGA-G3-A3CK-01,0.119543512359524,0.033514392827101,0.528807726881745,0.073647047723544,0.09619741418792,0.030521072284304,0.116828746485183,0.00094008725068,0,0.709294067900554,0.706481916310763,,0.249255319374544
TCGA-MI-A75G-01,0.1141423750935,0.022508006038092,0.669253723316756,0.047162358303803,0.081401531285436,0.014650983115131,0.047199955719106,0.003681067128177,0,0.87880584120749,0.483210975235622,,0.218051912417028
TCGA-G3-A5SJ-01,0.099253911429889,0.042654476389979,0.398496934721269,0.125908162367481,0.143490504373528,0.064253369910655,0.125416909166163,0.000525731641036,0,0.635069496386658,0.779613958301914,,0.285398892193395
TCGA-DD-A3A4-11,0.085384109635,0.022062619096261,0.617265954376525,0.091351626187372,0.105906781115687,0.020358720925906,0.054509873105089,0.003160315558162,0,0.760168275322042,0.652300011273483,,0.213353509846948
TCGA-5R-AAAM-01,0.08195462158889,0,0.673087043969012,0.059137416358194,0.089715236770888,0.011973889374958,0.081488449878814,0.002643342059245,0,0.870616173174272,0.497187501991118,,0.171669858359778
TCGA-BC-A3KG-01,0.155859918540722,0.043000351927875,0.380546321399821,0.145330579177475,0.137149331280683,0.057454831363643,0.078185639136417,0.002473027173363,0,0.646303266703878,0.776877333016964,,0.33600960174928
TCGA-DD-A3A5-11,0.084618386310912,0.009312780352957,0.774494395679809,0.023329522660194,0.055823180935154,0.010458438790853,0.037741446973348,0.004221848296772,0,0.832784881508627,0.577412736511302,,0.149754347599023
TCGA-DD-A1EH-11,0.067103480530615,0.012185022679243,0.761310386344576,0.014340557462433,0.08848178988165,0.009199261171988,0.043632019827682,0.003747482101814,0,0.859150136169009,0.527857841890184,,0.167770293091508
TCGA-2Y-A9GS-01,0.14885814987276,0.014326259915924,0.453544521404899,0.089515015565713,0.098759891595795,0.041711251262283,0.152823811886558,0.000461098496067,0,0.755038708668709,0.67467797142213,,0.261944301384479
TCGA-BD-A3ER-01,0.119088546237378,0.00324883581894,0.646492906877863,0.086113349852795,0.061471342043029,0.017972489340687,0.063918749144884,0.001693780684424,0,0.805741263569728,0.595519164279202,,0.183808724099348
TCGA-BC-A10X-01,0.122474370855093,0,0.671790857489651,0.020116710971595,0.105169850416113,0.00578096919519,0.071234679891804,0.003432561180555,0,0.868094656731405,0.501374227683419,,0.227644221271206
TCGA-MI-A75I-01,0.088977063682585,0.032131181799615,0.602066089770449,0.090729995534659,0.070480878549219,0.031705679806122,0.082871850142472,0.001037260714878,0,0.804376852885839,0.597877214512753,,0.19158912403142
TCGA-DD-A1EC-11,0.094256388492538,0,0.622694749977711,0.018951696910217,0.157826571745847,0.02430963981585,0.078027838987117,0.00393311407072,0,0.747426631181358,0.668263181860788,,0.252082960238385
TCGA-CC-A7IF-01,0.111945916856745,0.025663412490852,0.67531027722612,0.077098729004201,0.043422346291312,0.023854889507825,0.041701962630661,0.001002465992284,0,0.852093325069433,0.527791927195057,,0.18103167563891
TCGA-DD-AACE-01,0.144877572348716,0.017698880606468,0.607561925689221,0.045119519573371,0.094835083077923,0.029372415000596,0.059259429092941,0.001275174610764,0,0.783660039060974,0.62362450544609,,0.257411536033107
TCGA-DD-AAVY-01,0.14190652890055,0.018076370908185,0.55923639403473,0.095546891263695,0.071355928211575,0.026845810444557,0.086401282096123,0.000630794140584,0,0.768695378809866,0.643418648419111,,0.23133882802031
TCGA-EP-A26S-11,0.061232961720276,0.004738886472576,0.794327447478305,0.023165637070074,0.081074357574034,0.009051036718203,0.023045050451447,0.003364622515085,0,0.882604254862961,0.491723065608738,,0.147046205766886
TCGA-DD-A1EG-01,0.101300033199109,0.037406726895051,0.536317231726122,0.11226639159824,0.056296862467269,0.028300711687637,0.12659357927134,0.001518463155232,0,0.839906682395963,0.56392423691209,,0.195003622561429
TCGA-ED-A7PX-01,0.072721490745572,0.116264555982219,0.171648411599999,0.312994104986693,0.07781340908127,0.068855495601674,0.179374091206207,0.000328440796366,0,0.547114226485517,0.877707499358657,,0.26679945580906
TCGA-DD-AAD1-01,0.15036860620993,0,0.483903384433938,0.088560518465867,0.146770459479367,0.034713611044671,0.095269789936565,0.000413630429662,0,0.715582876376173,0.704851442506537,,0.297139065689297
TCGA-DD-AADN-01,0.040982272283404,0.068936475186151,0.528898860060063,0.171286137992168,0.042239242241923,0.0488393562271,0.093816914274957,0.005000741734234,0,0.752135159784702,0.664006366884448,,0.152157989711478
TCGA-DD-A3A3-11,0.067703075745948,0,0.746479679540196,0.046221965504734,0.081883473928447,0.007437010389452,0.047814517139514,0.00246027775171,0,0.834266125546234,0.566924828795244,,0.149586549674395
TCGA-2Y-A9H9-01,0.114374672134961,0.012009108558897,0.649708000911039,0.064296105252264,0.107053782821421,0.025355293209468,0.02626370550758,0.000939331604371,0,0.829559813787724,0.561781005821669,,0.233437563515279
TCGA-G3-A25Z-01,0.05433715637744,0.058629736787298,0.66649390633299,0.077006953407336,0.097775766772182,0.017874156637361,0.024540654345158,0.003341669340235,0,0.808839811901865,0.592254436258423,,0.21074265993692
TCGA-BC-A10U-11,0.102088754828372,0.001491769504548,0.70575168254921,0.048940392756559,0.089530724781376,0.011585509381363,0.036075141058099,0.004536025140473,0,0.849242402149557,0.534377928183852,,0.193111249114296
TCGA-BC-A217-01,0.13917411727627,0.025156360977057,0.573375113013281,0.107215140954411,0.08690378844119,0.025622806974519,0.041298267717556,0.001254404645716,0,0.807622626974015,0.597045260812647,,0.251234266694517
TCGA-BC-A110-11,0.118194624977834,0.002142412716573,0.683618111001599,0.037357773041077,0.11467658536245,0.008570224989276,0.033039376897627,0.002400891013564,0,0.826915740077985,0.56707767986623,,0.235013623056857
TCGA-BC-A10R-01,0.117597753530026,0.036230083741011,0.53580067262317,0.089857841522376,0.108776994967275,0.037769451433607,0.073910943048793,5.62591337419592E-05,0,0.684823732669262,0.729598544097417,,0.262604832238312
TCGA-ED-A7XO-01,0.108802705589134,0.012942780297957,0.670944204057527,0.09518763294599,0.067123806923839,0.010737974178315,0.032864252875652,0.001396643131586,0,0.865669141362625,0.505265630482297,,0.18886929281093
TCGA-G3-AAV7-01,0.149318651998534,0.056252399325966,0.244054509462129,0.215237894963939,0.03981446097137,0.051814578099388,0.242556653976974,0.000950851201701,0,0.572061623876252,0.842827329740763,,0.245385512295869
TCGA-GJ-A3OU-01,0.088882586296025,0.03012992151346,0.431469546725061,0.102957311289798,0.10953294828567,0.019793124019147,0.214775271155985,0.002459290714853,0,0.881506247511816,0.558074810967516,,0.228545456095155
TCGA-DD-AADB-01,0.13057149967395,0.039874877285314,0.448880675161493,0.127063684277486,0.093227321420717,0.052658542731197,0.105942179595673,0.001781219854171,0,0.778533719512615,0.656998410848206,,0.26367369837998
TCGA-RC-A7SK-01,0.146958772562469,0.057207673423318,0.564380577194365,0.073197112504061,0.09826819436012,0.023516863363876,0.036470806591791,0,0,0.764555362900243,0.647934404823473,,0.302434640345907
TCGA-DD-A4NE-01,0.177346688363032,0.016184862608995,0.575812677456074,0.07291195426522,0.059387180040799,0.028220068863229,0.061405874029194,0.008730694373458,0,0.73969561144812,0.674602905906961,,0.252918731012826
TCGA-DD-A39V-11,0.056180458569668,0.028887771699099,0.749379318337802,0.042922536285257,0.063596704338607,0.024194946742058,0.029972442779068,0.00486582124844,0,0.758814398820885,0.681288495245314,,0.148664934607375
TCGA-DD-AACT-01,0.107218510882781,0.02145946025445,0.574790111408077,0.087040702364037,0.082643602151584,0.040801039272526,0.083852438649633,0.002194135016913,0,0.730472852112206,0.684655315586986,,0.211321573288815
TCGA-ZP-A9D0-01,0.180725441352514,0.058497353027845,0.589697559873537,0.058469357587592,0.036235190996511,0.021930218832666,0.052071302049231,0.002373576280103,0,0.711810192418275,0.704732234164714,,0.27545798537687
TCGA-DD-AADF-01,0.13525331649085,0.066343865592912,0.618706706834771,0.084403692027388,0.019653535885562,0.026446353381832,0.046806875591404,0.002385654195281,0,0.817703583898746,0.579611906423515,,0.221250717969324
TCGA-DD-A1EJ-01,0.124492382556687,0.052607252130697,0.421366678373824,0.09584166427658,0.112578415425268,0.057766306613875,0.134995790951673,0.000351509671397,0,0.680517373737578,0.743195453625594,,0.289678050112652
TCGA-DD-AAVU-01,0.074402239270963,0.059861468784478,0.639699307854311,0.088317808457722,0.052779878059414,0.036210155657647,0.047739433906119,0.000989708009347,0,0.835854734776008,0.553256696462961,,0.187043586114855
TCGA-G3-A3CG-01,0.105871489690348,0.023649857646733,0.583701663070913,0.082297607585727,0.111383721641331,0.030636470926992,0.054574440494936,0.00788474894302,0,0.766110367266009,0.644991507369446,,0.240905068978412
TCGA-BC-A10W-01,0.15749226181163,0.048660145038201,0.497842250695773,0.104950120798757,0.048905862365117,0.029268076420605,0.112447905501139,0.000433377368778,0,0.728250927233781,0.691284303216476,,0.255058269214948
TCGA-O8-A75V-01,0.089816022546727,0.016477356948226,0.609116945061486,0.088227399392918,0.056104124015267,0.01621330434999,0.122116375350457,0.00192847233493,0,0.785489899839468,0.621568553888921,,0.162397503510219
TCGA-DD-A3A9-01,0.063515472090475,0.056675203214978,0.611173141811342,0.106572198949857,0.088448879479375,0.031970189363127,0.041614117467828,3.07976230174737E-05,0,0.782714884107545,0.62476003583769,,0.208639554784828
TCGA-DD-A73G-01,0.045218225647962,0.065739639173419,0.563134203333758,0.199175956486363,0.044558202564509,0.051085422932764,0.028816014713604,0.002272335147621,0,0.788781602834128,0.620762708717595,,0.155516067385889
TCGA-DD-A1ED-01,0.118064455139197,0,0.538718366877012,0.057229998545642,0.10730205773151,0.014679426300353,0.163543027576395,0.000462667829889,0,0.706188390932398,0.709266606319129,,0.225366512870707
TCGA-WX-AA47-01,0.080778865331493,0.023096480673583,0.510797790286646,0.122781655569458,0.095843902619111,0.039185163940321,0.126007787040724,0.001508354538664,0,0.66543585422233,0.747261427430523,,0.199719248624187
TCGA-G3-A7M5-01,0.131520830446053,0.035821021269329,0.712132028595206,0.03825376463807,0.039360034539812,0.013819724800541,0.025732828218112,0.003359767492878,0,0.830523174682392,0.56526207629272,,0.206701886255193
TCGA-DD-A4NI-01,0.128931422569484,0.016348738010237,0.670344690262688,0.044247277986602,0.053955594284898,0.016676719994448,0.067255856644921,0.002239700246721,0,0.854781156584212,0.523544663708475,,0.199235754864619
TCGA-2Y-A9H8-01,0.109971837262201,0.036938013765251,0.59340298599799,0.094537223914796,0.069025256997427,0.030195987589894,0.065456107380633,0.000472587091808,0,0.815777675262696,0.584072652697312,,0.215935108024879
TCGA-DD-A3A8-11,0.090254185188121,0.026049238638361,0.736406579422306,0.047101778801856,0.059487615347103,0.003806410158822,0.033526403792351,0.003367788651082,0,0.845160375500824,0.545936090203167,,0.175791039173584
TCGA-2Y-A9GT-01,0.126364162000166,0,0.635898644942961,0.049745147747358,0.124443567965598,0.022411074200783,0.039607866008956,0.001529537134178,0,0.8257578600326,0.567463885025993,,0.250807729965764
TCGA-CC-5260-01,0.159103196947872,0.117134938810077,0.001558074353084,0.256799350159234,0.13560352113872,0.073176183135455,0.256500903042131,0.000123832413427,0,0.309267345162044,0.960866132188343,,0.411841656896669
TCGA-DD-A1EL-11,0.088087383631468,0,0.730839582421809,0.023343672348829,0.099845706766855,0.005508510124213,0.049150026540964,0.00322511816586,0,0.913076249200105,0.415619810855482,,0.187933090398324
TCGA-DD-A3A1-11,0.037007956269867,0.03045128988681,0.783610180465844,0.035931785546003,0.06297072257365,0.006057094122297,0.040468732628209,0.003502238507319,0,0.765704344590607,0.684629551836164,,0.130429968730327
TCGA-DD-A119-01,0.094650573628236,0.068309579511297,0.608435311998506,0.076511630827608,0.0257898493874,0.028139604717956,0.095775747657203,0.002387702271793,0,0.816557504028406,0.581723948413782,,0.188750002526934
TCGA-FV-A2QR-01,0.091892690003976,0.012095730780519,0.586255119813136,0.087533693240186,0.09763064755719,0.055512022026941,0.067560336410595,0.001519760167457,0,0.852684948344162,0.535794453431645,,0.201619068341684
TCGA-G3-A25V-01,0.074707532942401,0.03316112781783,0.617754375403886,0.095974932829928,0.062147260630559,0.030154311059653,0.085183397714128,0.000917061601616,0,0.790264007156424,0.615557395384807,,0.17001592139079
TCGA-CC-A8HT-01,0.118629848376741,0.076394851122909,0.386749810375531,0.172689472177512,0.054741365104018,0.049161990722502,0.14033889624965,0.001293765871137,0,0.788677407999778,0.672199888821885,,0.249766064603668
TCGA-DD-AADL-01,0.114696307943271,0.04775960860939,0.53635091315724,0.120980439975564,0.073519945926385,0.051183410377188,0.054431769022218,0.001077604988744,0,0.805411398830457,0.606517464686813,,0.235975862479046
TCGA-XR-A8TC-01,0.14907206035622,0.003621290505998,0.482919829951802,0.065893653960677,0.151478317131152,0.032447723232606,0.114247089458187,0.000320035403357,0,0.742638377631673,0.68027575623009,,0.30417166799337
TCGA-CC-A7IJ-01,0.131126928511702,0.120492727773291,0,0.269826158221556,0.062206352882617,0.061189817829262,0.355031455711655,0.000126559069918,0,0.303669646380468,0.957025541836401,,0.31382600916761
TCGA-FV-A23B-11,0.105382158210534,0,0.692026461451194,0.035367732511945,0.099740199145675,0.008065774708552,0.05682122508455,0.002596448887551,0,0.874245461283951,0.490695600213975,,0.205122357356209
TCGA-5C-A9VH-01,0.100383547659878,0.020266684630301,0.576967635340568,0.080499328323769,0.100550302249697,0.033658948300673,0.084886674204935,0.002786879290178,0,0.784308319605022,0.624131434234708,,0.221200534539876
TCGA-DD-AADR-01,0.123615700032471,0.014004940161767,0.723807398470511,0.043842058111369,0.052766026693807,0.000194193592194,0.041284374185428,0.000485308752453,0,0.893327300617365,0.456026575351392,,0.190386666888044
TCGA-2Y-A9HB-01,0.118280454863219,0.01114366759044,0.649423192014503,0.055115988034139,0.083489632052105,0.004162134858191,0.072961430689474,0.00542349989793,0,0.848121026296974,0.534149943939917,,0.212913754505764
TCGA-DD-AAE3-01,0.107320510436806,0.005073407591244,0.731678308557802,0.04198973647451,0.066683256556472,0.001331081487108,0.045539340899431,0.000384357996627,0,0.885225960616688,0.47276309213765,,0.179077174584522
TCGA-DD-A4NA-01,0.131732517579927,0.135571728653233,0.063028180456815,0.230108324988971,0.15140891653607,0.095219395323774,0.190595424509898,0.002335511951313,0,0.447747153809174,0.931051483081445,,0.41871316276923
TCGA-DD-AACI-01,0.109709113986355,0.050274401484873,0.615487761547469,0.106173877509222,0.02430503508815,0.020619924076532,0.069947491186291,0.003482395121109,0,0.789699116685282,0.616157360823469,,0.184288550559378
TCGA-DD-AADU-01,0.09547510517885,0.044759318233795,0.535943923482001,0.108950714377166,0.055069727787937,0.013406873310423,0.144345840849063,0.002048496780765,0,0.748556071754024,0.666522383251928,,0.195304151200581
TCGA-EP-A3RK-01,0.112918261000349,0.045490287039105,0.431269430701453,0.132410297776904,0.040069368593574,0.040465369847261,0.196640693756289,0.000736291285065,0,0.762577322693244,0.672428477024631,,0.198477916633027
TCGA-CC-A5UD-01,0.080729926593853,0.109295754179131,0.107062997624031,0.252954105677904,0.113800306813251,0.049313263514345,0.286843645597485,0,0,0.659270621245058,0.852377563908999,,0.303825987586235
TCGA-CC-A9FV-01,0.053895040843867,0.109445572154068,0,0.268828563517677,0.110508912121417,0.031909298021543,0.420144455014237,0.005268158327191,0,0.282406564889704,0.960750607453735,,0.273849525119352
TCGA-DD-AAEE-01,0.099325974521778,0.054380737706564,0.485939747899819,0.132713630248297,0.070864516726074,0.02452431706678,0.132251075830688,0,0,0.775248655704769,0.648256271169148,,0.224571228954416
TCGA-ZS-A9CF-02,0.156746845400846,0.020737035567267,0.642966901725878,0.055261770795857,0.082672061471597,0.018453640736255,0.021514781197085,0.001646963105216,0,0.834855390459332,0.554201478811859,,0.26015594243971
TCGA-ZS-A9CF-01,0.140254463971935,0.024676582751177,0.636709327796993,0.072951373014549,0.08109080723667,0.018614864820671,0.023854309376236,0.001848271031769,0,0.827148404715118,0.565479547825827,,0.246021853959781
TCGA-RC-A6M4-01,0.11196534415138,0.069005792400781,0.540884043440078,0.087112738069631,0.094087292810864,0.028186174300987,0.068161379108525,0.000597235717754,0,0.742347308998175,0.673237095492062,,0.275058429363025
TCGA-G3-A7M8-01,0.116727733476248,0.024044591288612,0.692840924398583,0.059406201183552,0.047416615608209,0.029781832957981,0.029588836559287,0.000193264527528,0,0.848047210822267,0.535089393860805,,0.188188940373069
TCGA-DD-AAVP-01,0.109667307805314,0.071873322666391,0.427996020383389,0.159890730024716,0.085603255413098,0.029006715358417,0.115962648348674,0,0,0.673382886260863,0.747925011624671,,0.267143885884802
TCGA-UB-A7ME-01,0.078651803969689,0.020604953223027,0.555197437798153,0.086807693720614,0.136748101623231,0.04647299282026,0.075235380689839,0.000281636155188,0,0.784564059420117,0.626180732127781,,0.236004858815947
TCGA-DD-A4NR-01,0.109064482236837,0.019605644820774,0.447579428858616,0.138397858188603,0.072227815908906,0.029511899910607,0.17877029079245,0.004842579283206,0,0.740872878750367,0.687119291514577,,0.200897942966517
TCGA-G3-A25U-01,0.137732674403748,0.021313279637172,0.52409263103754,0.071257072567012,0.184867758758865,0.030639437788543,0.028351023102327,0.001746122704794,0,0.571256074429203,0.82633918970344,,0.343913712799785
TCGA-DD-AAE6-01,0.122083247146311,0.07014746939621,0.401301652408679,0.134642061550408,0.100420807561273,0.05907078265482,0.111579174252523,0.000754805029777,0,0.537103703581478,0.843441568067321,,0.292651524103794
TCGA-G3-AAV2-01,0.110054951154888,0.057087496498213,0.499852730310069,0.104576535289089,0.084527029914311,0.026234530860225,0.115876775816779,0.001789950156427,0,0.714205361942081,0.703852595154734,,0.251669477567412
TCGA-BC-A10Z-11,0.111114918239301,0.015898517512158,0.671078614606568,0.082101324650106,0.063763380729322,0.017951595497429,0.035197752944634,0.002893895820482,0,0.820172366033848,0.576311423806971,,0.19077681648078
TCGA-ZP-A9CY-01,0.065776155842418,0.012295085066917,0.659175401271187,0.06164558550667,0.138050285381262,0.024955768523848,0.034736514212629,0.003365204195069,0,0.841840870125862,0.54360896082699,,0.216121526290597
TCGA-DD-A39Y-01,0.111744428749307,0.079142613799949,0.4910534935364,0.148413055378119,0.019060501592011,0.055167142427756,0.094615522550369,0.000803241966089,0,0.763338279124504,0.65964353898563,,0.209947544141266
TCGA-DD-A115-01,0.079210958493813,0.057380554317984,0.643262137735575,0.109458552163117,0.070141376521823,0.014665593400318,0.023213614067091,0.00266721330028,0,0.820856383911453,0.574256652201471,,0.206732889333619
TCGA-FV-A3I0-11,0.129629838458893,0.009844399728301,0.744612265815432,0.02116174414928,0.046439135382924,0.004973566058593,0.039150526007065,0.004188524399512,0,0.842899580446308,0.551701212607614,,0.185913373570118
