Mixture,LVECt,Other,LSEC,Hepatocytes,LVEC,Carcinoma,P-value,Correlation,RMSE
RK280_Liver,0,0.328639313421046,0.0331467411042738,0.130723730618408,0.15245533517495,0.355034879681322,0,0.93357383662275,0.691972592543968
RK226_Cancer,0.0502118531031066,0.545318677098355,1.30247156507282e-05,7.11882376550427e-05,0.0702904066924651,0.334094850152767,0,0.753815048498075,0.89231919072856
RK007_Liver,0.015208892929335,0.276689640423071,0.0523726398113856,0.356286809743493,0.0970842483985238,0.202357768694192,0,0.955745580620152,0.314158802485674
RK004_Liver,0.00691343681557691,0.644067634301563,0.0711802835666928,0.0610410232985897,0.106038557748873,0.110759064268704,0,0.823344544999219,0.818255196928486
RK119_Liver,0.0274182455158221,0.336153693515417,0.0234953245452591,0.236806247822172,0.122416407693796,0.253710080907533,0,0.934971440018553,0.497553191251737
RK191_Liver,0.0172977787543906,0.387216693900908,0.0981494078207495,0.203942222920053,0.0784834670222139,0.214910429581685,0,0.89285777925546,0.58853591827604
RK081_Liver,0.0124950548867385,0.348952075435816,0.0886648726415905,0.296706197411161,0.104528893904904,0.14865290571979,0,0.953549352056846,0.378123279042484
RK172_Liver,0,0.391966096683216,0.055329719063054,0.226488703554442,0.119256556765133,0.206958923934155,0,0.907192046271765,0.542105836302485
RK041_Liver,0.0216963728857704,0.296349080216514,0.0647495786393971,0.253292499192492,0.132526378692588,0.231386090373239,0,0.874635646150267,0.546084591976498
RK214_Liver,0,0.263307346477636,0.0833213228917927,0.361550406741751,0.0752003727412143,0.216620551147606,0,0.952414724174602,0.320534235969543
RK125_Liver,0.0140925742793451,0.427680322077651,0.0612421656741745,0.200296982685675,0.0896664920193479,0.207021463263806,0,0.902250187160888,0.585102802350357
RK159_Liver,0,0.263243862543053,0.0806086306140923,0.325819949258522,0.0755425784857774,0.254784979098556,0,0.943943789488634,0.365881281076847
RK197_Liver,0.00866000977695913,0.207038876726047,0.0229973182838874,0.318552955646686,0.131637074351693,0.311113765214727,0,0.946714422012806,0.368076605358182
RK071_Liver,0.0168795383329371,0.232191621959991,0.0543074409551744,0.20233531455146,0.167627392713579,0.326658691486858,0,0.908277527290758,0.582690660309507
RK262_Cancer,0.108304858989066,0.539691558877916,0.0094308583639675,0.0230808404006956,0,0.319491883368355,0,0.799152924049386,0.875277445028697
RK157_Cancer,0.0275951614836629,0.368815885186273,0.0177042162590188,0.117113079885565,0.0746161157039323,0.394155541481547,0,0.829599215477283,0.760011495871753
RK243_Cancer,0.00705212700653605,0.549355022713489,0.0489207883282931,0.116400318381704,0.0893813492605444,0.188890394309433,0,0.745846671233898,0.786454053278866
RK104_Cancer,0.0121558945834205,0.37916620621845,0.0381527601430659,0.198347959894392,0.0953893656728245,0.276787813487847,0,0.902655355618896,0.589619764155324
RK241_Liver,0.0617630809134387,0.269840611577744,0.0398059898387854,0.169623849997927,0.187277257639999,0.271689210032106,0,0.939115612083738,0.617054595940378
RK142_Liver,0.0205271927759315,0.296188635477211,0.0227696019744382,0.265219499598922,0.127624844875983,0.267670225297513,0,0.89417866548661,0.509875547008437
RK048_Liver,0,0.193880973844533,0.0916679891361705,0.351161572284712,0.0829730723800872,0.280316392354498,0,0.931736079924325,0.376836855635088
RK069_Cancer,0.0768098694297582,0.327712508799896,0.00165902003125842,0.0034801298457379,0.0679478376136855,0.522390634279664,0,0.436151654459009,0.957054290909035
RK101_Liver,0.0027542478143921,0.213325256905597,0.0913854626620654,0.327256115423838,0.0864524432253703,0.278826473968737,0,0.920617182931817,0.412920527105789
RK254_Cancer,0,0.353457015672018,0.0125444181192702,0.0614988569965572,0.096964831491041,0.475534877721114,0,0.697241830493166,0.874696718376235
RK232_Cancer,0,0.411798152456714,0.00328734315477398,0.119076653496613,0.149751776158172,0.316086074733727,0,0.874363751410477,0.736320424137807
RK171_Cancer,0.0232693288050219,0.500711313324015,0.0068231473350927,0.111049799036474,0.112316702448986,0.245829709050411,0,0.843868435435459,0.756611167972948
RK181_Liver,0.00184175383245689,0.305238264226021,0.0676037782367894,0.330163285946733,0.0776377704474526,0.217515147310547,0,0.948176331094755,0.352216085866734
RK164_Liver,0.0132212687889719,0.321996350952369,0.0462141061907279,0.260345606393335,0.0939599736642496,0.264262694010346,0,0.949211798260846,0.44055775002011
RK061_Liver,0.0231023297623125,0.359714504844023,0.121962087029167,0.213524558255086,0.0985530198645645,0.183143500244847,0,0.938059403649943,0.531530054080865
RK015_Cancer,0.0422932185894161,0.287784838727093,0.0191964584085136,0.192500900064945,0.0403489918662559,0.417875592343776,0,0.759194823794208,0.707171609368352
RK079_Liver,0.00130283001557261,0.320435886768634,0.0627433195732383,0.268833860049331,0.120646601398879,0.226037502194345,0,0.919502031475234,0.470869339834491
RK305_Cancer,0.0172741937215435,0.395285902246558,0.0209549040892943,0.116149201232656,0.0989257197352674,0.351410078974681,0,0.762175772294789,0.787608299052399
RK056_Cancer,0,0.311477138806981,0,0.13385483449874,0.144548182501649,0.41011984419263,0,0.651079624646635,0.817340697577992
RK059_Cancer,0.0136920646794934,0.305593532176505,0.0167517046062952,0.101127288920274,0.168897604030255,0.393937805587178,0,0.650413417261204,0.848043709880757
RK083_Cancer,0.0802143843151447,0.34923891390517,0.0171450004969119,0.0974403470357447,0.027198827289655,0.428762526957374,0,0.760024512325999,0.814438671023873
RK109_Liver,0,0.302267032806084,0.0829883554394659,0.275772275529075,0.147919085986449,0.191053250238926,0,0.906234663273148,0.481647368952371
RK241_Cancer,0,0.363446615656657,0.00974025911316539,0.101163694293848,0.0864109151090923,0.439238515827237,0,0.807679608918847,0.791873780232918
RK167_Cancer,0.0393494284995082,0.470527881780328,0.0160112478401478,0.0784264913610705,0.000229293497069408,0.395455657021876,0,0.753662732387609,0.833131975968886
RK058_Cancer,0,0.43507359251108,0.021273781701189,0.0855274645368246,0.100996858576684,0.357128302674222,0,0.774210098584664,0.82064002364432
RK137_Cancer,0.111214672777981,0.190050122265559,0.00471325364582098,0.088878175922678,0.0660400498296623,0.539103725558299,0,0.696370672244198,0.850723195812214
RK263_Cancer,0,0.394015188224846,0.00553959502732544,0.143766066577646,0.180346805185975,0.276332344984209,0,0.792587310252567,0.739451842971928
RK308_Liver,0.0270886387622592,0.230755932841297,0.0525313571846295,0.223363795717333,0.19243326661587,0.273827008878611,0,0.861829825718063,0.59476236898536
RK147_Liver,0,0.287591786365815,0.0401389426434742,0.352386580011404,0.11225538590789,0.207627305071417,0,0.947402196498472,0.338349718294763
RK295_Cancer,0.0868322872453995,0.224254056636062,0.0246964324293211,0.106097147374729,0.0358817680717165,0.522238308242772,0,0.668114652652964,0.838780665988004
RK177_Cancer,0,0.372722212193814,0.00946164921233068,0.0406956721829489,0.0831004768926634,0.494019989518243,0,0.734819898407476,0.888065434271055
RK052_Cancer,0,0.255326134638467,0.0287773164244731,0.124861671158882,0.0952752273909022,0.495759650387275,0,0.647457187093236,0.827173947938844
RK179_Liver,0,0.279626351368542,0.0794965163385217,0.362111016922505,0.0603733921851393,0.218392723185292,0,0.948507666439331,0.330793362910619
RK240_Cancer,0,0.465117299701715,0.00643220211454702,0.00929822381413167,0.0801518122478212,0.439000462121786,0,0.89978416091937,0.875724510221531
RK085_Cancer,0.000297962689323211,0.482715791166518,0.00230547552373959,0.00364114197575987,0.0706412370894025,0.440398391555257,0,0.883516477283304,0.877791066971386
RK068_Cancer,0.0661627197792435,0.397782546642502,0.00632320434906854,0.0920001928025504,0.0459328738119325,0.391798462614703,0,0.602746283838629,0.868033463073114
RK048_Cancer,0.00902071960603281,0.523279253835,0,0.0518928240419932,0.176717763814308,0.239089438702666,0,0.739458300060999,0.863919875779302
RK036_Cancer,0.0345907792764717,0.541312232290242,0.0176231314712441,0.109274705271152,0.131084249467266,0.166114902223625,0,0.886947549812568,0.738790749966535
RK047_Liver,0.0168820222164515,0.27311349779709,0.0663985266880355,0.293410190125224,0.124650197004054,0.225545566169144,0,0.944162308137472,0.401473286273166
RK073_Liver,0.0104500875287896,0.169247545049007,0.0233389576421132,0.328107830999027,0.122403357730617,0.346452221050446,0,0.87887392675715,0.487019334054625
RK217_Cancer,0.0269609490354153,0.394233217879537,0.0213541404569142,0.176961443619123,0.141148994867186,0.239341254141825,0,0.871222845839243,0.646778690094377
RK120_Liver,0,0.351969643820819,0.0248214849742002,0.23455660612658,0.123772524509282,0.264879740569119,0,0.757185403760277,0.676362073750568
RK220_Cancer,0.0203819822368446,0.321117616365114,0.0346996186621069,0.146499665442598,0.085689843340136,0.391611273953201,0,0.862206406213387,0.700944366286934
RK159_Cancer,0.140362126363028,0.204907465908239,0.00112688849422952,0.00303236318970876,0.0163728284451553,0.63419832759964,0,0.552110910713124,0.950698113494125
RK076_Cancer,0.0174520303651587,0.33208613441925,0.0203335253366226,0.144497504099519,0.104763418425431,0.380867387354019,0,0.797843989339753,0.737311940425636
RK016_Liver,0.0167152288237943,0.281234810740813,0.0475466051947654,0.276831763384703,0.0872051568024074,0.290466435053517,0,0.802413888129632,0.610239001060208
RK312_Cancer,0.0546497597349544,0.192826741561138,0,0.000494102891241041,0.136438022409501,0.615591373403166,0,0.757804364227026,0.932310170210421
RK145_Liver,0,0.559764076796957,0.0140792395152018,0.190802914243188,0.0836428672871682,0.151710902157485,0,0.922756384474375,0.577922880218969
RK289_Cancer,0,0.36619606628944,0.0144780395595439,0.0928603256045,0.0808638168966483,0.445601751649868,0,0.611435760647928,0.865212376964145
RK075_Cancer,0,0.267870896024902,0.0208181804452416,0.318643805248783,0.134126974108568,0.258540144172505,0,0.89503332096964,0.464025170360552
RK235_Liver,0.0329367530635375,0.280146441335096,0.0460989903335144,0.244451481852155,0.170144646704318,0.22622168671138,0,0.92883774924366,0.49425308169433
RK111_Liver,0,0.325610582166916,0.0692581426421652,0.28365358358749,0.0909163351451206,0.230561356458308,0,0.961980168590582,0.381959763007733
RK244_Cancer,0,0.294231776678648,0.0187093061548632,0.233154221148556,0.108219403800263,0.345685292217669,0,0.718454374880077,0.709902304163808
RK277_Cancer,0,0.669597065362122,0.00645882111514383,0.00849798303073421,0.0777563068510502,0.237689823640949,0,0.956373277690617,0.830521480272929
RK120_Cancer,0,0.313816063954984,0.00279151981076272,0.266580262989003,0.217383329703652,0.199428823541598,0,0.793322455219237,0.625020312911584
RK227_Cancer,0,0.240729858693224,0.0161354015104187,0.135098240768008,0.118614368552932,0.489422130475418,0,0.662584073233034,0.812321172581946
RK053_Liver,0.00559930282598953,0.366372084946898,0.165949845607253,0.243563576808514,0.0803547720775938,0.138160417733752,0,0.96505669375989,0.44454862884736
RK076_Liver,0.00395956428584731,0.249157409736839,0.0563268110670695,0.352194127846261,0.09598298093616,0.242379106127823,0,0.953779442398064,0.322112638392411
RK260_Cancer,0.0329112926901505,0.316574573239669,0.0206755150961667,0.196711833373159,0.111387446294244,0.32173933930661,0,0.885863551203107,0.608283805332675
RK268_Cancer,0,0.372096413499547,0.0212568889130395,0.132361059787092,0.105087787826326,0.369197849973995,0,0.712402491488195,0.790475471149846
RK245_Liver,0.0142640897655538,0.291626518761286,0.0483727125789113,0.365124873930914,0.109391528186873,0.171220276776462,0,0.952533790388229,0.318663064529391
RK295_Liver,0.00542720815757048,0.284903550792046,0.0421698885264165,0.284872954574112,0.0929620338813383,0.289664364068517,0,0.80898602592898,0.599264636424194
RK157_Liver,0,0.239090502937437,0.0844444343704648,0.273420868483965,0.130485984559551,0.272558209648582,0,0.907432270736884,0.483308597440433
RK023_Cancer,0,0.412099513582707,0.0215276227900888,0.0486123827428104,0.0603903565674704,0.457370124316923,0,0.646025586518637,0.89441918342688
RK105_Liver,0,0.324902131534845,0.0702083035839988,0.311465163902518,0.0784427211793607,0.214981679799277,0,0.958543389085444,0.348827935805412
RK063_Liver,0,0.257707807406246,0.0719182986175435,0.294269990968436,0.108940798862879,0.267163104144895,0,0.882841192181764,0.498634858344081
RK126_Cancer,0,0.262072307709734,0.00380098946459647,0.202713095240563,0.158272899750556,0.37314070783455,0,0.712920303462074,0.731505188249867
RK267_Cancer,0.134056337560488,0.331390678568523,0.0252296128457009,0.11716791474663,0,0.392155456278658,0,0.723431657756238,0.804172787385892
RK233_Cancer2,0,0.286896873900044,0.0144110127395717,0.168121299139588,0.131049236660495,0.399521577560302,0,0.762710595417684,0.729298463436299
RK196_Liver,0,0.328826378850649,0.0659057847696771,0.278196237865356,0.0865482021087292,0.240523396405589,0,0.957606467977792,0.398282565950528
RK065_Cancer,0,0.311242576175808,0.0146592807594273,0.249117494028109,0.196550191434012,0.228430457602644,0,0.917230211734422,0.501068033628271
RK077_Liver,0.000443082605114927,0.353992727682832,0.121937202901188,0.236020220931893,0.108721083413399,0.178885682465573,0,0.941938920964388,0.488573735413151
RK285_Liver,0.00975812588144464,0.354358592017967,0.0894029448566321,0.291495617789358,0.0626377754145149,0.192346944040084,0,0.959915736227092,0.372912545032317
RK180_Cancer2,0.0590714420776121,0.432285913927653,0.00616579949568622,0.0578657089752761,0.126605043615166,0.318006091908607,0,0.907135892763915,0.826415708904248
RK222_Liver,0.029621593996954,0.278140757996136,0.0415821191493697,0.199976167995305,0.144876544645443,0.305802816216793,0,0.898785313583726,0.593607182545569
RK338_Liver,0.00586601142517943,0.292066429643656,0.0411487559185451,0.282717243311815,0.0959741611247035,0.282227398576101,0,0.933928481027112,0.432146345828526
RK138_Cancer,0.00469894564576052,0.407984045369259,0,0,0.168222158444463,0.419094850540517,0,0.516777288438594,0.94232421688682
RK131_Cancer,0,0.194028035055158,0.0677563607509453,0.241438326070756,0.101199552790086,0.395577725333055,0,0.852795285941269,0.582846701484714
RK110_Liver,0.0135049363863632,0.284570764586663,0.10156445233652,0.227572719315001,0.0975428790786092,0.275244248296844,0,0.834717114803941,0.613384057928184
RK135_Cancer,0,0.336946878660442,0.00817424832716027,0.0996111867071778,0.187588852914149,0.367678833391071,0,0.68997986626978,0.835834433892924
RK104_Liver,0,0.329845369738961,0.0769770905541838,0.307350970577178,0.0618912141310299,0.223935354998648,0,0.916966081850762,0.433544868295076
RK254_Liver,0.0137597702597747,0.324510055863534,0.0543705331553016,0.300940602617442,0.094176110735642,0.212242927368306,0,0.946361381908035,0.387103367945276
RK182_Cancer,0.00280752589924162,0.525534694016097,0.00544558620599763,0.00244559702585319,0.11000011607089,0.35376648078192,0,0.872259521957104,0.873901454643852
RK133_Cancer,0.0250864896293062,0.40311323811086,0.0214360220773151,0.166740172749084,0.0834495025734311,0.300174574860004,0,0.646308707271737,0.793571219909724
RK092_Cancer,0.100289813816582,0.332870283469155,0.0141113047759768,0.0937338472465134,0.0281708796133846,0.430823871078388,0,0.800825527571774,0.807269975062737
RK002_Liver,0.0115544659174624,0.21391341625684,0.104036190321208,0.340426333359186,0.0773607448605395,0.252708849284764,0,0.9620284015535,0.309354944513963
RK006_Liver,0.014347438158607,0.2679466163432,0.0447509761188244,0.343250285326857,0.0920661639837892,0.237638520068723,0,0.879242233146902,0.482206065938938
RK229_Liver,0,0.349279140215506,0.06708072004516,0.285249575871882,0.0943992401704474,0.203991323697005,0,0.963441255820198,0.376266334116959
RK063_Cancer,0.00512617473845182,0.412710623830823,0.00310737205495801,0.173029864901208,0.143301307864837,0.262724656609722,0,0.941807799834812,0.602264052095902
RK316_Liver,0.00019538094533617,0.288007772690352,0.0299224986152746,0.311681576191377,0.134319378230498,0.235873393327162,0,0.925529632190585,0.415400278092967
RK117_Liver,0,0.259895310969333,0,0.329749204159598,0.251209981982648,0.159145502888421,0,0.745563590042737,0.671043820534323
RK233_Cancer,0,0.286896873900044,0.0144110127395717,0.168121299139588,0.131049236660495,0.399521577560302,0,0.762710595417684,0.729298463436299
RK041_Cancer,0,0.47980367971462,0.00415265725287099,0.00885168845499982,0.0902181419484415,0.416973832629068,0,0.836986614928675,0.884199166027978
RK021_Cancer,0.0271259604351069,0.422233674847709,0.0159202008230526,0.10210908971713,0.0477113665212337,0.384899707655768,0,0.757530135802485,0.80552081291815
RK187_Liver,0,0.453048001826853,0.11481129860169,0.195568423103205,0.0773353467231774,0.159236929745075,0,0.969901939576544,0.530504957669667
RK012_Liver,0.00470462109999304,0.400587253295266,0.0416361084306126,0.187197348072253,0.100477898520602,0.265396770581273,0,0.791941468983505,0.687840416325643
RK049_Cancer,0.0311179055439423,0.495275690833757,0.00868915660565875,0.077637863842319,0.126216357403698,0.261063025770625,0,0.883759283838286,0.794928681029948
RK057_Liver,0.0110462578683496,0.3392042391776,0.0793082479368453,0.226914598649723,0.103968667334127,0.239557989033355,0,0.932840032630048,0.515198968307446
RK308_Cancer,0.00591964786090555,0.387210342090258,0,0,0.111653544807584,0.495216465241253,0,0.48934057465265,0.946923514893161
RK014_Cancer,0.0573175972159652,0.489959361473859,0.00146546704276345,0.0879763169232817,0.128713826553437,0.234567430790694,0,0.849656871824589,0.790747424510139
RK170_Liver,0.00390685171516313,0.313212167444243,0.0593334383377536,0.27405935370619,0.119879887036455,0.229608301760196,0,0.934624855462063,0.442086611935572
RK200_Cancer,0.0150264052388759,0.467752735672001,0.00436626827573531,0.0312397153284255,0.0798775836362094,0.401737291848753,0,0.865522619640067,0.86446551611931
RK264_Cancer,0,0.358147178880049,0,0.250239092708221,0.236538652192759,0.155075076218971,0,0.775576456218946,0.651037747947387
RK067_Cancer,0,0.359990431529545,0,0.0150737451719145,0.142780610358677,0.482155212939863,0,0.832178333232415,0.898070790552553
RK066_Cancer,0.0653528648832549,0.285561144152414,0.0371301058400415,0.0714088020597788,0.0716377200887279,0.468909362975783,0,0.622834072535809,0.885219272386719
RK028_Cancer,0,0.412514268837476,0.00727316489200341,0.0803983990088382,0.0723965448425854,0.427417622419097,0,0.718057234580902,0.844606997050381
RK130_Liver,0,0.28080736280807,0.0781860871920963,0.297861891001167,0.092163807547871,0.250980851450795,0,0.947496043908845,0.389139828924594
RK256_Cancer,0.0130047716962244,0.256446586723629,0.026543488883936,0.230047735319265,0.0921861571713193,0.381771260205626,0,0.820518704857539,0.624686689947331
RK064_Cancer,0.0769843165284755,0.297892984511687,0.030631248059473,0.150691257326349,0.056121456202403,0.387678737371612,0,0.789282641372608,0.734858211684928
RK040_Cancer,0,0.395353305657326,0.0262111420452795,0.175176036473078,0.0702079211008926,0.333051594723423,0,0.737471633888179,0.734880650328631
RK261_Cancer2,0,0.347402829801055,0.0366291722499544,0.155869129910103,0.107698732787863,0.352400135251024,0,0.636705773762672,0.806305046973026
RK170_Cancer,0,0.411848463752502,0.0104271747692092,0.0226267481732809,0.0521797943954996,0.502917818909509,0,0.666347715096968,0.910998444742076
RK137_Liver,0,0.204537450484375,0.008386560992286,0.341757853432266,0.165001060767122,0.280317074323951,0,0.919564393667219,0.407338506428995
RK091_Liver,0.00972991912475003,0.273572504901469,0.0518860654297138,0.299027167250353,0.112029314513629,0.253755028780085,0,0.909904037437184,0.453523242907693
RK060_Cancer,0.0760604667226972,0.472204827065474,0.00701749179886419,0.0353889610356,0.0119902394694887,0.397338013907876,0,0.708685846535784,0.889859660083135
RK074_Cancer,0,0.338571732001998,0.0215692066405146,0.105421076404186,0.0870696766699992,0.447368308283303,0,0.662854737663078,0.837872085171095
RK080_Liver,0.00372734959422734,0.285935359274822,0.073565489026949,0.294069184022565,0.116541211323465,0.226161406757972,0,0.953141701177439,0.383710411586135
RK079_Cancer,0,0.263506989107196,0,0.192304626399524,0.205886023655472,0.338302360837809,0,0.794478959369956,0.684035295020562
RK010_Liver,0,0.362589225706848,0.0186451932038707,0.29644545882366,0.158839480065264,0.163480642200356,0,0.868908194581797,0.516478063417038
RK026_Cancer,0,0.33716692898918,0.0112184243943539,0.250887147784219,0.181481562586194,0.219245936246052,0,0.792026474871799,0.634869571723438
RK205_Cancer,0.0146901424412987,0.330070080683586,0.00101848490933829,0.0724773124286782,0.14021123639059,0.44153274314651,0,0.815922227659221,0.834393167437156
RK171_Liver,0,0.304167895728833,0.0687765570558578,0.324627202174691,0.0841799102186083,0.21824843482201,0,0.953438545841891,0.345460452014192
RK093_Cancer,0.0215038996169613,0.918187659285009,0.00137851368794702,0.000420951966654544,0.0572986717123199,0.00121030373110793,0,0.956335085812276,0.784457817693464
RK001_Liver,0,0.210746186659903,0.0425021242243044,0.338019441029744,0.110638228828989,0.298094019257059,0,0.959763780052715,0.317942686410025
RK070_Cancer,0,0.282530945009043,0.0379698133067339,0.387833851607099,0.108345639386392,0.183319750690732,0,0.949047064269778,0.32466509679922
RK224_Cancer,0.00202128765494518,0.624070858305853,0,0.0157966476770105,0.103149815959062,0.254961390403129,0,0.879652315144877,0.851417647317736
RK086_Cancer,0.00188104037362517,0.315067955398177,0.00779969240674811,0.1299306338254,0.163249574689721,0.382071103306329,0,0.841050484949795,0.738280686107657
RK053_Cancer,0,0.373787555718399,0,0.0944968873718568,0.13046177947928,0.401253777430464,0,0.741724803935554,0.823120648083179
RK316_Cancer,0.0755666579986663,0.571524026825731,0,0,0.17252209024655,0.180387224929053,0,0.64627108027764,0.908061431671467
RK280_Cancer,0.0109473456039014,0.350522236649646,0.018670183285189,0.157420650835035,0.132792857434004,0.329646726192225,0,0.807652267995723,0.714849737932979
RK080_Cancer,0,0.319019727040378,0.0110330938646788,0.198680845464898,0.13793592868499,0.333330404945054,0,0.811869183618929,0.663137167503465
RK115_Liver,0,0.253210737871766,0.0711851533630597,0.375484748215555,0.100180037954437,0.199939322595182,0,0.961919915939672,0.28721912412957
RK103_Cancer,0.030111893909408,0.485864365990712,0.0173481106724403,0.120925929874658,0.100761026408198,0.244988673144584,0,0.761211326702988,0.778441668543107
RK153_Cancer,0.0144339873700255,0.850748278981412,0,0.0176087934933124,0.062752958437729,0.0544559817175215,0,0.963381305787719,0.789868281557005
RK034_Cancer,0.0740194302611807,0.357040545858845,0.00428579047117459,0.091346694196826,0.059946659970011,0.413360879241963,0,0.786338388709131,0.814194157029198
RK029_Liver,0,0.239311903631764,0.0272976561405318,0.320856415411417,0.20860873113257,0.203925293683716,0,0.901844034122963,0.451432072760503
RK260_Liver,0.0140350822149711,0.506810622623534,0.0565860721237807,0.154080294118082,0.0926369869857248,0.175850941933908,0,0.874736251599958,0.673878889525179
RK180_Cancer,0.0590714420776121,0.432285913927653,0.00616579949568622,0.0578657089752761,0.126605043615166,0.318006091908607,0,0.907135892763915,0.826415708904248
RK236_Liver,0.0315137372487789,0.419023969676273,0.014939529875955,0.127948443109355,0.208208651743483,0.198365668346154,0,0.916343912709528,0.702092937760034
RK307_Liver,0.00570136780890058,0.252974150755055,0.0712188508806984,0.260269332225317,0.131560898932493,0.278275399397536,0,0.889955428232444,0.520779229227452
RK223_Cancer,0.0245097472412901,0.344174562734892,0.023083451468356,0.171894672764645,0.0947186241756165,0.3416189416152,0,0.858007869301081,0.664321240205295
RK199_Cancer,0.0796042066968303,0.450828612011774,0.0233526621220897,0.0683788063801291,0.0261636488133273,0.35167206397585,0,0.839764842148672,0.824769807943036
RK100_Liver,0.0101513976451835,0.233567425897031,0.0423642149529847,0.304418891507064,0.11686879196904,0.292629278028697,0,0.916046987402321,0.439010936638989
RK232_Liver,0.00946308594920081,0.246962138704853,0.0498752744621133,0.296704998917348,0.124892819618032,0.272101682348453,0,0.964360193987308,0.358944690301439
RK210_Cancer,0.0147751618145867,0.303861110008152,0.0232859058903575,0.211876487050465,0.115790287871582,0.330411047364857,0,0.805390284911213,0.654619413626062
RK190_Cancer,0.0129715816331907,0.327703645090696,0.029797072523604,0.166613925235701,0.137097329813945,0.325816445702863,0,0.694174546613962,0.768883868015942
RK194_Liver,0,0.192134543606847,0.0689483504330871,0.331281723167017,0.108422305067357,0.299213077725692,0,0.95782250364653,0.32947862162517
RK143_Cancer,0.00882916027436963,0.432322946762696,0.0176862576808047,0.0738731209143498,0.0967940255508362,0.370494488816944,0,0.813834813948016,0.825176331327365
RK036_Liver,0.0144520991240151,0.255835624644982,0.0617362686366896,0.26790111854931,0.137186413507087,0.262888475537917,0,0.945508548242415,0.435637342734794
RK166_Liver,0.0252067050922435,0.19448042009664,0.0267578727471721,0.273428858268281,0.176176887911919,0.303949255883744,0,0.909286049952182,0.482011531456256
RK073_Cancer,0.0149409907185604,0.160107701720277,0.0266320673121076,0.348513824531082,0.129170186465594,0.320635229252379,0,0.91616221579091,0.411766497121734
RK024_Liver,0,0.293439180663217,0.0802025115529238,0.283027138735393,0.0928460490771821,0.250485119971283,0,0.956857493851468,0.392679508094946
RK338_Cancer2,0,0.310155153452622,0.0066414550403976,0.145777275494161,0.116325108259333,0.421101007753487,0,0.749791396109661,0.760259960408154
RK025_Cancer,0.0049677662856335,0.298385100138427,0.018955230012264,0.153572117673983,0.0858471472913171,0.438272638598375,0,0.747071931731349,0.753040715286515
RK235_Cancer,0.0296892204620994,0.306504220552615,0.0119612345876534,0.131252785413301,0.139245370050521,0.38134716893381,0,0.775219114756384,0.766533200389848
RK070_Liver,0,0.298569017910812,0.0802200616545032,0.368885802609247,0.0670800777024754,0.185245040122962,0,0.968575677103666,0.267911100588566
RK039_Liver,0.0100245773828465,0.294490295912002,0.0533720659707929,0.331476790469227,0.0894140495929399,0.221222220672191,0,0.949008234901222,0.349407766888728
RK163_Liver,0,0.328365882866968,0.0468238638638666,0.310621137794257,0.102182007172653,0.212007108302256,0,0.963595510157898,0.338977162544835
RK204_Liver,0,0.0813874780547187,0,0.378886884220704,0.220813579137687,0.31891205858689,0,0.897738044518581,0.447234297376614
RK018_Liver,0.00159822313523247,0.276904580474239,0.0542230613873365,0.316147474955837,0.0961617397964979,0.254964920250857,0,0.955081896048728,0.35159690362022
RK199_Liver,0.0166747422278329,0.318828122863602,0.0618112536614558,0.244847724720417,0.0950604534760704,0.262777703050622,0,0.931209439608354,0.489084955380252
RK192_Cancer,0.0893844437928103,0.350228841647387,0.0256481715745663,0.0763296982094205,0.048592456837005,0.409816387938811,0,0.776694988282572,0.837939491552009
RK272_Cancer,0.107344425203205,0.128893307963548,0.00116950145322925,0.000161009560418293,0.0197036172041592,0.742728138615441,0,0.655198637888432,0.943884067861371
RK156_Cancer,0,0.620343157384251,0.00503321200181911,0.0632731875710938,0.10654298591287,0.204807457129966,0,0.793488853937884,0.82800768814617
RK165_Cancer,0.0368508491661912,0.367700766403059,0.0111848429832891,0.173127028172451,0.160191124414484,0.250945388860526,0,0.91814847650285,0.621488473404609
RK052_Liver,0.00484240611223842,0.25865984388652,0.0695491179039314,0.269102865826059,0.102575385359627,0.295270380911624,0,0.895216346401437,0.504284968197356
RK142_Cancer,0.0774675302891323,0.248351204017209,0,0.0175789093818574,0.237871644736991,0.418730711574811,0,0.715024662338123,0.926489347675458
RK178_Liver,0.0169550728039246,0.316432433657158,0.0280849433697468,0.234712507633775,0.121146007223056,0.28266903531234,0,0.819005343328986,0.621302754048319
RK118_Cancer,0,0.322624230172851,0.00842293000244503,0.0909597965667913,0.102509126029456,0.475483917228456,0,0.792236141602386,0.813758219907426
RK140_Liver,0.0237350294730654,0.341927211170348,0.0257233878167292,0.29096024971368,0.103471061836327,0.214183059989851,0,0.962993074384983,0.369028483622819
RK213_Liver,0.0385375195614615,0.406986955297192,0.0452846336565345,0.133338448541461,0.165122101025948,0.210730341917402,0,0.969931081813976,0.66445427302053
RK126_Liver,0,0.198688493645341,0.0777892561537606,0.377025547875911,0.0945174789052681,0.25197922341972,0,0.921074620089971,0.396501505685066
RK184_Liver,0.00539844788759665,0.320018884507998,0.0743857209144326,0.276601612573827,0.117703200825703,0.205892133290443,0,0.892906664107645,0.498997457973887
RK188_Liver,0.0008859370805963,0.319411074299644,0.0867471577709792,0.222253511133383,0.12579515309922,0.244907166616178,0,0.901415593961383,0.555659225725077
RK212_Liver,0.00842264240325792,0.260364197591482,0.0709297388004971,0.29460499309145,0.128691470017443,0.23698695809587,0,0.900342633346128,0.47247201260196
RK105_Cancer,0.0668446051009922,0.232356073479995,0.0173690818824278,0.134808036316085,0.0495374141131314,0.499084789107369,0,0.635428203204001,0.824316671483083
RK227_Liver,0.0120936371102574,0.313543282378771,0.035765887281391,0.296386601226469,0.0873026524396613,0.254907939563451,0,0.935534869986253,0.412580766370279
RK111_Cancer,0,0.449685378478792,0.0099193794385883,0.0877795388741196,0.076016629368323,0.376599073840177,0,0.608819551664792,0.86743219881773
RK035_Liver,0.00829354448177915,0.306303531252295,0.0792125665826506,0.360671770406625,0.063874765674403,0.181643821602247,0,0.953002715799698,0.319089675177679
RK230_Liver,0.0221060919194769,0.212953334073862,0.0340052166094798,0.293852550299567,0.121052838587632,0.316029968509983,0,0.916553748462225,0.448537204892643
RK188_Cancer,0.0465470802816139,0.309818645993338,0.00529727490271531,0.0430934133581216,0.0637324981439913,0.53151108732022,0,0.585321041587126,0.917088423977385
RK113_Cancer,0.0822903535470741,0.502131392756185,0,0.0285227554264189,0.267976147457575,0.119079350812747,0,0.862620982766303,0.865084130446672
RK050_Liver,0.00483858948905481,0.369162528393998,0.0892199125847749,0.256046312689313,0.0815522789690958,0.199180377873764,0,0.953414293147142,0.439766866616559
RK091_Cancer,0.00778616133778899,0.595091076443758,0,0,0.160378720640313,0.23674404157814,0,0.466968338189086,0.936874724471257
RK145_Cancer,0,0.544836748817334,0.00567811801613732,0.144639556339986,0.0922393810324687,0.212606195794074,0,0.812079630176652,0.721541939115782
RK125_Cancer,0.000540876604358255,0.391345138603788,0.0170595829729094,0.156919633242825,0.146754191240901,0.287380577335219,0,0.754162554946753,0.743909905888456
RK001_Cancer,0,0.293960424091403,0.00924607594290605,0.121150850016191,0.127107063922702,0.448535586026798,0,0.817775743680868,0.762002138552436
RK054_Cancer,0.0440792753352049,0.442485734070342,0.0149028004356447,0.0594802869384317,0.097172459075718,0.341879444144659,0,0.784217094539473,0.851675880942841
RK270_Liver,0.000671205890401711,0.287571358741655,0.0941953314591639,0.258363583174806,0.114036566866268,0.245161953867706,0,0.948518624514277,0.445005119419115
RK077_Cancer,0,0.298253947634337,0.0125709202513397,0.211457528663871,0.201798470461649,0.275919132988803,0,0.743817000207927,0.703089323931784
RK095_Cancer,0.0517652916461985,0.413292680214966,0.0203615912947655,0.0355844243705285,0.066388014790427,0.412607997683115,0,0.54800570644138,0.923264525978852
RK201_Cancer,0.011713272241679,0.44286560086787,0.0151587073573743,0.123260982733559,0.134587059177912,0.272414377621606,0,0.848847489194067,0.739167494180588
RK075_Liver,0,0.19984421830905,0.0734424002320683,0.3206297971372,0.135482933493396,0.270600650828286,0,0.954691233513529,0.348221142717936
RK051_Liver,0.00460506059686486,0.354702316831314,0.105487322442317,0.301088990948497,0.0705400118473139,0.163576297333693,0,0.949682107924417,0.379428177557187
RK043_Cancer,0,0.339458533998259,0.0311924322467728,0.143643829824165,0.146409457323083,0.33929574660772,0,0.722851019932848,0.77505374339134
RK032_Liver,0.0108101547888889,0.23877333739629,0.0569095423814096,0.284118797509571,0.0955607447711124,0.313827423152729,0,0.945853442878633,0.411324146161556
RK028_Liver,0.0208786544806392,0.278527349624215,0.0427094559821633,0.286963474213387,0.0786563345160121,0.292264731183584,0,0.942648400054825,0.412433657444717
RK138_Liver,0,0.478504711960071,0.100176708896562,0.213586826639249,0.0881824201888132,0.119549332315306,0,0.804441302430011,0.649849879437432
RK181_Cancer,0,0.289946074672848,0.021423984788386,0.155862581387884,0.084731506536403,0.448035852614479,0,0.669242744409951,0.790820288422198
RK103_Liver,0.0281231758799927,0.29647000787633,0.0585557217447624,0.260492091974489,0.123738873712984,0.232620128811442,0,0.919190453161974,0.482803654516384
RK185_Liver,0.00238159868136737,0.25565346476928,0.0686160024976133,0.325242975099474,0.080192580805304,0.267913378146962,0,0.955878699834007,0.339724727245331
RK037_Liver,0.0155808196364729,0.368315316738638,0.0595321102601502,0.242339626327976,0.103564744485339,0.210667382551423,0,0.922464482242238,0.502455658802565
RK130_Cancer,0.0571682504006207,0.319596506690568,0.019056228362596,0.122617064270302,0,0.481561950275913,0,0.68845280351917,0.81163611268674
RK061_Cancer,0.044588572859888,0.29766003330553,0.0378662231051332,0.115590203714292,0.0689589952918217,0.435335971723335,0,0.736563007689738,0.801625170767354
RK025_Liver,0.0113114545654477,0.260863599095015,0.0424900639232433,0.325385962683604,0.103389158192974,0.256559761539716,0,0.947134219387401,0.359674204603863
RK031_Liver,0.00741579825987896,0.255111913236308,0.108373476218977,0.291994917831789,0.105351093325936,0.231752801127112,0,0.916586128578294,0.449352193693886
RK179_Cancer,0.0321126833360124,0.551359302538007,0.0038575326541336,0.0262641940387809,0.110062447647138,0.276343839785928,0,0.934774786511925,0.844659426928947
RK258_Liver,0.0226454462697242,0.311961048365237,0.0467387781098053,0.222531738039367,0.121929567701623,0.274193421514243,0,0.894620893378686,0.56271971202446
RK062_Cancer,0,0.277557146824263,0.00525211944392155,0.247417061707044,0.14813085432084,0.321642817703931,0,0.755292957959453,0.671730594734347
RK216_Liver,0.0204068561172844,0.315933432188481,0.0649272198740605,0.218682089143759,0.112253434229168,0.267796968447247,0,0.88378924615293,0.578137197072471
RK207_Cancer,0,0.30990058516324,0.0127519825077467,0.14754750649551,0.120256697738814,0.409543228094689,0,0.696133737371007,0.78462779271606
RK029_Cancer,0.0110079468595841,0.271519312217472,0.0266052851088573,0.198995687702005,0.115900168485754,0.375971599626328,0,0.753764355841922,0.705584315519178
RK337_Liver,0,0.487328669172858,0.115816852482711,0.128355072120539,0.15541888673617,0.113080519487723,0,0.93012340219948,0.687275718309124
RK030_Cancer,0,0.307479441634691,0,0.137331166322216,0.185490636867515,0.369698755175577,0,0.733016622680487,0.778293236803186
RK198_Cancer,0.0758327938636453,0.52579914046419,0.00978022179871935,0.059631489515066,0.0700997444095618,0.258856609948817,0,0.860871359411415,0.824901412130426
RK151_Cancer,0.0199578398106196,0.285531880268635,0.0221097805689641,0.11021448255107,0.113409202875826,0.448776813924886,0,0.69021421594098,0.825346699025523
RK261_Cancer,0,0.347402829801055,0.0366291722499544,0.155869129910103,0.107698732787863,0.352400135251024,0,0.636705773762672,0.806305046973026
RK175_Liver,0.0232768654552439,0.220333496942125,0.0847822077552911,0.260071599010711,0.0927745344646436,0.318761296371985,0,0.689025727137721,0.726999276312907
RK030_Liver,0,0.1647617895515,0.0457574114459784,0.267850405589549,0.1439464524863,0.377683940926673,0,0.834684474640266,0.579925230819848
RK058_Liver,0.0403696146438437,0.303134670182839,0.0792761270123369,0.19705812748829,0.148439272691398,0.231722187981292,0,0.825342964344248,0.655126790350356
RK044_Cancer,0.00510629043642884,0.358498107978162,0.0552998813520177,0.14648413533737,0.0673927299787747,0.367218854917246,0,0.71902540272202,0.772962821107559
RK131_Liver,0,0.241493572115969,0.0855461869421827,0.345441864296055,0.114752381219504,0.212765995426289,0,0.944683336896704,0.349341320162867
RK099_Cancer,0.0594539211065429,0.385718192630213,0.00994502499661135,0.0772242649838876,0.0211987515016838,0.446459844781061,0,0.808095470708336,0.825261085117977
RK326_Liver,0.0086323448497438,0.219044221595357,0.0145414661302764,0.339948941956364,0.150798807484395,0.267034217983863,0,0.946290734655744,0.349815241497116
RK150_Cancer,0.0304998209602398,0.273212424453314,0.0375125884566497,0.272834988054958,0.129858116391138,0.2560820616837,0,0.910023772041444,0.480502845776036
RK214_Cancer,0,0.361057752486203,0.0110963358188358,0.0733685505126741,0.0621258699754289,0.492351491206858,0,0.670171931558472,0.867589330858671
RK088_Cancer,0,0.328785184274353,0.00672910723340087,0.0359038714038694,0.109640928700492,0.518940908387885,0,0.749949809092206,0.894339380253928
RK044_Liver,0,0.555185795493214,0.0372679308045414,0.0995568616871336,0.130000431397324,0.177988980617787,0,0.864930635342923,0.761100855532962
RK071_Cancer,0.0538834180838996,0.272835045498832,0.0277261505540333,0.136858842539148,0.0711836773050053,0.437512866019082,0,0.698695303269526,0.794536813624228
RK261_Cancer3,0,0.347402829801055,0.0366291722499544,0.155869129910103,0.107698732787863,0.352400135251024,0,0.636705773762672,0.806305046973026
RK089_Cancer,0,0.5288884430018,0.0190053096288281,0.0118538666642264,0.0752932546968063,0.364959126008339,0,0.401618997341748,0.949685934859558
RK083_Liver,0,0.177733082534177,0.0741281984643584,0.353402103491541,0.116001193649673,0.27873542186025,0,0.866419591840646,0.503661932596338
RK119_Cancer,0.00624136315341958,0.300466561393191,0.0253096711903022,0.0435484666160975,0.0716147260755384,0.552819211571451,0,0.719703431467736,0.892817749621487
RK326_Cancer,0.128308532036774,0.198440971905428,0,0.0622543673703938,0.0882030167396825,0.522793111947721,0,0.506098562770459,0.921613198892257
RK172_Cancer,0.0718390717680968,0.265871347423596,0.0197113126496736,0.151721247777484,0.0419840202395433,0.448873000141607,0,0.808568453230996,0.723943654346377
RK146_Cancer,0.0828835745370144,0.229381863986494,0,0.0278988069809323,0.193337407946907,0.466498346548652,0,0.730065950869282,0.916578053174427
RK108_Cancer,0.0220930763459574,0.364562255048888,0.068958063307806,0.183100018105476,0.0862328951302687,0.275053692061604,0,0.869642148648884,0.638809030850332
RK106_Cancer,0.0168591482001632,0.454165325740893,0.0202627231749181,0.0699606648928546,0.112477087116974,0.326275050874197,0,0.828912555542931,0.82512450129194
RK021_Liver,0.0131148569975159,0.343346016257586,0.0432923799688201,0.254236369881595,0.115354168305444,0.230656208589039,0,0.948217228562164,0.45160170256495
RK134_Cancer,0.00983489200807839,0.32015637145788,0.0248074466037689,0.105771074069096,0.0961751788240466,0.44325503703713,0,0.676820216666935,0.833461450485372
RK284_Cancer,0,0.297905474634518,0.0141432088842387,0.166325980448263,0.155921643458874,0.365703692574106,0,0.643008342917,0.797123711691544
RK167_Liver,0.00455873950758959,0.30005336000921,0.0837296329415689,0.343383167158154,0.0789106665618255,0.189364433821652,0,0.954425282441019,0.326054582941304
RK115_Cancer,0.00469719578260919,0.445734158366378,0.0235469697218617,0.1186682704491,0.0812688524734412,0.32608455320661,0,0.895484571498033,0.72486828116339
RK026_Liver,0,0.31151768876398,0.0585797106140285,0.319928367059494,0.0964029767557883,0.213571256806709,0,0.859370018875188,0.5196854880782
RK265_Cancer,0,0.330577510430217,0.0249895948567627,0.203373729860916,0.109999106484099,0.331060058368006,0,0.896187479690158,0.588772694249824
RK256_Liver,0.00409606998474972,0.320023218471614,0.0806891740111269,0.355990821667673,0.0564719690764615,0.182728746788375,0,0.912545753736511,0.416597518300166
RK098_Cancer,0.0493575216659901,0.549285589944254,0.0202855656591727,0.0604146526205148,0.0156334393561358,0.305023230753933,0,0.850143661113539,0.823095769798152
RK236_Cancer,0,0.419213646497537,0.0215473552338308,0.0816316458276404,0.111912068480727,0.365695283960264,0,0.809989043862223,0.816244336788181
RK229_Cancer,0,0.555775918258662,0.0178428646778415,0.146491026838216,0.0957316065007219,0.184158583724558,0,0.876209464018027,0.682616826394831
RK128_Cancer,0.124607379973147,0.370495966032043,0.0162757825021807,0.0995267047428273,0,0.389094166749802,0,0.745840642622605,0.815820013066795
RK107_Cancer,0,0.324683177004629,0.0102630060778369,0.18162335540997,0.124566201971494,0.358864259536069,0,0.836948781338406,0.665506073317903
RK208_Cancer,0.0355922326068995,0.218371112276584,0,4.16579057688201e-05,0.137093550355857,0.608901446854891,0,0.681139610638958,0.937706041613398
RK107_Liver,0,0.303256609367622,0.0684397721628668,0.310492301840556,0.0878282351335094,0.229983081495446,0,0.95211948806592,0.364126467654617
RK193_Liver,0.0444761873892787,0.286715543453915,0.0336335119351623,0.155621864955312,0.153018685088856,0.326534207177476,0,0.875371917671784,0.681117978535143
RK019_Liver,0.00210478413516492,0.237169784728502,0.0575287316211828,0.310363663282351,0.0930142041389072,0.299818832093892,0,0.933957495618787,0.401178884254597
RK018_Cancer,0.0289329165989626,0.370471368596008,0.00873527678118787,0.245204295089144,0.146897637486463,0.199758505448235,0,0.853377847986741,0.576991537197668
RK060_Liver,0.00546484812890409,0.324404155898736,0.0818584598683499,0.286123522397153,0.0736252727640433,0.228523740942814,0,0.925963361806564,0.439893706117883
RK024_Cancer,0.0964608565985113,0.261909211523167,0.0135252594201011,0.132472086410366,0.0005472574509021,0.495085328596953,0,0.737701013606782,0.782155467804803
RK228_Liver,0,0.333161408233678,0.10947842650852,0.248442021140179,0.0949847681773996,0.213933375940223,0,0.822619564763335,0.605486013899279
RK014_Liver,0,0.342853242391658,0.0250054740686609,0.259892971979915,0.178797012061468,0.193451299498298,0,0.846669707305231,0.571194354094529
RK177_Liver,0.0240963817994954,0.346636111079876,0.0835507938014225,0.203022279969847,0.131330357298494,0.211364076050864,0,0.934904329267849,0.554319816185468
RK228_Cancer,0,0.309758316241818,0.00718167602608106,0.0607900901199251,0.0944273702070324,0.527842547405144,0,0.58692738003105,0.901514483251657
RK037_Cancer,0.0123061484727638,0.382837352576201,0.0238171974713795,0.128229685438508,0.0795995139294674,0.37321010211168,0,0.829075862903144,0.742856485558582
RK309_Cancer,0.134866204081806,0.330705190990774,0,0.00948123462838611,0.148602700802098,0.376344669496936,0,0.510119983145703,0.947767093815777
RK155_Cancer,0,0.377869530642769,0.0133622284650311,0.123715020079454,0.147512039794979,0.337541181017767,0,0.733785475638669,0.790940572809339
RK151_Liver,0.0208139039308136,0.313090882588099,0.0309533397112085,0.192533444359439,0.116915865080675,0.325692564329765,0,0.845241195977303,0.645596033737916
RK106_Liver,0,0.285678358255794,0.0852640060561931,0.337429243549689,0.057097619716251,0.234530772422073,0,0.94005836451535,0.365011534351924
RK200_Liver,0,0.240343102621459,0.0702308238408509,0.292101980496133,0.101934547193121,0.295389545848437,0,0.943667209504769,0.404174504130876
RK245_Cancer,0.0262004709808225,0.413483575083719,0.0256050108510877,0.102570188900497,0.0948075552406838,0.33733319894319,0,0.84557218179292,0.773892089274416
RK257_Cancer,0.0262942988005178,0.331456104450978,0.0122152095664969,0.139681848309142,0.1122089792019,0.378143559670965,0,0.786195627045943,0.749580449679436
RK003_Liver,0,0.257655042716406,0.0425715060448035,0.376134040543205,0.0832421174851836,0.240397293210402,0,0.930929712572241,0.372967751183748
RK164_Cancer,0.00676466821443568,0.367956915092778,0.0629018781374375,0.225893260436613,0.0666893681136233,0.269793910005112,0,0.747830625438403,0.689005368268179
RK124_Liver,0.00803343710551556,0.377677598078225,0.0731791132008267,0.194464315050518,0.0938950082350922,0.252750528329822,0,0.939771615978436,0.563957291075301
RK064_Liver,0.0181898668758691,0.289642568177988,0.0226937609743128,0.278971609522267,0.118651714990878,0.271850479458685,0,0.918110866194946,0.461488364594848
RK095_Liver,0,0.230135574602783,0.0551943874551916,0.347008964078709,0.108726367748679,0.258934706114637,0,0.952583192132578,0.328841920981815
RK109_Cancer,0.0657777186061701,0.269007366133035,0.0299046292255448,0.0949622622252213,0.125206756063457,0.415141267746572,0,0.835731694361306,0.797710444676634
RK002_Cancer,0.0264236462590603,0.431844599077488,0.0310594756818369,0.0587637829550613,0.077679940293291,0.374228555733263,0,0.797069075397828,0.849707059391888
RK020_Cancer,0,0.332252040917013,0.0155466363268079,0.135056065322887,0.0872090002938115,0.429936257139481,0,0.731210750020809,0.780154920331442
RK062_Liver,0.0044107166315752,0.278450281851742,0.0763971333022025,0.314512231141999,0.102931443500436,0.223298193572045,0,0.948451723875125,0.367556038933673
RK023_Liver,0,0.276606222177442,0.132397803951694,0.264895898398135,0.111298456681231,0.214801618791499,0,0.859784700889727,0.55182347741996
RK054_Liver,0.00773907810903342,0.262439920535852,0.0732580913743335,0.288075923470913,0.0917955199541102,0.276691466555757,0,0.923327474955475,0.442882017581928
RK312_Liver,0,0.282039062922344,0.0550300443714216,0.326149322838648,0.134643480027846,0.20213808983974,0,0.953095184468879,0.345195169889836
RK267_Liver,0.00397832294521425,0.36224812215088,0.0773783598726305,0.262565145376793,0.0796245060153994,0.214205543639082,0,0.923597163386174,0.472223346616657
RK163_Cancer,0.0751519719116031,0.465434915854487,0.016126437287662,0.0411424192018497,0.0340819485848398,0.368062307159558,0,0.639068232598456,0.899224606463915
RK143_Liver,0.0157176456305131,0.328635680674495,0.0171608568163713,0.233572307979449,0.142335239213571,0.2625782696856,0,0.922945035666039,0.516722157547457
RK305_Liver,0.0179403519638971,0.248802429334353,0.039712416807261,0.255663395379854,0.135303550981043,0.302577855533592,0,0.855925407605085,0.56551642918489
RK022_Liver,0,0.2849176958319,0.0513155769317325,0.263667269121125,0.156408091887152,0.243691366228091,0,0.934749205089685,0.457217902755505
RK230_Cancer,0.0577926616440887,0.300537584869363,0.0228406488977699,0.224246598148025,0.0898556214229111,0.304726885017843,0,0.746621914842817,0.692131808892413
RK186_Liver,0,0.246581363152769,0.0367488855555441,0.388217766582133,0.0812649594608236,0.24718702524873,0,0.938265577547823,0.354760441650228
RK169_Liver,0.0658061700582941,0.515264889684077,0.00798696996625153,0.052917490002771,0.0384806356216537,0.319543844666953,0,0.845411385091021,0.838289900176808
RK035_Cancer,0.0248728632878016,0.294452155529083,0.00816318320791252,0.287924893872141,0.11082815774276,0.273758746360302,0,0.906822548285156,0.468806181493949
RK006_Cancer2,0.008527969027139,0.17028330690457,0.0105012925347877,0.224099316379896,0.103403735925342,0.483184379228266,0,0.808941165584462,0.641340673171614
RK337_Cancer,0.000511063482481438,0.312747839824278,0.00610588366123709,0.174797695138046,0.115030524409923,0.390806993484035,0,0.814685067611027,0.689249417613576
RK259_Cancer,0,0.24561242966278,0.00451128421458848,0.0896599620660406,0.0574585257314073,0.602757798325184,0,0.629983492258822,0.865711074771164
RK006_Cancer,0.008527969027139,0.17028330690457,0.0105012925347877,0.224099316379896,0.103403735925342,0.483184379228266,0,0.808941165584462,0.641340673171614
RK085_Liver,0,0.436520228206171,0.0466204613531755,0.243547750611456,0.11771130350092,0.155600256328277,0,0.89499539822045,0.531347805587945
RK226_Liver,0,0.293083122236671,0.0695866674115967,0.313513765971052,0.0789693226624064,0.244847121718273,0,0.908066290559945,0.444627641930778
RK148_Cancer,0,0.337830154631784,0.0190028987737864,0.154643443382964,0.126289071944701,0.362234431266765,0,0.849752756404503,0.695021787861186
RK182_Liver,0.0117648012884514,0.495883451156232,0.157459976256115,0.135770137944042,0.0966468141876186,0.10247481916754,0,0.956238038987768,0.657412984311842
RK184_Cancer,0.00531649814741101,0.637440382467161,0,0,0.128859507938533,0.228383611446895,0,0.823051350510355,0.866231565034593
RK257_Liver,0.00168948948228893,0.362067988871211,0.0482335334130155,0.237050230199837,0.131432116679936,0.219526641353712,0,0.949462656946697,0.478509837578817
RK222_Cancer,0.0303445803603638,0.367748907979852,0.0448327716886775,0.151424690706799,0.112737242519182,0.292911806745126,0,0.889481823947083,0.676325927669176
RK269_Cancer,0.0105112466312749,0.743824443509331,0,0.00436238700633502,0.128805547726341,0.112496375126719,0,0.846715540977787,0.84362585073117
RK149_Cancer,0.00190510001266611,0.469955462964797,0.00947834257245319,0.171045502808899,0.121762740810592,0.225852850830594,0,0.879315069879251,0.647046047349701
RK020_Liver,0,0.261249003339497,0.0868176469909678,0.243903264978691,0.0900187738361308,0.318011310854713,0,0.852829000622916,0.579438300458135
RK066_Liver,0.172309669223374,0.253741301837233,0,0.00212322412668857,0.313975343871593,0.257850460941112,0,0.660125966086887,0.939501878335878
RK195_Liver,0.0109316787382415,0.307067726096989,0.067839495104969,0.307182857274295,0.0885996569084413,0.218378585877063,0,0.961779448002423,0.347887677476033
RK255_Cancer,0.0265017520319412,0.415075771372212,0.0343492703556704,0.161516378372082,0.0931285558413576,0.269428272026737,0,0.877330509689762,0.665201634267222
RK117_Cancer,0,0.377620061066636,0.035683563985757,0.175652915479039,0.169748938404042,0.241294521064527,0,0.631162162655683,0.797129543221654
RK310_Cancer,0.0140005573892716,0.253574712156117,0,0,0.0688685173652849,0.663556213089327,0,0.739061514026111,0.925915569104964
RK010_Cancer,0.0158616580825536,0.304960048714093,0.0185776173974036,0.173732434307553,0.0944045936021954,0.392463647896201,0,0.837728339812464,0.675899482589114
RK270_Cancer,0.000412531857832031,0.317237209764572,0.0184092279601658,0.143431625527091,0.11635428548861,0.404155119401729,0,0.710397096140358,0.781567738729398
RK031_Cancer,0,0.573477414330316,0.0120400450639261,0.0471999368851321,0.0762185314019249,0.291064072318701,0,0.733974118330769,0.864058806743987
RK003_Cancer,0,0.424562811303269,0.0154092927758383,0.0414630330638259,0.103234245899412,0.415330616957654,0,0.807474491342526,0.86912847904102
RK207_Liver,0,0.253111320911137,0.0532855586560063,0.375409295986132,0.101224880990498,0.216968943456226,0,0.958050090368309,0.299323413463515
RK175_Cancer,0.012187499474253,0.331054102255328,0.0267236952156491,0.141650525429654,0.102506060197357,0.385878117427758,0,0.699694238002437,0.788023835434407
RK093_Liver,0.0151659090518256,0.199513191979623,0.0250848754253467,0.362701794296946,0.163376144020613,0.234158085225645,0,0.938310579808597,0.357214493355742
RK169_Cancer,0.00913644025902991,0.29215444316335,0.120884298760895,0.198195656577334,0.127379717061539,0.252249444177853,0,0.810832928734625,0.664198724315696
RK266_Cancer,0.0149723516112963,0.544845160657172,0.00277589640808669,0.111692582190902,0.117138828436409,0.208575180696134,0,0.793447549897121,0.773612352374642
RK244_Liver,0.00151105097102269,0.287654565920818,0.0653252921743672,0.316582269910427,0.0970579247537882,0.231868896269577,0,0.959995653366484,0.339866714604446
RK102_Cancer,0,0.323675930946785,0,0.0318583201862129,0.179994844560798,0.464470904306204,0,0.864629567195937,0.882031878352258
RK128_Liver,0,0.306406815652281,0.0573252540659481,0.30313741305831,0.105256631458447,0.227873885765014,0,0.92687831498593,0.420551518317731
RK195_Cancer,0,0.368961404620207,0.0105933161688889,0.0870541766819762,0.132636608605207,0.400754493923721,0,0.831765611498521,0.80520688090208
RK211_Cancer,0.0407292237384459,0.361458709226916,0.00951805576627809,0.146187277255094,0.144230022363479,0.297876711649787,0,0.821545403385651,0.722628821471635
RK084_Cancer,0.0270853469922981,0.228811667447917,0.00058583693889612,0.00306291897742801,0.105371653476595,0.635082576166865,0,0.776569840842749,0.924770945797395
RK211_Liver,0.0169646190527497,0.342102252810169,0.0897658046883891,0.214584693720739,0.0770108804096376,0.259571749318315,0,0.90121813702284,0.566411232781391
RK056_Liver,0.00991603922032936,0.147599534458257,0.0709174889008487,0.341552376017886,0.141152806217316,0.288861755185363,0,0.909504819423859,0.427551692094191
RK057_Cancer,0,0.379179005635729,0,0.158256538513555,0.229906033969328,0.232658421881388,0,0.771630625206912,0.733784207900961
RK265_Liver,0.0246998390992252,0.29953662568091,0.0621285345168364,0.296034858663098,0.0918388771425927,0.225761264897338,0,0.929127060175999,0.424240886199865
RK051_Cancer,0.00414645282867683,0.388360826794531,0.0146394511130512,0.082389074102678,0.0592521477813445,0.451212047379718,0,0.759768813368808,0.831340231397323
RK202_Liver,0.00855512676183817,0.398453328040507,0.0930960029111457,0.255777203722065,0.0835769403896458,0.160541398174799,0,0.946444737440831,0.44939285400915
RK040_Liver,0.0136364725615554,0.453615950789567,0.0307042031990814,0.19914331054602,0.110767215280679,0.192132847623097,0,0.894754628267872,0.592904016932968
RK258_Cancer,0,0.461072329403099,0.00735601374983196,0.0852872202313477,0.100905818326688,0.345378618289033,0,0.849931900087192,0.795665218768412
RK152_Cancer,0.0137833241574081,0.53973050505412,0.0166400200601478,0.107443138204126,0.0786394839431925,0.243763528581005,0,0.89991602882237,0.735820587632028
RK194_Cancer,0.0868879639760668,0.241099155593209,0,0,0.139746361756164,0.532266518674559,0,0.543071167707036,0.951610039799493
RK032_Cancer,0,0.306734290606418,0.0128487147506638,0.181129377698185,0.0969654653395703,0.402322151605163,0,0.810498399067667,0.684186646594714
RK072_Liver,0.0169973364908938,0.190900364776283,0.0251901214304253,0.293537948037136,0.147444992307938,0.325929236957324,0,0.956238380914348,0.380644415928487
RK055_Liver,0.00948273791669228,0.267778229280944,0.0417103746510049,0.284789041976094,0.141140855818382,0.255098760356883,0,0.919878048330468,0.452359056989169
RK102_Liver,0,0.383292399745442,0.039081358209375,0.305705330058169,0.135694226347373,0.136226685639641,0,0.952198559210085,0.368935304357993
RK233_Liver,0,0.273033048017907,0.0710540224508849,0.291402857609879,0.125470253905023,0.239039818016307,0,0.912862018220032,0.455877951518178
RK033_Liver,0.00392380654509883,0.27238939288918,0.0779495071819002,0.358905887322108,0.0660967556564885,0.220734650405224,0,0.952673636846413,0.321052892670434
RK217_Liver,0.00404946244600389,0.23347150120427,0.0684403823963478,0.28163053423833,0.117274376368773,0.295133743346276,0,0.967676410633622,0.376834570265551
RK202_Cancer,0.0724382994343249,0.332055674538082,0.0091672002435577,0.123300773317547,0.0795365851845166,0.383501467281972,0,0.74283308089235,0.789457668978778
RK068_Liver,0,0.269822674293936,0.0459619671765346,0.373501131715231,0.078447674531249,0.232266552283049,0,0.958974963097766,0.297009583884311
RK197_Cancer,0,0.23966087727724,0.00444964459954514,0.22692853689079,0.106541058848791,0.422419882383634,0,0.834679893164083,0.615082942268657
RK205_Liver,0.0154565084709569,0.260102556120223,0.0466056014873027,0.345823841133927,0.110165661711524,0.221845831076067,0,0.947815695571529,0.341545599801566
RK034_Liver,0,0.290510284791149,0.0639487201758914,0.256811199899958,0.145521132571079,0.243208662561923,0,0.951064572387364,0.444379254852322
RK190_Liver,0.00162440429545324,0.312207097395222,0.129000168040667,0.305054697778241,0.064108755001952,0.188004877488465,0,0.935259490954906,0.402742467639443
RK310_Liver,0.0111296947739654,0.256155004934166,0.0620000167645513,0.307233244561027,0.147364211766551,0.216117827199739,0,0.851056484871436,0.536638584686296
RK216_Cancer,0.0636829008580172,0.379550038952332,0.0179959004289692,0.0700252621532996,0.036936141835694,0.431809755771688,0,0.710990152740549,0.860726956005365
RK099_Liver,0,0.252278856822704,0.0493685368856188,0.351646504198984,0.101832767988148,0.244873334104545,0,0.95047119839908,0.331119160456436
RK116_Cancer,0,0.248126525012465,0.0749871032547013,0.287388279321853,0.171789246270335,0.217708846140645,0,0.946783203118877,0.405253721869561
RK140_Cancer,0.0209905214121849,0.354730677529109,0.0030590847498811,0.143680991308922,0.114411892352943,0.36312683264696,0,0.810505973908024,0.73154791585092
RK208_Liver,0.0489676390318651,0.290925023975387,0.0238551940614417,0.126466452364106,0.117501867584779,0.392283822982421,0,0.907451522266796,0.714682612444412
RK213_Cancer,0.024649060952695,0.786837012520307,0.00289295210368192,0.00633636190985561,0.0475896133035872,0.131694999209873,0,0.783616666471319,0.851601508779627
RK189_Cancer,0,0.290217283728949,0.0224445783666885,0.0912847989311693,0.152055548615533,0.44399779035766,0,0.712329600285343,0.839628189615393
RK162_Cancer,0.0177436261073739,0.313945082464689,0.0222671462828241,0.118954921188624,0.0716849489037891,0.4554042750527,0,0.705257529045756,0.809152462608799
RK263_Liver,0,0.348675336278988,0.0146884728311569,0.232707731030206,0.177474037818657,0.226454422040992,0,0.81395575439909,0.627490390643184
RK055_Cancer,0,0.246952107716521,0.0386900624458019,0.291865785667758,0.120516456289028,0.30197558788089,0,0.903179551019198,0.470777924909801
RK043_Liver,0.0243939638988794,0.201003498585436,0.0302835919840353,0.26091088077627,0.123174582934716,0.360233481820663,0,0.867388562250389,0.548002409340597
RK147_Cancer,0.0166933795049488,0.33288233098492,0.0139645771644507,0.0747341038623239,0.0978655835727184,0.463860024910638,0,0.78063687507413,0.83953780143995
RK268_Liver,0,0.315428988024168,0.07933835355564,0.310208253939075,0.0802275404576138,0.214796864023503,0,0.961677390104256,0.343649872940116
RK224_Liver,0.000125879325986261,0.287213122975693,0.0613896997910945,0.31051258054569,0.115095188575296,0.22566352878624,0,0.944216293400093,0.380605053685266
RK212_Cancer,0,0.270789056944852,0.0183647022674146,0.127822009594466,0.115645396017898,0.46737883517537,0,0.779806508230783,0.769303018841433
RK237_Liver,0.000729351510256727,0.271882271091701,0.0550504973693417,0.341179635922034,0.106901976294833,0.224256267811834,0,0.946500727255341,0.347733891880241
RK269_Liver,0,0.26531968183042,0.0819300821282622,0.331772718677504,0.0781658872094905,0.242811630154323,0,0.966467409848511,0.306017482031275
RK191_Cancer,0.0686478561365992,0.649839153076465,0.00168713562863513,0.0371587783727718,0.0768534079019543,0.165813668883574,0,0.879881726853468,0.83123796573069
RK209_Cancer,0,0.400490135342856,0,0.10577524259239,0.137560765572498,0.356173856492256,0,0.816592363355844,0.780785884110239
RK096_Cancer,0.00303416937463983,0.307669484164652,0.0408156923484781,0.257522748639783,0.10799210503796,0.282965800434487,0,0.946220003288258,0.449706008292247
RK019_Cancer,0.0070818937297349,0.278365930019794,0.0168979496388527,0.216877960193224,0.113678687078685,0.367097579339709,0,0.833046898252053,0.626761573712166
RK219_Cancer,0.0145659888063189,0.288007131223193,0.0752200241779095,0.288914054336251,0.0732523407187833,0.260040460737545,0,0.936944181401885,0.419155280286495
RK110_Cancer,0.0111546398062686,0.382413257866604,0.0184561309978475,0.106610680183974,0.136291217781882,0.345074073363423,0,0.671089681191702,0.83300497207466
RK297_Cancer,0.0174924582679914,0.363745250308271,0.000239012835004975,0.174868490469572,0.126794739751718,0.316860048367443,0,0.834093731029195,0.675676145843931
RK141_Cancer,0.0785114914350189,0.197066359547964,0.0214938821255786,0.124643912148283,0.0971075391190039,0.481176815624152,0,0.682185753769881,0.815539569775669
RK237_Cancer,0.131955384676355,0.421916777941129,0.00638331918100703,0.101482463493779,0.160059853886074,0.178202200821655,0,0.827248830011383,0.783625406316959
RK204_Cancer,0.0173655532083764,0.1838954392875,0.0196778184979277,0.297941158370223,0.122819829799405,0.358300200836567,0,0.865661978027976,0.521350685657036
RK338_Cancer,0,0.310155153452622,0.0066414550403976,0.145777275494161,0.116325108259333,0.421101007753487,0,0.749791396109661,0.760259960408154
RK166_Cancer,0.0454275381736898,0.337751722635376,0.0143215749513339,0.0420355851262861,0.0899178012506914,0.470545777862623,0,0.746849616351086,0.888334506504615
RK185_Cancer,0.138340403504254,0.278897654778539,0.0104546023910948,0.137745373753271,0.0391196701140763,0.395442295458764,0,0.8018342127422,0.746725266672145
RK165_Liver,0.0266170689393592,0.256676096373324,0.0559746750590727,0.238506099272503,0.164818929725721,0.25740713063002,0,0.78181747465794,0.653161842816175
RK007_Cancer,0,0.338334475658634,0.00834742711994889,0.145031950884904,0.157696191268508,0.350589955068005,0,0.758298577896811,0.756537614231516
RK178_Cancer,0.0253749144133243,0.313258141250603,0.0245862942600882,0.119298473478297,0.0926597544314806,0.424822422166207,0,0.804545925263727,0.769427557957896
RK089_Liver,0.0165126808982579,0.272023179706628,0.0585057028415588,0.342652029409175,0.106907547453346,0.203398859691034,0,0.960700975043636,0.310688424294286
RK065_Liver,0.0587537294804057,0.171767426684314,0.0275810548892036,0.230233399363674,0.0559837816034612,0.455680607978941,0,0.821828800568856,0.624266923045436
RK220_Liver,0.0370968546576048,0.315098176580046,0.0296673137859086,0.224740134941386,0.151945338155808,0.241452181879246,0,0.890623950498019,0.564007767494159
RK201_Liver,0.00248780199844221,0.304918698235197,0.0610004121271401,0.252949886665313,0.1290629961327,0.249580204841208,0,0.947952489277977,0.454747133247445
RK101_Cancer,0,0.398167599961061,0.0222872100269378,0.0899701380111505,0.0946229528317582,0.394952099169092,0,0.879294128884067,0.782914643856536
RK033_Cancer,0.0278219107251073,0.542721121862843,0.0101039938877933,0.072872260586773,0.121694917596649,0.224785795340834,0,0.885735118298333,0.796922239705946
RK096_Liver,0.00990793311480677,0.252562590743259,0.0358078619819655,0.29899058931434,0.110750036667388,0.291980988178241,0,0.93340774916211,0.414234078672705
RK004_Cancer,0,0.307110886911727,0.0474210004285229,0.220134348170559,0.0825113567259057,0.342822407763285,0,0.888812339203725,0.571245085976572
RK047_Cancer,0.0305303648244758,0.454942965709132,0.0350761303021982,0.134893417424313,0.108306732035024,0.236250389704857,0,0.806173987102417,0.741563372122561
RK285_Cancer,0,0.451705819241993,0.0109397600545546,0.13572870588234,0.0948227301342085,0.306802984686905,0,0.801228108144653,0.74275684167184
RK072_Cancer,0,0.370811476925115,0.00808085195997192,0.0852581610919139,0.10398441501185,0.431865095011149,0,0.590816154810464,0.877715155169018
RK116_Liver,0,0.209126588305892,0.0934817198382805,0.319608125979696,0.136826990236361,0.240956575639771,0,0.940109569302597,0.380326434415736
RK272_Liver,0.124282819648207,0.185878620426077,0,0,0.0115301356060219,0.678308424319694,0,0.591268194176485,0.947782910970401
RK146_Liver,0.00930697198018722,0.250890086906415,0.0416679014643394,0.355336931169079,0.107613973690443,0.235184134789536,0,0.968763039766032,0.276886217537093
RK005_Liver,0.0139882788691776,0.262737413018805,0.0504569686455862,0.332819320468821,0.0892785140006317,0.250719504996978,0,0.929127471287303,0.392156596414983
RK038_Cancer,0.0200552027456986,0.338134676456612,0.0161043356266413,0.0837032090342778,0.116565595913345,0.425436980223425,0,0.830444500496342,0.81268166960331
RK193_Cancer,0,0.300604263290892,0.027144304810607,0.23181827419887,0.12968339896503,0.3107497587346,0,0.822662064651622,0.620635324635916
RK027_Liver,0.0369085093468506,0.3876936319807,0.0848015892121883,0.182861223970472,0.143255818926511,0.164479226563279,0,0.775520605567777,0.703817512491277
RK005_Cancer,0.0366869752526929,0.406067452845311,0.0127135787069372,0.111127811434512,0.114652139078894,0.318752042681653,0,0.876128958449481,0.749271180904292
RK307_Cancer,0.0920828243538167,0.422170551869455,0,0,0.12288208841018,0.362864535366549,0,0.627990678243206,0.926490211514462
RK012_Cancer,0,0.316872245017639,0.0386304141437596,0.24385957296506,0.0838977816439,0.316739986229642,0,0.749835242753984,0.677901440863647
RK124_Cancer,0.0699314543312351,0.582335916643366,0.0214651135473513,0.0771907079939306,0.0471736123257392,0.201903195158378,0,0.851374750262197,0.79705586772134
RK016_Cancer,0.00645806404344719,0.291813646863356,0.0238809465394275,0.240005827797777,0.107588052622409,0.330253462133583,0,0.764955749197507,0.666846062589147
RK100_Cancer,0.0122376618059563,0.349319007449092,0.0212040710824031,0.0904128824231449,0.125731467659699,0.401094909579705,0,0.809710961923178,0.80822023818029
RK022_Cancer,0,0.370383233255924,0.00713421552001947,0.15416059545355,0.0989828073111829,0.369339148459324,0,0.766559551543557,0.740547924115484
RK198_Liver,0,0.364185603457428,0.0937259423465863,0.290558666361495,0.0754526354930741,0.176077152341417,0,0.952730864828613,0.387526967441599
RK059_Liver,0.0312509458727231,0.213601437329311,0.0375037116466005,0.322655300785726,0.130400384156558,0.26458822020908,0,0.950004477199105,0.356767893493987
RK243_Liver,0.0100831667287574,0.322874463915326,0.0659900732886304,0.279547509828256,0.0832332011993178,0.238271585039712,0,0.973411641198278,0.367938313185118
RK098_Liver,0,0.287001310527566,0.0539598804453871,0.352950564580827,0.136636936096707,0.169451308349513,0,0.955364653481514,0.317111733423878
RK112_Cancer,0.0669196912419514,0.294470124501555,0.0228867830685252,0.146336241101005,0.140495337737169,0.328891822349794,0,0.859240652144107,0.704965125860239
RK255_Liver,0.0181486287056834,0.336314015047979,0.0651458643358674,0.273968199700015,0.0878560820617514,0.218567210148704,0,0.940795059963152,0.432185574203334
RK118_Liver,0.000147174547659194,0.297697183290452,0.072538871527047,0.331865568736056,0.0802176503194616,0.217533551579324,0,0.818558249398691,0.577286007307918
RK039_Cancer,0.00632291194353945,0.225920498000654,0.0358835058424208,0.286490819217144,0.118528498435112,0.32685376656113,0,0.945474805373803,0.409093218025686
RK113_Liver,0.0686036366483742,0.550343575077994,0,0.0181434220112329,0.290239375012963,0.0726699912494356,0,0.872629812804493,0.86378627907769
RK050_Cancer,0,0.288247802636723,0,0.126602019789448,0.213184215017558,0.371965962556271,0,0.819964568171187,0.754204192869005
RK196_Cancer,0.0577937996091612,0.369934652178542,0.0140379345402067,0.115319956796658,0.0825783676401569,0.360335289235275,0,0.72525167302026,0.804386739767851
RK082_Cancer,0.0213823918661856,0.428903890140072,0.0262363622575693,0.155504704767477,0.133101245448259,0.234871405520437,0,0.833171937692591,0.700379133798817
RK141_Liver,0,0.191432018510592,0.0321325270224618,0.363311278927048,0.114568236518795,0.298555939021104,0,0.909446193996191,0.422406674707343
RK027_Cancer,0,0.578760263182145,0.00120471689692831,0.0103059689848959,0.11476937101447,0.294959679921561,0,0.449964288334729,0.939405531407081
RK187_Cancer,0,0.44961958319439,0.0165092082766103,0.1498757343015,0.131589082215128,0.252406392012372,0,0.791100586871283,0.730194476925424
RK092_Liver,0,0.153523754534697,0.0372450737530971,0.364370014687536,0.130091853984499,0.314769303040171,0,0.92681281074827,0.384288710231827
RK155_Liver,0.0135042454732242,0.298211646541096,0.0385002661656681,0.275348843508843,0.0989856306382407,0.275449367672928,0,0.918908558606741,0.46423159709217
RK038_Liver,0,0.286836480902966,0.0750756419374532,0.273431137727878,0.0913631962980136,0.273293543133689,0,0.96487140986686,0.394473343540651
RK186_Cancer,0.0417003012366527,0.37353936220535,0.0215421848776885,0.170568888658228,0.0204755856306068,0.372173677391474,0,0.69582190628313,0.763750467808793
RK069_Liver,0,0.231825747164043,0.0851323184854662,0.32560558477903,0.110234257493909,0.247202092077553,0,0.912714539616274,0.428842440265584
RK240_Liver,0,0.260974222015645,0.0244485096719802,0.341351281555479,0.178263892373195,0.194962094383701,0,0.906558839942145,0.432932792254046
RK074_Liver,0.0118287968269932,0.251306377665641,0.0593876900465914,0.356766183729704,0.0884234594462238,0.232287492284847,0,0.95937605562318,0.303807052726117
RK081_Cancer,0.00421892222947732,0.448035137458028,0.0179394950616026,0.127161458348985,0.140805286778793,0.261839700123114,0,0.695564920957184,0.800996549525427
RK162_Liver,0,0.354629914723797,0.0688095516378608,0.220372806783199,0.132035896256955,0.224151830598189,0,0.946066108712186,0.511879819324132
