Mixture,Other,Kupffer cells,TM1,SAMs,T cells,cDC2,cDC1,B cells,P-value,Correlation,RMSE
TCGA-FV-A495-01,0.766987693352353,0.0235468821333706,0.00674789514985381,0.148337218926115,0.00578847411539513,0.0197140101683894,0.0177478239159745,0.0111300022385487,0,0.863319514436729,0.512318327546812
TCGA-G3-A3CH-11,0.865737400097863,0.0332861324579614,0.00833065018239134,0.0329001793492323,0.00380766115589617,0.0520069123730637,0.00393106438359241,0,0,0.917988430620246,0.40808043601505
TCGA-CC-A3MB-01,0.719060507369527,0.00989527009235886,0.0130955144410441,0.100180752863274,0.0125557160232432,0.0821322996091376,0.0254234247732279,0.0376565148281873,0,0.824933626804463,0.57477964994445
TCGA-BC-A3KF-01,0.617539519715763,0.103642315948158,0.0158468797341218,0.0611566858501231,0.00726235304232056,0.13302421727768,0.0251635003537559,0.0363645280780776,0,0.776250329204712,0.635085349614527
TCGA-DD-A4NV-01,0.75274573132204,0,0.0171300252457422,0.101313052751716,0,0.0733940313535263,0.016743619296913,0.0386735400300623,0,0.788129174803397,0.61851024744301
TCGA-CC-A1HT-01,0.419073602796251,0.0941993961997021,0.0789424952979402,0.149733788917089,0.0343053619640372,0.162842255171565,0.00859148285565591,0.0523116167977598,0,0.71880388054211,0.698507104205613
TCGA-BD-A3EP-01,0.609699499659769,0.167945048805568,0.0342339439333629,0.101200596376337,0.00314111968158608,0.039686542702509,0.0190953035538111,0.0249979452870565,0,0.781026700695663,0.626739916419641
TCGA-FV-A3R2-11,0.853978608184667,0.019633525253189,0.0246736277560677,0.0416393299838409,0.00366171620979596,0.0564131926124396,0,0,0,0.921472871169087,0.402850007212607
TCGA-CC-A3MA-01,0.541760003211585,0,0.010811227133447,0.123340584692926,0.0740322336544188,0.145235397529662,0.0464147566827674,0.0584057970951939,0,0.491398644198452,0.877125665604526
TCGA-ZP-A9CV-01,0.732846705880349,0.0240721051665919,0.0397976834208152,0.106636814510844,0.00888369990945974,0.0316414749642429,0.0244092873781612,0.0317122287695367,0,0.865534192763037,0.515196444301532
TCGA-DD-AACY-01,0.804948493441816,0,0.00675715203957028,0.125514644475194,0.00562569853183202,0.028929634445653,0,0.0282243770659344,0,0.855888626690545,0.523058317109719
TCGA-XR-A8TG-01,0.737030586013535,0,0.0413129267001619,0.119360859682611,0.00874403085015485,0.0508428395114604,0.00709553934150529,0.0356132179005713,0,0.698801654218944,0.719148006927394
TCGA-CC-A9FW-01,0.647679554780923,0.0627736067447671,0.0239534555151911,0.12291016036109,0.0219705040719522,0.0644211731270135,0.0189604818560431,0.0373310635430203,0,0.84440462511374,0.550443736095245
TCGA-BC-A10Y-01,0.781623965523265,0.0345267562226282,0.0263740385690003,0.00765781643634852,0.0136869104544327,0.102808579005131,0.0102979726631844,0.0230239611260095,0,0.750166067714887,0.663404581542426
TCGA-KR-A7K7-01,0.563722843405868,0.206144042614067,0.055592490648717,0.096265957038134,0.0105313458630959,0,0.0452180372461022,0.0225252831840151,0,0.904583489845045,0.437515084821745
TCGA-ED-A459-01,0.623006257919989,0.0513288621285401,0.0261923507476018,0.112336981550235,0.00853609996240649,0.115888003773267,0.0279575255456596,0.0347539183723008,0,0.827879121707241,0.577521038999763
TCGA-PD-A5DF-01,0.665594386087982,0,0.0225592249595834,0.160413811897496,0.00387194216290768,0.0929439692240056,0.0123779360577388,0.0422387296102861,0,0.832621808448521,0.568622584934599
TCGA-ED-A5KG-01,0.538734602405502,0,0.00529729965816841,0.133930385192016,0.0478050482705261,0.183191542588709,0.0204756568692201,0.0705654650158589,0,0.685759486001953,0.733232512122521
TCGA-DD-AAVX-01,0.606894927257744,0.0374708669008777,0.0648324567905878,0.157213366880378,0.0187538981031451,0.0807158675097431,0.0283672065381175,0.00575141001940712,0,0.769922329164659,0.642751231262431
TCGA-ED-A7PY-01,0.687579192593318,0,0.0199714357893097,0.207249004810369,0.0125750151947047,0.0245645112267711,0.0269695993492701,0.0210912410362575,0,0.7013615560942,0.716086267897341
TCGA-RC-A7SF-01,0.734424468485178,0,0.0220208399165073,0.210018312393947,0.0112150862023127,0.016116424518263,0,0.00620486848379174,0,0.876965962202147,0.492158337800278
TCGA-DD-AAW0-01,0.721911819166177,0.00819424460941199,0.0529174489320163,0.184600483394307,0.00665298083109771,0,0.00767510959003545,0.018047913476955,0,0.811793675614054,0.587715577347791
TCGA-ED-A66X-01,0.578764526913694,0.0922213858897235,0.0139473889227078,0.13183270578951,0.0121734647435893,0.109708774515566,0.0259104352352515,0.0354413179899577,0,0.681514684370775,0.733439936925271
TCGA-DD-AAC8-01,0.544407286353869,0.161262524665841,0.0676849596342802,0.118458318971052,0.0198424190687721,0.0246839877435181,0.0306757718435273,0.0329847317191405,0,0.750137500046441,0.663063355668665
TCGA-FV-A3I1-01,0.616476277840137,0.0599635469633024,0.0447114589902416,0.15597796189309,0.0094287923237224,0.0428446405977638,0.0289003543510406,0.0416969670407014,0,0.922138978709808,0.436666226796443
TCGA-RC-A7S9-01,0.738946676067657,0,0.00163611825784293,0.0992208224194396,0.00163597327255757,0.0617652178762939,0.0298051413637962,0.0669900507424125,0,0.784855486882013,0.623383578658748
TCGA-ZP-A9D2-01,0.528210683264417,0,0,0.320824486733484,0.00308221713500962,0.0143425478215643,0.0161828944197684,0.117357170625757,0,0.701185586434091,0.714463585474176
TCGA-G3-A5SL-01,0.718443894551415,0,0.0318915792011673,0.123596056369892,0.00575691782858055,0.0963838305468514,0.00695105778803402,0.0169766637140594,0,0.831387531286163,0.565223620123597
TCGA-DD-A3A2-11,0.883281407405973,0.003378485098217,0.00150590798739176,0.0612284063703682,0.000136437101194573,0.0504693560368552,0,0,0,0.922406808150121,0.397153428135896
TCGA-CC-A3M9-01,0,0.107186857304749,0.121952787599176,0.220407259205718,0.126132775964692,0.270502701203503,0.0532760704531247,0.100541548269037,0,0.453628311514853,0.911903753030859
TCGA-BC-A216-01,0.779790666654176,0,0.019618808148944,0.100919680781838,0.0107250310661676,0.0549194549105687,0.0124700571426277,0.0215563012956776,0,0.894105091594514,0.465883501026293
TCGA-ED-A7XP-01,0.517663712874636,0.130676497660428,0.0721682264852538,0.165376641383924,0.00784767248822847,0.0153542595200392,0.0359754929454805,0.0549374966420106,0,0.795921364139669,0.608256772200465
TCGA-BC-A10T-11,0.866057325247114,0,0.0214911065929327,0.0490607245909837,0.0039554002408558,0.059435443328114,0,0,0,0.885031862628073,0.471760720779982
TCGA-DD-A11A-01,0.714552983907116,0.0180844289662214,0.0119016943111107,0.168438578295044,0.00939058307669913,0.0430033497610012,0.0119776831878894,0.0226506984949183,0,0.836441781570721,0.555485923274096
TCGA-DD-A73B-01,0.825927856414245,0,0.0096571609499961,0.0973697708352391,0.000619975740865483,0.0463681747249906,0.0129933723038792,0.00706368903078472,0,0.81558148692377,0.581643489416974
TCGA-DD-AACA-02,0.524594468101993,0.0793697249354326,0.0434658523318546,0.212052511157641,0.0190236589526037,0.0636002824870257,0.028533148234296,0.0293603537991541,0,0.74599758964447,0.667299542948816
TCGA-DD-AACA-01,0.538089247542,0.0475049724699604,0.0283618058084767,0.246997723379096,0.0310895058551057,0.035588397667571,0.0395459482389653,0.0328223990388253,0,0.725580036460304,0.689318283671978
TCGA-DD-A1EH-01,0.683619779073837,0,0.0397852431030543,0.0749467340715515,0.00461161855626159,0.112579979792708,0.018542087114513,0.065914558288075,0,0.662946901861159,0.750514932307694
TCGA-DD-AA3A-01,0.253124020974249,0,0.0323957438016655,0.286237507143402,0.130381659764284,0.114210401224962,0.0466245630396529,0.137026104051784,0,0.447203415116917,0.899449978845511
TCGA-DD-A3A6-11,0.878327536539462,0.0284668368569389,0.0232728136781391,0.0664371475494399,0.000262388505141941,0.00323327687087831,0,0,0,0.899947786199967,0.442619555603208
TCGA-RG-A7D4-01,0.491370117794676,0.166275210587394,0.0769334436274434,0.106691527366283,0.0343430338360568,0.000369408815411095,0.0528344727497321,0.0711827852230031,0,0.827745847094127,0.569388662763675
TCGA-FV-A2QR-11,0.807957042416803,0,0.0468410589039945,0.0967598543523324,0.01154597904259,0.0368960652842799,0,0,0,0.908712343569155,0.434227372262047
TCGA-DD-A73F-01,0.785454204146999,0.0389313160922407,0.0211903915444314,0.0682564063825979,0.00257332834943449,0.0507030913468553,0.0176439232514895,0.0152473388859516,0,0.88906276775693,0.471259373065327
TCGA-WX-AA46-01,0.855508868938832,0.0169809235091218,0.0400730298043037,0.0526628462265979,0.00643420841752737,0.0283401231036175,0,0,0,0.903735173491654,0.437598730646858
TCGA-K7-AAU7-01,0.601307464036951,0.0495455917015447,0.152164622998153,0.0518576021785696,0.0173545156907868,0.0704142065839975,0.00979465533901462,0.0475613414709823,0,0.761791043959463,0.65500288098827
TCGA-DD-A3A2-01,0.764373406815659,0,0.0202299016548094,0.122784690388809,0.00103830442425835,0.0624567214989055,0.0123177211430453,0.0167992540745131,0,0.730328201414696,0.686528528564576
TCGA-EP-A26S-01,0.68388942857494,0,0.005455548376974,0.162263886424697,0.0157490318048502,0.0829824357627539,0.0212489993498464,0.0284106697059381,0,0.71339106347478,0.702263936099322
TCGA-DD-A1EG-11,0.849237556468748,0,0.0105394382335728,0.0939492624095592,0.00427315830090972,0.0420005845872106,0,0,0,0.908481437121628,0.428937297856236
TCGA-FV-A2QQ-01,0.600045466160972,0.114968772916562,0.0373147124767962,0.197828658148285,0.0102293040305181,0,0.0235724937081734,0.0160405925586934,0,0.938469590106269,0.376204741747343
TCGA-3K-AAZ8-01,0.749467362798521,0.0177371237083052,0.00935879970509651,0.149261526908692,0.0183938431522828,0.00646243528394902,0.0231289386934327,0.0261899697497208,0,0.893374761964134,0.467300398312824
TCGA-DD-A3A5-01,0.827613440848894,0,0.0180074197799625,0.0750931478475757,0.00066312744016273,0.0645011349765657,0.0021852093169983,0.011936519789841,0,0.846155304331405,0.537176071222264
TCGA-DD-AADP-01,0.708316258433189,0,0.0548084107087339,0.124894409488383,0.0158172092697801,0.036178502021632,0.0182530510738177,0.0417321590044637,0,0.828784987143629,0.57004260460142
TCGA-CC-5259-01,0.68230242466495,0.116828053880075,0.0162997940659139,0.148484473693917,0.00430526629940007,0,0.0146726185874428,0.0171073688083018,0,0.804317165166176,0.597043565054965
TCGA-DD-AAD2-01,0.778792885544828,0.00786726597743113,0.0317902026997097,0.119786730875474,0.00229558943522028,0.0287753204405214,0.0163468976990095,0.0143451073278067,0,0.851703539095232,0.530783199875788
TCGA-ES-A2HT-01,0.745391014407505,0,0.00532831159824517,0.216817783109798,0.00772435759731377,0,0.00726393604479371,0.0174745972423439,0,0.882488381605336,0.482014334455408
TCGA-CC-A8HU-01,0.545756394938731,0.0263907752424531,0,0.199144413147785,0.0284514623006824,0.125360085056749,0.032851913458782,0.0420449558548179,0,0.755622508398509,0.662339204285099
TCGA-ES-A2HS-01,0.707615901763205,0.15226387578923,0.00528881195678504,0.0885674672393993,0.0253839699695193,0,0.0100023595869769,0.0108776136948843,0,0.860141804243894,0.514395386764511
TCGA-2Y-A9H0-01,0.644938907753779,0.0365515856956941,0.00533708319571442,0.207436195161558,0.00578955806403099,0.0230092617496272,0.0275392332970829,0.049398175082514,0,0.832700435634718,0.562919122960589
TCGA-2V-A95S-01,0.595327825959485,0.0761829644639688,0.0879411831717106,0.0525472305917792,0.0136327699523043,0.0680845187525191,0.0464723908806493,0.0598111162275832,0,0.722163344068879,0.694341763872342
TCGA-2Y-A9GU-01,0.778480124179135,0.0385129903033388,0.0187503873408708,0.0211997887804033,0.00948197643392972,0.0522752284407896,0.00588950496320692,0.0754099995583256,0,0.715825494443098,0.702765007207107
TCGA-RC-A7SB-01,0.578069878449252,0.062146362118179,0.0296149565727708,0.239987641020265,0.0130396266168096,0.022217889516672,0.0273402772322636,0.0275833684737878,0,0.816172765433596,0.583056889534653
TCGA-FV-A4ZP-01,0.40317041618501,0.16901346424722,0.0246668901216926,0.255024874472653,0.027924630006468,0.0095128104959852,0.0500416855551149,0.0606452289158561,0,0.873516500718374,0.491807087956608
TCGA-DD-AAD3-01,0.705731557275984,0,0.0206246780150803,0.186791004028843,0.0167968721797836,0.0467130480428969,0.00600144035661556,0.0173414001007967,0,0.843916765039438,0.546473428605677
TCGA-DD-A39X-11,0.898441121793336,0.00369703446252436,0.0202330043279254,0.0716341973590174,5.02659500504424e-05,0.00594437610714613,0,0,0,0.898778734707582,0.444422614874831
TCGA-DD-AAW2-01,0.646030561596073,0,0.0236877022637718,0.194409461361757,0.00832508091761058,0.0592646914715456,0.0495233428882719,0.0187591595009701,0,0.787638939268966,0.622387577501147
TCGA-DD-A39V-01,0.526464863235985,0.151708499462878,0.0163150349767624,0.228200816357266,0.0151146286120223,0,0.0328379663005035,0.0293581910545829,0,0.851293878509614,0.527717148466331
TCGA-DD-AADD-01,0.578467561838866,0.0251148875534012,0.0139887773230471,0.157020831036614,0.0194460726893683,0.099043431853599,0.0499663248204039,0.0569521128847007,0,0.626771767899875,0.780751801887467
TCGA-DD-AADW-01,0.653130294206425,0,0.00885958771852017,0.123577778030499,0.0187677433152087,0.139378618240168,0,0.0562859784891787,0,0.528929812112891,0.863519763939875
TCGA-DD-AACS-01,0.651116711196512,0,0.0122702557960697,0.153031231831612,0.0179896404569294,0.117363244652129,0.0254290567643077,0.0227998593024404,0,0.698687077203693,0.716468965174332
TCGA-2Y-A9H4-01,0.746581274310694,0,0.0125519079562051,0.14877382533543,0.00988205408768061,0.0417069588230576,0.033256903249147,0.00724707623778531,0,0.781600032136697,0.626174099211578
TCGA-DD-AADV-01,0.662863384579516,0,0.0204019450814479,0.178812809896732,0.0176897012458086,0.0800074588602733,0.0110229039185127,0.0292017964177102,0,0.816017031865577,0.588168951545368
TCGA-G3-A7M7-01,0.631962911897858,0.099863437878783,0.0111213402824946,0.188065727326441,0.0154842817598984,0.00765830746916349,0.0216851785885395,0.0241588147968227,0,0.813361899482838,0.584643425862293
TCGA-DD-A4NK-01,0.85526759049179,0.00216403301938713,0.0219626794802683,0.0765961391754958,0.000268901693582496,0.0275179436171162,0.0162227125223599,0,0,0.838189212842422,0.548904626945925
TCGA-ED-A97K-01,0.688445083096118,0,0.0991584830633645,0.0496952656070773,0.00858359806887693,0.115479021847126,0.0124328043306778,0.0262057439867594,0,0.827668435343271,0.577348420367744
TCGA-T1-A6J8-01,0.633476743954533,0.127824155874977,0.0152919966607417,0.187757929878872,0.0107488365647184,0,0.0153389966362964,0.00956134042986228,0,0.91570303371345,0.416315029663253
TCGA-DD-AACV-01,0.700409312916355,0,0.00915831893556518,0.11397178029619,0.0188358382057624,0.116364237936659,0.0166938498116623,0.0245666618978069,0,0.721201468497901,0.694030142054679
TCGA-DD-A4NF-01,0.642958038005696,0,0.0616884983567723,0.119676521021791,0.0149952870824684,0.115204641037388,0.0355882625023026,0.00988875199358197,0,0.528872216594538,0.863008584081144
TCGA-DD-A3A8-01,0.80460841562417,0.00174172105348142,0.0233364897263101,0.0821322798120239,0.00759948610864501,0.0465041539007216,0.0179595354154014,0.0161179183592472,0,0.815639457983695,0.581715652505091
TCGA-G3-A25S-01,0.54184169369985,0.0812055914308005,0.0224503059567414,0.179389633829052,0.00898173490894135,0.0864261471083854,0.0206750877004346,0.0590298053657948,0,0.771084228387095,0.64070709061755
TCGA-DD-A1EL-01,0.419387078773082,0.201603151858082,0.040847206290758,0.182079206854151,0.0422287312653544,0.0148436616175309,0.0340768844636285,0.064934078877413,0,0.826017720988441,0.565154982804757
TCGA-DD-AACH-01,0.506372139894027,0.1031609207759,0.0874769433664667,0.0560170139470953,0.013882314475104,0.154217507173549,0.0326187991906349,0.0462543611772233,0,0.716475102346724,0.701282179258589
TCGA-DD-A119-11,0.82694658811561,0.0505843708270548,0.0290792272732606,0.00524864969960284,0.00241123783080318,0.0856330100443911,0,9.69162092773831e-05,0,0.798538458611713,0.604756109364831
TCGA-WQ-A9G7-01,0.408321922029852,0.16789384620633,0.0101850197299505,0.249748843008122,0.0272492067530559,0.0253278624277846,0.0463221569571238,0.0649511428877813,0,0.754810656683142,0.659075213632704
TCGA-DD-A4NO-01,0.679018413372322,0.0600216922514472,0.0273153260928799,0.202984263004381,0.0136291142078471,0,0.0060008021083413,0.0110303889627814,0,0.905714174354546,0.442169683570862
TCGA-G3-A7M9-01,0.4683697145422,0,0,0.24295353092225,0.0395071670240389,0.102713310519137,0.0512659733594637,0.0951903036329109,0,0.731733398596269,0.692349150845889
TCGA-CC-5261-01,0.603053744392798,0,0.00749234890797089,0.161991296201641,0.022698393009308,0.130241749114513,0.00937210344676996,0.065150364926999,0,0.752546207570189,0.665641409462049
TCGA-ZS-A9CG-01,0.773447434913784,0,0.0343299489429262,0.0874712097832775,0.00916236146871788,0.0579131162318342,0.0164573942802376,0.0212185343792221,0,0.692225500286237,0.727782699492244
TCGA-CC-A123-01,0.620553567703344,0.0878780890744463,0.00555729074418859,0.216201574039911,0.00330116134789407,0,0.01873717463862,0.0477711424515959,0,0.87162894983398,0.500453847016515
TCGA-5R-AA1D-01,0.782568183042213,0.00647620982513822,0.00251533277263567,0.169359770799669,0,0.0359334818060088,0,0.00314702175433468,0,0.712641702274505,0.710388315422495
TCGA-BC-A69H-01,0.446682923224791,0.0890506169766092,0.00464447611810616,0.337064192261983,0.0491432264306608,0,0.0300748003358628,0.0433397646519869,0,0.720197154043877,0.69761706147241
TCGA-DD-AAVZ-01,0.682125960735073,0.0467461868902995,0.0259216106119578,0.135520738086538,0.00942096487612951,0.0545418406473002,0.0216047788384342,0.024117919314268,0,0.85325717717278,0.53465066910099
TCGA-DD-AAD0-01,0.647375640873329,0,0.0128421225364295,0.277805308020298,0.00819027190295224,0,0.0211632571593817,0.0326233995076098,0,0.716306233572474,0.70084896578892
TCGA-EP-A2KA-01,0.623101217258036,0.0400668249778011,0.079575933543557,0.0441378386131776,0.00742691108073219,0.108438098400896,0.0421021836217357,0.0551509925040644,0,0.68249305254582,0.732025658223017
TCGA-2Y-A9HA-01,0.610720579986885,0.0244328994313134,0.01486141538542,0.278620666012631,0.00315624145969041,0,0.0240710112243592,0.0441371864997011,0,0.872568400707281,0.504593929261668
TCGA-DD-AACD-01,0.76034694751293,0,0.0275134803200109,0.104665042282678,0.0120993526563086,0.0586347511265587,0.0126219941889604,0.024118431912554,0,0.70308238401708,0.715600080752794
TCGA-DD-AAE7-01,0.811369531829997,0.0219074419146356,0.00976561585950124,0.151634846238207,0.00470393853311908,0.000618625624540351,0,0,0,0.810326703663859,0.589811792086264
TCGA-EP-A3RK-11,0.89023981928054,0.0069741238106581,0.019568812910254,0.0795014697765413,0.00362026130034769,9.55129216588914e-05,0,0,0,0.91022320055322,0.42174585538984
TCGA-BC-A8YO-01,0.519841170067384,0.0912151278376733,0.050466583496135,0.153175476376475,0.0416742453648481,0.0910835136651502,0.0145648345552337,0.0379790486371002,0,0.740249272806765,0.674628887567607
TCGA-DD-AAE2-01,0.77402982508939,0.00393705820952246,0.0289068349849341,0.090781527476153,0.011863790215713,0.0544685851085429,0.00943620826174612,0.0265761706539984,0,0.875402949140777,0.497097888561384
TCGA-DD-AAEG-01,0.6629186762165,0.10393456418391,0.0264271595787157,0.0973155090427922,0.00930215067143365,0.0549489648235676,0.0106251817312403,0.0345277937518404,0,0.856104639474517,0.527608874460499
TCGA-XR-A8TF-01,0.642468991347265,0.0386366073457823,0.0294617823296494,0.132223954500534,0.0199374873517698,0.108443302875656,0.0152253608097978,0.0136025134395459,0,0.859426041278958,0.534113588316653
TCGA-CC-A5UC-01,0.598680140949478,0.103875157615086,0.0207716201604178,0.113784443256165,0.0101719543027098,0.055655852590885,0.0271432118040639,0.0699176193211935,0,0.762202329218478,0.649930278062375
TCGA-KR-A7K0-01,0.670186916876012,0.0209624541274644,0.0697751178163842,0.200514065786266,0.0179988290270067,0.00235571888620951,0.0136959400842596,0.00451095739639773,0,0.88082600302292,0.491884454170551
TCGA-CC-5263-01,0.586255440749032,0,0.0603906765044503,0.0629186569445471,0.0188689980776845,0.165939207466826,0.0292642393802003,0.0763627808772604,0,0.642128487965076,0.767536432474882
TCGA-K7-A5RG-01,0.550730612527985,0.190471439112858,0.00439417375415803,0.150671948282167,0.0531051536895296,0,0.0259664750479052,0.0246601975853972,0,0.880372381179338,0.480954380008032
TCGA-G3-AAV4-01,0.63569377669257,0.055521510692322,0.0398220475094401,0.10257045267944,0.00648083116221555,0.134226890184031,0,0.0256844910799812,0,0.693683316251888,0.721435326899766
TCGA-ED-A627-01,0.76515559138692,0.0164057987715171,0.0434641680614103,0.050486117964782,0.0141745866130682,0.110313737202302,0,0,0,0.898156732368605,0.462681987431726
TCGA-2Y-A9GZ-01,0.802319669297094,0.0103519829070689,0.0491562417913182,0.00100154920085914,0.00641607985935416,0.116938568898314,0,0.0138159080459915,0,0.81440887424449,0.583461241161897
TCGA-DD-AACX-01,0.49241357558526,0.100384678363276,0.0352876369346193,0.312567870575238,0.00777715007760422,0.009555106358257,0.0223096091028996,0.0197043730028464,0,0.734427708334507,0.684523395838122
TCGA-DD-AAVR-01,0.680208399473127,0.109202716611398,0.0113107697101534,0.155536252833976,0.0170262047958853,0,0.0111421494785607,0.0155735070968998,0,0.89975650839524,0.449378276999811
TCGA-G3-A25T-01,0.647591872166148,0,0.0414506781920954,0.093856370466413,0.00272806404126188,0.125711053512398,0.0168578709958771,0.0718040906258069,0,0.721354214052085,0.695330863479235
TCGA-MR-A8JO-01,0.74714271309201,0.00185390884898,0.050359323359139,0.12309632124837,0.00945435265911673,0.048671157283068,0.00215763511939745,0.0172645883899188,0,0.715001934776732,0.702768425928185
TCGA-DD-AAEK-01,0.7163317611947,0.00565144418022433,0.0331666503933791,0.169145133883411,0.0148861528836884,0.0308189687153013,0.0135201970623323,0.0164796916869637,0,0.848798709162038,0.538938185728624
TCGA-DD-A1EE-01,0.542043606230853,0.0604191158420601,0.0755111487804209,0.125718729159096,0.0142694160241531,0.129437143555373,0.02682724204096,0.0257735983670841,0,0.708175316335963,0.707843328349352
TCGA-DD-AACL-01,0.284418053239699,0.206773440951211,0.0241850276299499,0.329566090731397,0.0374567682211454,0.0106908206817232,0.04184499743171,0.0650648011131646,0,0.80161288665844,0.608339903957168
TCGA-KR-A7K8-01,0.627104942640964,0.0991544742157798,0.0439769852053157,0.10359794928074,0.0153438926414605,0.0549788820429676,0.0235374651767476,0.0323054087960246,0,0.905990767934044,0.457318697776759
TCGA-FV-A3I0-01,0.345585394838892,0,0.0235267070995064,0.217579469126848,0.00143599366027209,0.248184436617022,0,0.163687998657459,0,0.295782501011233,0.988276917709122
TCGA-DD-A11B-11,0.862354762060894,0,0.0114820117956276,0.0924868031287726,0.00356730764138565,0.0301091153733205,0,0,0,0.925595215579231,0.39225203315312
TCGA-DD-AADA-01,0.72335952862446,0.0713753720355189,0.00297703522952944,0.138487223062063,0.00981159758276421,0.0226538135397023,0.00493431117110852,0.0264011187548538,0,0.826785691773461,0.566334347562403
TCGA-G3-A5SM-01,0.68999237342639,0.126275394620348,0.0109182898469978,0.141237839803243,0.0114776646744882,0.00597982413546255,0.00728412699779517,0.00683448649527584,0,0.889634466047041,0.46480399977888
TCGA-G3-A3CH-01,0.768406042249068,0.0312955291100683,0.00759175807732031,0.084196048546538,0.0106251701367272,0.0759555196240131,0.0102288596449646,0.0117010726113,0,0.847699270692621,0.537579779882199
TCGA-G3-AAUZ-01,0.7429644596306,0.0295566990541731,0.0313222503640759,0.107480135967949,0.0215472591819247,0.0638325076485383,4.16756722797663e-05,0.00325501248045966,0,0.852890464912508,0.531246592690605
TCGA-DD-AAVV-01,0.589079932294918,0.0899133010384123,0.020699229085289,0.171833088958476,0.0133651990262235,0.0229765511301715,0.0324308779909798,0.0597018204755297,0,0.772078386016854,0.638053958282587
TCGA-DD-A4NP-01,0.758152732071877,0,0.03346542498267,0.118471734679404,0.00613932047381256,0.0569744681693425,0.0158612574337787,0.0109350621891153,0,0.742774674705062,0.672042207278872
TCGA-ED-A66Y-01,0.681240409537446,0,0.000497473608180264,0.209903404928705,0.00894793166837051,0.0452603618940027,0.00984647741702014,0.0443039409462749,0,0.534565703279623,0.871754955598507
TCGA-LG-A6GG-01,0.803403075568434,0.0229521329750185,0.0482184006030468,0.043780891577117,0.000520982789623858,0.0412976020493869,0.00989337569752664,0.0299335387398466,0,0.889299732375997,0.470579322437069
TCGA-DD-AAE4-01,0.874089808232359,0,0.0197411894014069,0.0387828906013623,0.0125162713081172,0.0548698404567548,0,0,0,0.896869592340821,0.449788412040516
TCGA-HP-A5MZ-01,0.687942670027273,0.102905982621195,0.0263899949688735,0.136792706001194,0.00747587351649642,0.012343443563092,0.0120987962415889,0.0140505330602882,0,0.909194792005359,0.433865110370733
TCGA-G3-A5SI-01,0.830973843021382,0.000792178782769331,0.0211751442349166,0.0785495679012138,0.00545862940921007,0.0160787039912251,0.0125883634682652,0.0343835691910181,0,0.848939867507286,0.533245142856419
TCGA-DD-A1EI-01,0.707203437119739,0.00232254047380981,0.0260952559318837,0.186538199528764,0.00985022541066473,0.0154076672187319,0.0113807169199476,0.0412019573964591,0,0.827295047107543,0.568876749309224
TCGA-G3-AAV1-01,0.683065827487059,0.0445764914577938,0.0395693524447455,0.168840507855886,0.0194037919804187,0.0110593432308614,0.0166179488438075,0.0168667366994275,0,0.814543382936302,0.584675215371667
TCGA-DD-A113-01,0.612642327502589,0.0105645584009592,0.00261189431825501,0.210205549878979,0.00815388689599087,0.103228837250465,0.0113672470883767,0.0412256986643857,0,0.766671887900455,0.646415828848893
TCGA-BC-A10Y-11,0.873289993688339,0,0.0309091950709821,0.0496424733752175,0.00510344845812713,0.0410548894073343,0,0,0,0.886815250262821,0.468137904888664
TCGA-DD-AACB-01,0.458181043168676,0.209986701218476,0.0258464478066647,0.181533587777535,0.0078839262552701,0.00597420774083609,0.0472217929955073,0.0633722930370347,0,0.842047187905433,0.541299286913182
TCGA-CC-A9FS-01,0.753209757318645,0.000688855102845102,0.0266685512216236,0.120034451989984,0.00833921577450092,0.050482910684762,0.0305480742197044,0.0100281836879348,0,0.910311329971621,0.442214076333031
TCGA-BC-A5W4-01,0.72000069548457,0,0.022778423700996,0.142939160401916,0.0182413328018808,0.0499802561906573,0.0115205761089547,0.0345395553110254,0,0.725116775415244,0.690719859335302
TCGA-2Y-A9H5-01,0.742049400899208,0,0.0229321082351831,0.125320028669349,0.00186338253605167,0.0516316040262443,0.0222810087599947,0.0339224668739695,0,0.761126530599281,0.650749135308338
TCGA-BW-A5NO-01,0.780980831248143,0.00550949845565868,0.00864673387238585,0.113875089000729,0.00840659634397171,0.0507223823385301,0.00544338183542862,0.0264154869051525,0,0.890771721557055,0.469972310405637
TCGA-CC-A7IE-01,0.542142725477302,0.0226491655228992,0.0223074530322829,0.242921035907837,0.00928712352392234,0.0218006117728469,0.043182387131495,0.0957094976314151,0,0.676829321889355,0.737485163468175
TCGA-KR-A7K2-01,0.720190593132225,0,0.00979648042584518,0.176247538890885,0.0169828703169935,0.0395790128317699,0.0105637044933124,0.0266397999089689,0,0.83644938885948,0.556232925757767
TCGA-DD-AADM-01,0.658578917173097,0.0956661981482054,0.0215031737975261,0.178165465636118,0.0127042041974159,0,0.0175979573588946,0.0157840836887433,0,0.918553520599021,0.41721668239462
TCGA-CC-5258-01,0.589407868464337,0.158169059585874,0.0910534428265249,0,0.00840502678875701,0.0548151637596713,0.0307482184962383,0.067401220078597,0,0.759800212985621,0.652555173712214
TCGA-BW-A5NQ-01,0.453861096679084,0.225517996485497,0.0771022698443736,0.0637129530138847,0.0164149893049064,0.0849112855248749,0.0294392529721418,0.0490401561752381,0,0.806483919248632,0.592935814752809
TCGA-2Y-A9GX-01,0.665850716666214,0.0535897604755259,0.0415603316535078,0.137813453197828,0.0148250048522848,0.082396549319205,0.00208538530099136,0.0018787985344434,0,0.889208279076832,0.481625471082477
TCGA-LG-A9QC-01,0.618963205227716,0,0.0118317216130745,0.217849173785813,0.00986062504423673,0.0737193498194842,0.0220496493004884,0.0457262752091877,0,0.575286345915467,0.828942326807403
TCGA-FV-A3I1-11,0.897550465345481,0.0113643390871476,0.0242449914273656,0.047265832738917,0,0.0195743714010892,0,0,0,0.909834641550529,0.422295651979691
TCGA-DD-A11C-01,0.754457434113206,0.00960147189604603,0.0105058900583595,0.081795631891782,0.00333617591316244,0.0783435406692492,0.0204412992484326,0.0415185562097624,0,0.782488983516026,0.625402838627008
TCGA-BC-A10Q-01,0.485008876573372,0,0.0197929213811254,0.175371794839536,0.0361131282259112,0.202726924031379,0.0102088792357217,0.0707774757129553,0,0.438924009183604,0.91112794313527
TCGA-4R-AA8I-01,0.724007143651499,0.0632203750616283,0.0346079300203011,0.111234670301342,0.00339492665037384,0.0111304548848373,0.0131345078186645,0.0392699916113542,0,0.894638809833666,0.46488357080994
TCGA-FV-A4ZQ-01,0.484196832161046,0.141173136593624,0.0525025166892759,0.123331580680845,0.0467307439343362,0.0582042158006335,0.0376605592350681,0.0562004149051711,0,0.74477373603074,0.668997526337661
TCGA-BC-4073-01,0.570396737368546,0.0174082385088437,0.0754434670918323,0.0693750000947122,0.00428061850537063,0.15892092705067,0.0215989965261069,0.0825760148539189,0,0.68739609702266,0.729842734295784
TCGA-DD-AADQ-01,0.650984880813389,0.0207976221165993,0.0450019609087168,0.128733442099099,0.0178560951448166,0.0675613566304607,0,0.0690646422869193,0,0.691838589600759,0.723520159390777
TCGA-DD-A1EA-01,0.67361677876555,0.01447596494262,0.0450574413811204,0.117730978103974,0.015759756222362,0.101255422258672,0.0170297654680645,0.0150738928576372,0,0.713177130725805,0.70218242337504
TCGA-WQ-AB4B-01,0.681576745722178,0.0758487510538283,0.017080626929939,0.188769071258419,0.0203656155230015,0,0.0104942523304788,0.00586493718215516,0,0.827416890337107,0.565007322403498
TCGA-RC-A7SH-01,0.559903211940787,0,0.00137118180193028,0.264885899510547,0.0281576785827155,0.0416950064979103,0.0481192956732202,0.0558677259928895,0,0.528870533700876,0.86378994584915
TCGA-BC-A10T-01,0.790699701292278,0.0174073976242006,0.00663998482258139,0.0884629624282804,0.0163614841456693,0.0572173426526965,0.0138205981855298,0.00939052884876371,0,0.804985729843546,0.596022742794557
TCGA-DD-A11A-11,0.803930498446,0.00839364740275331,0.0504112429801911,0.0596361698030123,0.0025993095657064,0.0623434774417095,0,0.0126856543606275,0,0.777169226387116,0.631908237528102
TCGA-DD-A39W-01,0.506721189174211,0.217595264950927,0.0267465091586094,0.111745543100605,0.0328683312935119,0.0415277470807979,0.0212072520548316,0.0415881631865061,0,0.511166423168087,0.911093694491106
TCGA-RC-A6M5-01,0.742798524462157,0.0225130417114513,0.0190286782794395,0.0769151116227826,0.00599095003253485,0.116087619033894,0.00542356211906405,0.0112425127386766,0,0.773282433419944,0.636113598128975
TCGA-UB-A7MD-01,0.561660677413059,0.15274899859172,0.100472133884553,0.128832969429093,0.0121128867008331,0.00833038474251376,0.0147872110853654,0.0210547381528613,0,0.88976899899556,0.469670558406979
TCGA-2Y-A9H6-01,0.806839368899789,0,0.0180017515029283,0.122622609414079,0.0104010108659051,0.0199839551439753,0.00774612243246045,0.0144051817408628,0,0.889842021025674,0.467564576427539
TCGA-5C-A9VG-01,0.53849196965241,0.112964325371366,0.0250655086157725,0.0575659789405626,0.0294982959823663,0.10953679874759,0.0345091571749212,0.092367965515011,0,0.612965151150265,0.792439537748045
TCGA-CC-5264-01,0.622308301724347,0,0.0104643177407396,0.136834981160532,0.0217279786754749,0.127089711739511,0.0478323077456138,0.033742401213781,0,0.76777743960611,0.65000245157636
TCGA-DD-A4NS-01,0.75525113457651,0.0159178009279377,0.0555473725052177,0.110539916158816,0.00114238069628033,0.0616013951352376,0,0,0,0.856369477634873,0.525083095844828
TCGA-QA-A7B7-01,0.763984855207915,0,0,0.113738535738375,0.0143814817624057,0.04274635738009,0.0256467066777467,0.039502063233468,0,0.691860009323421,0.727866709420189
TCGA-DD-AAEB-01,0.758797741072789,0.0326712941662332,0.0047101805569013,0.15218785374455,0.0128361932095016,0,0.0313665057439013,0.00743023150612431,0,0.789572646976576,0.616479313880421
TCGA-DD-A3A6-01,0.0595115816305173,0.15246972624923,0,0.616937202495406,0.0983181184038419,0,0.0201809127326273,0.0525824584883778,0,0.519908945565357,1.02028878165332
TCGA-UB-A7MF-01,0.707792200036756,0.0334028537547477,0.005546491315565,0.0698639080223431,0.0184016308383151,0.0853806199686789,0.0338138163944171,0.0457984796691775,0,0.800320168324437,0.606243289057221
TCGA-DD-AACW-01,0.574759147250112,0.115259896060971,0.0218783059323847,0.161006447607125,0.0312421199968529,0.0390204937713481,0.0288230044623504,0.0280105849188562,0,0.798657868194012,0.605146532311334
TCGA-G3-A7M6-01,0.612599059708751,0,0.0032024991287583,0.243710398767308,0.0225570985093373,0.064633515718089,0.0153698351957755,0.0379275929719812,0,0.855025790018795,0.539948464995332
TCGA-GJ-A6C0-01,0.612535091484893,0.110665130095794,0.0326146537075753,0.141494852004057,0.00881799886325389,0.066005081724089,0,0.0278671921203383,0,0.892641097043711,0.470738722963952
TCGA-DD-A3A3-01,0.548878600001468,0.123046603385787,0.0457389393613147,0.211626227708563,0.0140234456398261,0,0.0221409938245317,0.0345451900785086,0,0.791268200750773,0.613282769146558
TCGA-DD-A116-11,0.884189943220178,0.0232956389953443,0.0152182801675282,0.0592229820296667,0.00396399708385266,0.0087402789590263,0.00536887954440426,0,0,0.922084108604592,0.397088251840505
TCGA-WX-AA44-01,0.496762634143833,0.0801401925968399,0.0187533971116289,0.29893409511299,0.0179162294277948,0.00910992035587764,0.0353389278258559,0.04304460342518,0,0.907742299703843,0.443761167082201
TCGA-MR-A520-01,0.74801506116959,0.0916165871149601,0,0.0824328377057127,0.00516060460933956,0.0482055947835743,0.00793137594723391,0.0166379386695894,0,0.834857374692116,0.554386138971218
TCGA-EP-A12J-11,0.859591256650622,0.0343266016690351,0.0217017343687395,0,0.00371095466881787,0.0791251113462536,0,0.00154434129653213,0,0.903327666381054,0.438556675496319
TCGA-DD-AADK-01,0.779295108971822,0,0.0265699481320978,0.118914792498932,0.000793007109636468,0.0161288685412314,0.0162947135848264,0.0420035611614537,0,0.856892523522436,0.523912398025256
TCGA-DD-A73D-01,0.583639588837879,0.0929621203703741,0.00485404118633782,0.177496531809974,0.00474286795732842,0.0735383345387115,0.0256754432671837,0.0370910720322111,0,0.737022467951472,0.677285539445482
TCGA-BW-A5NP-01,0.528273787126151,0.103726019138254,0.028333072870754,0.141239036826449,0.020202786970781,0.0734697356362286,0.0353775413798878,0.0693780200514951,0,0.764783938844631,0.648534429246792
TCGA-DD-A4NN-01,0.646225483181969,0,0.013363217545978,0.163101041739287,0.0130106073748057,0.0833138599653302,0.0337041686194406,0.0472816215731889,0,0.63623720654975,0.77485241387001
TCGA-ZP-A9CZ-01,0.646127241737874,0,0.0103635534171938,0.215263367126646,0.0151448306350391,0.0511730757892575,0.0284290217740555,0.0334989095199343,0,0.84603183684489,0.54979189731797
TCGA-CC-A8HS-01,0.574388593256638,0.0704349888875952,0.0066072239067793,0.099594834729282,0.037943722608037,0.115960422135582,0.0345726372593944,0.0604975772166915,0,0.529626155917551,0.859558676762141
TCGA-G3-A6UC-01,0.768546562728271,0.00631737580804868,0.00965322329329012,0.0945406752772616,0.0117571632516042,0.0809932823816861,0.0101399896423238,0.0180517276175149,0,0.825139007734317,0.570051849347656
TCGA-CC-A7IH-01,0.749770241443844,0.00374506830741538,0.0260819066314099,0.123239346187622,0.00937468479574752,0.0353924699404805,0.0297362504823426,0.0226600322111382,0,0.778829202644168,0.629707270108859
TCGA-BC-A69I-01,0.809231507426267,0.0200252934631659,0.037759088746848,0.113440101922911,0.00890412968305646,0.00517908806605162,0.000884085864683489,0.00457670482701652,0,0.8678176967693,0.502988598216396
TCGA-K7-A6G5-01,0.792942170316814,0.0106180071478975,0.0308283010857869,0.113930603082634,0.0091127381708802,0.000994163451671206,0.0307058737333648,0.0108681430109511,0,0.877983667672762,0.488825550193702
TCGA-BC-A10U-01,0.667489289424234,0.00386999258950554,0.0580789585035387,0.202052647271705,0.00728755492364488,0,0.0247717615238818,0.0364497957634897,0,0.85752062302737,0.530286384679909
TCGA-DD-A4NG-01,0.770420780515875,0,0.0566997959971231,0.0794837124574819,0.0152962426903667,0.0534462711784951,0.0225704225191479,0.00208277464151036,0,0.819933478189095,0.577116150294734
TCGA-BD-A2L6-11,0.768849377716596,0.0526945780261152,0.0510802752634518,0.0192810123050163,0.0157593394770036,0.0911603174343327,0.00117509977748468,0,0,0.903416820813861,0.450523384943881
TCGA-UB-A7MC-01,0.538613934342914,0.156632506217181,0.0152903573986738,0.0809022702402895,0.0267832263298785,0.128447279635544,0.0216248558464677,0.0317055699890519,0,0.623438133213103,0.789336379826805
TCGA-UB-AA0U-01,0.732515235717623,0.00849607729697776,0.0434733988142521,0.11021086227524,0.00888024561917609,0.0504354780542753,0.0123829738419145,0.0336057283805415,0,0.88862169464254,0.481843142147279
TCGA-DD-A4NB-01,0.768603414404222,0,0.0262408466423059,0.126123944465005,0.0019788438449939,0.0727509347443749,0.00226805434741678,0.00203396155168256,0,0.738024601330801,0.678073534240563
TCGA-ED-A8O6-01,0.619509945639656,0.0423615874270508,0.0314756211802692,0.153002898190927,0.0073632212467869,0.0408304433295808,0.0498318654805093,0.05562441750522,0,0.675199657957122,0.739647928846784
TCGA-DD-AACQ-01,0.437922156975553,0.286943532383829,0.0460393882660544,0.124802880874542,0.0203131380518006,0.0125827783385217,0.0283711464229246,0.0430249786867751,0,0.923595258884789,0.386576643856716
TCGA-G3-AAV6-01,0.507373324207254,0.140189513014309,0.0271798199076184,0.0369409574461791,0.00823782508762893,0.117241082869782,0.0799083340632255,0.0829291434040023,0,0.677682183687714,0.736227014526943
TCGA-DD-A3A4-01,0.597470223229776,0.1266585574759,0.0519065742579534,0.10381389501814,0.00340347640332421,0.0673735551241178,0,0.0493737184907897,0,0.765052253641315,0.645647049473656
TCGA-DD-A1EK-01,0.761053293998265,0.0203593037003538,0.0289535244321369,0.079038760372021,0,0.0841470678659334,0,0.0264480496312903,0,0.879636934388007,0.491247128733614
TCGA-DD-A114-11,0.826637049323816,0.0214403539594921,0.0162799727632947,0.0471158815293851,0.00827160799665208,0.0741224541748765,0.00613268025248335,0,0,0.922712824214645,0.405218601727505
TCGA-FV-A3R2-01,0.743895269207485,0.0408838333431876,0.0503921998883098,0.0618258523594447,0.00817758174165458,0.0536707463410958,0.0179418248890421,0.0232126922297804,0,0.880218917337829,0.491996035803105
TCGA-DD-A39Z-11,0.900162593387175,0.00759884139005722,0.0291638062656937,0.0629518919772385,0.00012286697983585,0,0,0,0,0.868479190836818,0.50039340981888
TCGA-BC-A10Z-01,0.706224332836206,0.00252606131753292,0.0171445450050748,0.0668560036743044,0,0.155380289282397,0.0176151252598435,0.0342536426246414,0,0.729862932803099,0.68508125127986
TCGA-WJ-A86L-01,0.65798767419763,0.0564872996758716,0.0186806822397284,0.170048310546505,0.00814557786413514,0.0256378624894593,0.01769122179315,0.0453213711935202,0,0.850733659569952,0.536983759072356
TCGA-G3-A25Y-01,0.669690041108706,0,0.028737015935899,0.106148015948635,0.00163641124098416,0.125604060389619,0.0236080310494401,0.0445764243267178,0,0.685352720796579,0.729356439853133
TCGA-ED-A82E-01,0.454511403397384,0,0.0108978329568411,0.115494992843399,0.108640306609567,0.227248969933287,0.0213398280917258,0.0618666661677961,0,0.201353382270557,1.03235517249994
TCGA-DD-AACU-01,0.583273004112213,0.0800258131494541,0.0473595411354389,0.1679680137756,0.0106573877505812,0.058264348844674,0.0225641811291358,0.0298877101029028,0,0.883950578191611,0.493392978222536
TCGA-DD-A4NJ-01,0.66608798233645,0.0145114116480738,0.0213698177167419,0.146999932244157,0.00162179026428098,0.0895355271953011,0.0165448808599227,0.0433286577350717,0,0.846903742418837,0.549507057237736
TCGA-2Y-A9H1-01,0.681456195889575,0.077858752083014,0.0228400742681341,0.188262934531855,0.0168120484092484,0,0,0.0127699948181741,0,0.850238999854547,0.531541657672335
TCGA-BC-A10X-11,0.879515981309645,0,0.0245328479815001,0.0495378023392347,0,0.0464133683696202,0,0,0,0.898022474712603,0.446961633646705
TCGA-FV-A496-01,0.721512590928535,0.0807041020407791,0.000669603685527044,0.156546122937547,0.000367483801199801,0,0.00434667312029868,0.035853423486114,0,0.861232510018501,0.514317711306042
TCGA-DD-A4ND-01,0.713155793616113,0.0636035368469451,0.0436354640650569,0.029920417783709,0.00699592210944892,0.0895571983975995,0,0.0531316671811275,0,0.750035773918686,0.66325603173773
TCGA-DD-A11D-11,0.857556465667922,0.0137746323080607,0.0298053889980555,0.0337923940479672,0.00491737665995378,0.0601537423180413,0,0,0,0.904246214352769,0.4370534736168
TCGA-DD-A1EF-01,0.521400247585136,0.166833242422986,0.00973322258355175,0.109666225480516,0.0292631002664207,0.0969253975931124,0.0251611108183852,0.0410174532498914,0,0.61171651272016,0.803337478763296
TCGA-DD-A118-11,0.849913651395553,0.0390909180363048,0.020397593166492,0.0283867161007558,0.000121073685093277,0.0620900476158007,0,0,0,0.912465694094388,0.420874631390108
TCGA-DD-AAEH-01,0.717226712447181,0.0170794164654243,0,0.162361451621142,0.0199755301743626,0.0534322027614572,0.0257607578590855,0.00416392867134699,0,0.858952145341382,0.524250636883922
TCGA-2Y-A9H2-01,0.654197825843507,0,0.00844568446726095,0.054863309675555,0.00840457518157851,0.200123394286974,0.0239787549654383,0.0499864555796863,0,0.644401328952992,0.765510562523855
TCGA-2Y-A9GW-01,0.599282461705806,0.121914327271701,0.0516194304970993,0.126685651464177,0.0117142815902115,0.0367703410934148,0.0315197108422453,0.0204937955353459,0,0.882505104133504,0.4880170701076
TCGA-ZS-A9CE-01,0.761193191998458,0,0,0.159570282482542,0.00712032513460342,0.0215924095236339,0.0258445260530869,0.0246792648076756,0,0.786609032743405,0.620099476162355
TCGA-DD-A4NQ-01,0.507116061471777,0.248746919976423,0.0789921629251013,0.0590853763650008,0.00899170168453006,0.0541669706781488,0.0168838353925091,0.0260169715065097,0,0.919543003588883,0.404865847986215
TCGA-5C-AAPD-01,0.552486388451496,0,0.00342654927962294,0.26314563297931,0.0215494895147432,0.0473315954250539,0.0587331539649072,0.0533271903848662,0,0.578195060664972,0.823054693985871
TCGA-DD-AAVW-01,0.678616202850768,0.0243500609498882,0.0489520563753913,0.0675628598851811,0.0162510834018292,0.110004839337821,0.0112105714664755,0.0430523257326455,0,0.812742124311973,0.594544220502069
TCGA-EP-A2KC-01,0.675010822288195,0.18149138408853,0.0453584540886854,0.0685067911094537,0.0089803485625188,0,0.0111108196479243,0.00954138021469272,0,0.85925525254688,0.515247300127182
TCGA-MI-A75E-01,0.713228718085755,0.110297561077712,0.0423662419961106,0.114061879052991,0.0123251896364928,0,0.000394875299340373,0.00732553485159841,0,0.890768670321114,0.464274493579596
TCGA-DD-A116-01,0.718489170673449,0,0.0577680038973732,0.11417928252218,0.00966000548441834,0.0462915441868802,0.0292445320380679,0.0243674611976313,0,0.779140134000513,0.630174165295834
TCGA-GJ-A9DB-01,0.695428396561298,0,0.0397342131731776,0.145311466216363,0.00530300575192938,0.0791686922692537,0.0148382438410156,0.0202159821869626,0,0.840096537508292,0.555362049610515
TCGA-CC-A7IL-01,0.724521924225132,0,0,0.212751219874878,0.000896897876032086,0,0.0237106137429965,0.0381193442809615,0,0.809602768560955,0.590780716681048
TCGA-DD-AACC-01,0.688023291902516,0.0941381092917385,0.0115376162090683,0.15419828402105,0.0131727765694393,0.000773630608346346,0.0250348789877146,0.0131214124101277,0,0.794092306809557,0.610355053979278
TCGA-FV-A3R3-01,0.677732964535934,0.0553140716201516,0.0173197729358607,0.0854698348599193,0.00248739806790398,0.11496574081668,0,0.0467102171635502,0,0.775134552258487,0.635238769340965
TCGA-HP-A5N0-01,0.856617052858379,0.00706867019559261,0.0280665856964038,0.0838071588733561,0.000277926102153555,0.00559142963842693,0.00549926816126997,0.0130719084744181,0,0.901088795545716,0.442527358050227
TCGA-K7-A5RF-01,0.860735180963342,0.016672004251992,0.0108970642487736,0.0368531357998823,0.00323385434837683,0.0716087603876333,0,0,0,0.924151517091347,0.39668025239906
TCGA-ED-A7PZ-01,0.476342718138742,0.153588783123774,0.00440212109452149,0.219261464834022,0.0113768896354201,0.00384061499376396,0.0519167311823518,0.0792706769974044,0,0.724167111283842,0.694019753855058
TCGA-YA-A8S7-01,0.441631754792964,0.15172960588429,0.0831357616268203,0.234012836211216,0.0199823485479399,0.0168878049740408,0.0161057332525163,0.0365141547102125,0,0.803519502912655,0.596503491389578
TCGA-DD-A39X-01,0.564548862908451,0.22155035938229,0.0214787473760508,0.10903032932934,0.00970995685426212,0.0049662623313193,0.0367058016427266,0.0320096801755604,0,0.904979061704631,0.433271689077091
TCGA-DD-AACF-01,0.72797964323731,0.00385028123396168,0.022687452637909,0.0868985843215737,0.00564198196383274,0.0812412873387324,0.0252447106992034,0.0464560585674769,0,0.834160714119113,0.562778488358572
TCGA-DD-A1EC-01,0.646839743720015,0.0464104568944347,0.0826742056440822,0,0.00351688192686575,0.177052312178584,0,0.0435063996360189,0,0.600365420224936,0.803718201817507
TCGA-DD-AAE0-01,0.516234813880022,0.0697363975456041,0.00494215332845138,0.209448580156373,0.0267806498516173,0.0663972143969471,0.0436796828736435,0.0627805079673419,0,0.536291780810244,0.859697331265094
TCGA-G3-AAV0-01,0.772644672584118,0.0209295952132205,0,0.0968191536797781,0.00146569108471973,0.0671316015642303,0.0168875141883632,0.0241217716855701,0,0.700721203906774,0.719862864752675
TCGA-XR-A8TD-01,0.609652717115695,0.158620450131735,0.0336344632656156,0.0539044432766552,0.0123131636169514,0.104848672118815,0.00996761674528433,0.0170584737292481,0,0.932521131125854,0.402434013985178
TCGA-DD-A1EE-11,0.864641596344832,0.0197363221989652,0.0144284110390409,0.0591353110021488,0.00379690984774455,0.038236790036501,0,2.46595307679127e-05,0,0.856795186429244,0.519573145996201
TCGA-CC-A5UE-01,0.483561675210679,0.196145074668062,0.051035180119343,0.117078803419417,0.00782507004379764,0.0683598785934469,0.0325207049335662,0.0434736130116884,0,0.876786095274122,0.491136008212185
TCGA-DD-AACJ-01,0.618450035653536,0.161241898525556,0.0484331845580816,0.117802840771116,0.0175082549117433,0,0.0166913538653752,0.0198724317145915,0,0.915251666775501,0.419795172956247
TCGA-G3-AAV5-01,0.44724997615361,0.0924500519309917,0.0922685317407719,0.250079938296434,0.0305566687393933,0.00316221054872464,0.0428492788690147,0.0413833437210601,0,0.759287962485006,0.652002904283188
TCGA-DD-A1EB-11,0.870649245967334,0.00997702236024253,0.0309502268600515,0.0431075284166227,1.99974793293414e-05,0.0452959789164202,0,0,0,0.898959089725023,0.445696496475372
TCGA-BC-A10W-11,0.821130314349784,0.0205350009646963,0.0432708767845132,0.050161495180484,0.00509193504130439,0.059810377679218,0,0,0,0.909743510603265,0.430682786182827
TCGA-DD-AAVS-01,0.653797862605197,0.0315755187278823,0.0364150727591084,0.144133002749386,0.00868002479108971,0.0644928752808186,0.0236087114454011,0.0372969316411172,0,0.756418997611955,0.656705016786248
TCGA-DD-A11B-01,0.739039782955914,0.00229128736866664,0.0486058614492105,0.0510977132748517,0.00727487259676428,0.12113516612599,0,0.0305553162286029,0,0.778305088168707,0.630979040758376
TCGA-MI-A75C-01,0.591735405234248,0.0758032638618594,0.0579537900111494,0.189401831200169,0.0261772870266815,0,0.038082365767511,0.0208460568983819,0,0.85913311426742,0.526274831143621
TCGA-ED-A8O5-01,0.72283189957545,0,0.00230457272335683,0.157966754035954,0.00649894645974622,0.0517028942737807,0.0105786445757236,0.0481162883559879,0,0.721130278914265,0.695421181252486
TCGA-BC-4072-01,0.650160920896245,0,0.0332125565283991,0.184071003864898,0.0164194479116004,0.0690755236331235,0.0159003729095587,0.0311601742561749,0,0.711095668057233,0.704420442461002
TCGA-DD-AAW3-01,0.639823559441423,0,0,0.190915064180539,0.014997621331221,0.0852036605820968,0.0336795290348552,0.0353805654298652,0,0.778734686623253,0.633505278958072
TCGA-G3-A5SK-01,0.837457726548439,0.0157881286962815,0.0419738575572681,0.0566156502712897,0.00568420400897488,0.0223344712456735,0,0.0201459616720734,0,0.851112116891648,0.529346034183136
TCGA-BC-A110-01,0.842403194266292,0,0.0351029530759857,0.0488317705461092,0,0.0736620821116131,0,0,0,0.881966145026565,0.478875028020827
TCGA-DD-A3A7-01,0.562983012111448,0.12495276680524,0.00871704542208801,0.24842662437644,0.00610027444727959,0,0.0262830711679289,0.0225372056695761,0,0.81674737986762,0.579175420266276
TCGA-BC-A10R-11,0.866413677220844,0.00731935350938446,0.0315884436975362,0.0339724093843542,0,0.0607061161878814,0,0,0,0.910435705829168,0.424172656584865
TCGA-DD-A1EI-11,0.875941963810583,0,0.0101229851363335,0.0779337606271074,0.00427298598633176,0.0316160292145801,0.000112275225064229,0,0,0.912593214562119,0.418259024941227
TCGA-DD-AACN-01,0.701644587036688,0,0.0299211808705824,0.116382220440789,0.0277705807814166,0.0964134748852409,0,0.0278679559852828,0,0.602054360598198,0.808383897523732
TCGA-DD-AAD5-01,0.485695055867063,0.11135030512941,0.105431918240302,0.17190005832042,0.0222575434639032,0.0135247553060742,0.040196423757986,0.0496439399148414,0,0.715753028235762,0.699429190373259
TCGA-CC-A3MC-01,0.60347407432415,0.159172212562943,0.0251562345562474,0.149579166833048,0.013179308144552,0,0.0193139572043947,0.0301250463746647,0,0.899808353028687,0.447574917512607
TCGA-DD-A113-11,0.820640113829482,0.0603403794939154,0.0405064012093499,0.0361022834883691,0.000292398000826481,0.0421184239780568,0,0,0,0.854811252138968,0.523199532937821
TCGA-DD-A1EJ-11,0.875212932306228,0.000371159013370869,0.0379636976353623,0.0497026806680691,0,0.0367495303769702,0,0,0,0.883605891679743,0.473768530637112
TCGA-DD-A73A-01,0.706875803849618,0.0946439508263119,0.0228040189099009,0.128808130581161,0.0165804891452186,0.0106628472409168,0.00719877195577652,0.0124259874910966,0,0.890129388669007,0.467897756250981
TCGA-DD-AADI-01,0.668734357749212,0,0.0276818458449187,0.172710399848349,0.0020469721450843,0.0432039578284116,0.0412148693453341,0.04440759723869,0,0.734871431786401,0.680093398065329
TCGA-CC-A7IG-01,0.389629447992981,0.0767302465061937,0.000505940117697223,0.41213424213142,0.0400413378943124,0.00424364513292112,0.0225893654025188,0.0541257748219559,0,0.812005099410142,0.584757066772522
TCGA-G3-AAV3-01,0.643424427794796,0.177529111295387,0.0325020654017901,0.0924741388285526,0.0100355061472891,0,0.0183344688236362,0.0257002817085489,0,0.840050422068092,0.545585087488192
TCGA-MI-A75H-01,0.557358495970481,0.118146557766961,0.00147420871664413,0.178862072146457,0.0201393208296534,0.0694412227310489,0.0246305033666174,0.0299476184721366,0,0.884775127239496,0.485385167040403
TCGA-DD-A73E-01,0.515467993047788,0.0550909805975661,0.0148822072887491,0.13300549882294,0.0197777507428015,0.172984868926651,0.0363984329250474,0.0523922676484573,0,0.561277541157248,0.83125155054314
TCGA-2Y-A9H7-01,0.602698627885231,0.0894397639585769,0.00774668536075114,0.20329547368936,0.0091955059734351,0.0138069893683009,0.0171957697364855,0.0566211840278591,0,0.682636253873417,0.737488832234283
TCGA-CC-A8HV-01,0.474005839580999,0.141122800947034,0.0045718094532362,0.242996275483331,0.0235158601500787,0.0180358468278764,0.0442059603669903,0.0515456071904551,0,0.61117542621969,0.812265468824328
TCGA-DD-AADJ-01,0.622766413242113,0.125237875768943,0.0175834988664814,0.178826209689592,0.00401445976098863,0.00909870476259027,0.0214477564996357,0.021025081409656,0,0.802697886552529,0.598717845027083
TCGA-DD-AAD6-01,0.656832925458328,0.0498312511268754,0.0703131617242402,0.153794888995568,0.0198145826139823,0.00469735289898122,0.0209622895874553,0.0237535475945698,0,0.835377770088983,0.559088295054033
TCGA-BC-A10S-01,0.764948420795242,0.0129902062306336,0.0410753415216629,0.125035723249727,0.0132056431878926,0.0386738133990044,0,0.0040708516158381,0,0.89699770887183,0.459365390090366
TCGA-DD-A11C-11,0.879786463059695,0,0.00783460747797693,0.0540924874489418,0.00386312090990894,0.0544233211034771,0,0,0,0.883164071370037,0.474336104104997
TCGA-BC-A10Q-11,0.886158244080038,0.00545244930100732,0.0517867018768085,0.0395409324334577,0.000437206766722958,0.0166244655419654,0,0,0,0.916442671914691,0.409663300048537
TCGA-LG-A9QD-01,0.816156745088394,0,0.0496206398366194,0.0924718378889234,0.00160583924497648,0.0119088753953798,0.00989244464745252,0.0183436178982541,0,0.818849640991319,0.577257430540043
TCGA-DD-A3A1-01,0.649533486227653,0.00122448182797627,0.0188874421030572,0.267006174156316,0.0218927922510774,0,0.0148195203528799,0.0266361030810398,0,0.834416306294168,0.559422739398111
TCGA-DD-AACZ-01,0.324921138975723,0.287527227203339,0.0200355600485045,0.176430667708201,0.0430616344377884,0.0266786576606682,0.0505327830923539,0.0708123308734221,0,0.794371802094566,0.617819746697996
TCGA-CC-A7IK-01,0.371214044702803,0.233775149362478,0.0171796900243512,0.212744081735206,0.0469589818972118,0.0310143947351048,0.0409327321849437,0.0461809253579022,0,0.771688301610204,0.643278991281177
TCGA-DD-AADO-01,0.632356325622306,0.0859269052493345,0.00132679474962621,0.219249072171879,0.0123483458132539,0,0.0235627296747758,0.0252298267188248,0,0.820335834357892,0.575061019199577
TCGA-CC-A7II-01,0.311775797124496,0,0,0.377727469556159,0.110866056337377,0,0.0564632460620855,0.143167430919883,0,0.273870675468175,1.02728282018406
TCGA-RC-A6M3-01,0.461251496167404,0.106893562681552,0.0895368972071555,0.0559749170387676,0.0336877127293466,0.123558037053732,0.0322328285577893,0.0968645485642541,0,0.726166991511575,0.695432429739164
TCGA-DD-A39W-11,0.875653624459959,0,0.00348417952967637,0.0858126645803211,0.000122203648709208,0.0349273277813347,0,0,0,0.899497975696511,0.444006116813709
TCGA-DD-AAW1-01,0.748454393898337,0,0.0659115995835822,0.099098622369109,0.00766775696960773,0.04903413420877,0.0224068379932641,0.00742665497733028,0,0.772172560741423,0.637578073961832
TCGA-NI-A8LF-01,0.717505814575203,0.0100056688789616,0.0231175093144631,0.174111981911816,0.0132837695317587,0.0202500730269721,0.0166661303242888,0.0250590524365362,0,0.761420191896787,0.650453272378002
TCGA-FV-A23B-01,0.642333573881658,0.107960211983956,0.0480549727258576,0.00944001416580338,0.00832223296517213,0.121978060763126,0.0129054823699889,0.0490054511444379,0,0.797591887610547,0.610724593062061
TCGA-DD-AADC-01,0.511986542098272,0.249864615080999,0.0683242771180907,0.0508215457446174,0.0180451542737261,0.00953056120708427,0.029961970375585,0.0614653341016258,0,0.888115502710339,0.466712677687297
TCGA-G3-A3CJ-01,0.696620179796599,0.111619233115648,0.0123694161687275,0.152607352618492,0.0138646283934344,0,0.0128886037317903,3.058617530935e-05,0,0.854763361783814,0.523239311077597
TCGA-ZP-A9D1-01,0.72525066783887,0,0.0291241622725751,0.163759378301229,0.00890881015835986,0.0289422826589823,0.0143612834364034,0.0296534153335796,0,0.857363973598458,0.526829787834773
TCGA-DD-A73C-01,0.697713582104558,0.00316218759607995,0.0280748758932091,0.142010160998368,0.00438870063288433,0.035117961324593,0.0232035823769872,0.0663289490733201,0,0.679964460032444,0.736732746913853
TCGA-CC-A9FU-01,0.515839330932167,0.152252972144496,0.0168831611125651,0.135173876356181,0.00758191946456036,0.0857526540346453,0.0242777175197589,0.0622383684356268,0,0.784940309723143,0.621888097620115
TCGA-G3-A25X-01,0.544740959593407,0,0.0208803857141897,0.268765870095296,0.00561588982675976,0.0509433009071899,0.0376204434952583,0.0714331503678998,0,0.448165777073869,0.925584408008135
TCGA-DD-AACP-01,0.479305649123568,0.153656090445191,0.0254609642142457,0.22729851701107,0.0184259507049118,0,0.042198767254659,0.053654061246355,0,0.793452560047833,0.610263240182924
TCGA-UB-A7MB-01,0.621508250821387,0,0.00423906437137326,0.207101131576806,0.0187905851173216,0.0573181277422273,0.0304951380858944,0.0605477022849906,0,0.753286122275034,0.661618534060574
TCGA-DD-AADG-01,0.703755586554055,0,0,0.166432474501885,0.00962357511520713,0.0588080571461539,0.035315085690135,0.0260652209925637,0,0.759968440644255,0.652158860374172
TCGA-RC-A6M6-01,0.585922562726274,0.202556444951492,0.0629895332572561,0.0058204404315169,0.0026809574072436,0.0405835448671597,0.0286760111978035,0.0707705051612539,0,0.568100668288543,0.848607017588145
TCGA-DD-A4NH-01,0.530847366809875,0.030438751037304,0.0552204671177937,0.172496376280845,0.0113425657121547,0.0959050613160287,0.0177579705541711,0.085991441171828,0,0.673216451541064,0.74047130832778
TCGA-EP-A12J-01,0.733102122796907,0,0.040063618083448,0.0920628899542381,0.00434964189017015,0.0834349338286665,0.0292035398924439,0.0177832535541259,0,0.659923055058343,0.757021457777615
TCGA-CC-5262-01,0.618842753982274,0.0638626471596011,0.0644153543754273,0.205575846889535,0.0124564940044002,0.00147096109834255,0.0225675452551402,0.0108083972352791,0,0.879044245734659,0.492642424015324
TCGA-ZS-A9CD-01,0.66264616008818,0.0568496758555897,0.0314494214987973,0.183780213692025,0.0159151357501112,0.0223278189815169,0.00558469688734959,0.0214468772464303,0,0.86660241592135,0.511273042038893
TCGA-DD-AAE9-01,0.598024755743951,0.0822980852300901,0.0449960149383512,0.182421572723929,0.0155077129427004,0,0.0377057045698575,0.0390461538511206,0,0.776529585815035,0.632498706027481
TCGA-BD-A2L6-01,0.790430182096479,0,0.0249337456978348,0.101315598690764,0.00637861018038123,0.0310221029463575,0.0153245009779295,0.0305952594102538,0,0.733927313367623,0.683725238033772
TCGA-DD-AAEI-01,0.623069413881516,0.17481471573234,0.0506323677124027,0.108593709014433,0.0153098747174778,0.00650147419145395,0.0117475455324393,0.00933089921793701,0,0.919902680912662,0.407205248403945
TCGA-2Y-A9H3-01,0.687563367239723,0.0885223011757936,0.00128015593526018,0.142335732447114,0.0129430502596031,0,0.0181389548820862,0.0492164380604207,0,0.778206841224569,0.630607227692483
TCGA-2Y-A9GV-01,0.786735550516122,0.0292310527397958,0.0453386372910582,0.0552196310219711,0.0099674608723774,0.0371497035483232,0.00435255474526927,0.032005409265083,0,0.790652745253041,0.614893985784254
TCGA-DD-AADS-01,0.766981965789757,0.0292110315448518,0,0.138458888195858,0.0136686898799899,0.0374996368767435,0.0141797877128005,0,0,0.797094634104695,0.606437145984
TCGA-DD-A114-01,0.42614471021889,0.103422436149617,0.112144714451326,0.0911550359187706,0.0568309377244635,0.127025535032175,0.0411776633727438,0.0420989671320135,0,0.708325892875528,0.710651065094214
TCGA-DD-A39Z-01,0.734785329716234,0,0.0195934142676475,0.173087661425041,0.000108167463397967,0.0281129967085015,0.00894341417306937,0.0353690162461094,0,0.782877261904979,0.62477299472074
TCGA-UB-A7MA-01,0.55315175533644,0,0,0.319459170089842,0.0236333000699916,0.0293599686166843,0.0306207204122865,0.0437750854747552,0,0.637750009506781,0.775533071060073
TCGA-EP-A2KB-01,0.585337219937689,0.180651674147824,0.0120288076765868,0.0819272050273513,0.00546657052415378,0.0890457117606709,0.0275494107045418,0.0179934002211821,0,0.827833519800594,0.564443671521913
TCGA-DD-AAEA-01,0.535710694948569,0.166015885203835,0.000718340371471972,0.208363466979998,0.03235559158966,0,0.0329788238748798,0.0238571970315862,0,0.744571153353784,0.673688078044927
TCGA-UB-AA0V-01,0.869595314492408,0,0.0204380912713872,0.0796058036081837,0,0.0303607906280208,0,0,0,0.923658889705288,0.395724154840243
TCGA-BD-A3EP-11,0.848873907723209,0.00126482694411246,0.0434992509033716,0.0755238892474032,0,0.0308381251819033,0,0,0,0.902183828614441,0.441236054392162
TCGA-ES-A2HT-11,0.814133554710063,0.0151218146332384,0.0490235554143676,0.09428705870182,0.0129381315759302,0.000213773060819444,0.0142821119037613,0,0,0.904972081298468,0.439165623314623
TCGA-2Y-A9GY-01,0.41627039114813,0.251931656366891,0.0322700099624181,0.151260084539823,0.0204131086985349,0,0.0406208508099072,0.0872338984742953,0,0.809109203200463,0.591172062245389
TCGA-XR-A8TE-01,0.612710676251828,0.0869422552253464,0.0945008235575624,0.0697895373395917,0.0168181200946366,0.0819222995043218,0.0144838123777768,0.0228324756489364,0,0.617097543191777,0.793345025867452
TCGA-ED-A4XI-01,0.812026033152239,0.0523253310355578,0.0255791370143003,0.0952708742891214,0.00713620984953098,0.00291436206660461,0.00474805259264553,0,0,0.931908562385761,0.381374693948238
TCGA-DD-AACG-01,0.442623792988149,0.228443773283708,0.0234162139423317,0.194294625479527,0.0370159003644388,0,0.0494744647344336,0.024731229207411,0,0.934509077051235,0.365526722844801
TCGA-BC-A216-11,0.88041948260722,0.0129316284395957,0.0237070819310203,0.031509331130432,0.0122620913085561,0.0391703845831764,0,0,0,0.767611280376191,0.649161120427816
TCGA-NI-A4U2-01,0.816254969705883,0,0.00747117814990668,0.125201186643748,0.00623634790326479,0.0220488124860504,0.00153188140934754,0.0212556237018001,0,0.794571173737934,0.61056200559563
TCGA-DD-AAC9-01,0.722183745510883,0.0800263990114153,0.0221017035167581,0.159848447809358,0.0130790090700256,0,0,0.00276069508155917,0,0.881931744442392,0.479552718493419
TCGA-DD-AAE1-01,0.526957657217972,0.16767329096667,0.0127974352620629,0.170800016991433,0.0265169381470253,0.0358439414618784,0.0247040526148114,0.0347066673381459,0,0.839442116401853,0.546923512296582
TCGA-DD-A11D-01,0.785395647815064,0,0.0312862598687074,0.0839824719986393,0.000104502678711602,0.0790908411223047,0,0.0201402765165727,0,0.890433529896065,0.471336942166158
TCGA-DD-AADY-01,0.639867056468969,0,0.0312491748955368,0.128882107821585,0.00419087637345691,0.117203168049272,0.0174261708325582,0.0611814455586225,0,0.688548955477383,0.726307022352796
TCGA-ZP-A9D4-01,0.64838319859264,0.0155094342296586,0.0300495196169033,0.19420662273932,0.00843090470819723,0.0659333641795941,0.018829926657499,0.0186570292761877,0,0.783563440082468,0.625389014602847
TCGA-DD-AAED-01,0.595936470715641,0,0.014925104763235,0.220114499535756,0.0331294028808042,0.0733137960208968,0.0307541718895919,0.0318265541940744,0,0.740005324148515,0.675827624775438
TCGA-DD-AACK-01,0.63109663919441,0.0820624027090717,0.0702320854442497,0.0855202710490877,0.0117566858746803,0.078770417686045,0.00602772994574299,0.0345337680967124,0,0.837140327347559,0.560445217334084
TCGA-DD-AAVQ-01,0.629309641321657,0.00551137203461416,0.0197476938139976,0.192403346657973,0.0334507424081705,0.0392880979832513,0.0365276248044384,0.0437614809758984,0,0.760314944672066,0.653902215136753
TCGA-BC-A112-01,0.557344125678681,0.151005961393124,0.074352531225936,0,0.0229945042777282,0.161267911199906,0,0.0330349662246249,0,0.711088647240394,0.703883542660359
TCGA-DD-A118-01,0.786607940959682,0,0.00612096597309166,0.105643804740014,0.00035261376425952,0.0340468375385411,0.0147946803051279,0.0524331567192844,0,0.807495165036496,0.59326060623423
TCGA-DD-AACO-01,0.760274508161202,0.122026308365971,0.030860027066609,0.00112028381672181,0.0255025847833441,0.029018417148661,0.00894249608518287,0.0222553745723085,0,0.818516683662416,0.577601145683975
TCGA-DD-A1EB-01,0.759841634007474,0.0202542042468478,0.0322393917611634,0.0861978369709303,0.00542491008794196,0.0372695442070495,0.0197224119142756,0.0390500668043178,0,0.783356497494494,0.624197446583074
TCGA-DD-A4NL-01,0.815559478858948,0.0200370013299307,0.0415088015710533,0.0465518619440742,0.00381162909206319,0.0700636206502947,0,0.00246760655363544,0,0.821362537830598,0.573342463569861
TCGA-EP-A3JL-01,0.607055288333353,0.128448101851963,0.0117187513410894,0.192523018374118,0.0130675768307233,0,0.0198338375786796,0.027353425690074,0,0.841621257793009,0.543654315291945
TCGA-DD-AAD8-01,0.707144029164434,0.0678565053539552,0.0311317326745931,0.139667066839466,0.0102794168069732,0.0118502847208602,0.011410277843857,0.0206606865958606,0,0.914092104543931,0.429366107241378
TCGA-5R-AA1C-01,0.55357561151271,0.115274910131841,0.0321143435424132,0.140736280344034,0.0191221433652132,0.0727802590000366,0.0316714035022609,0.0347250486014922,0,0.730028400102964,0.68453563111019
TCGA-G3-A3CI-01,0.777990644538119,0.0819997982075074,0.0245751018037843,0.0706600634834489,0.00891197910067812,0.0185816225664731,0.00492392394430149,0.0123568663556873,0,0.839385233548852,0.547370761076272
TCGA-G3-A3CK-01,0.671769752757666,0.0805163429589698,0.061532604348296,0.0673012913960208,0.015092435995794,0.0739024061501841,0.0125690699756277,0.0173160964174413,0,0.788332607055762,0.618893645744936
TCGA-MI-A75G-01,0.727796029449826,0.02379007032148,0.0089458715149142,0.171285927094797,0.00694956866766771,0.0362431682336844,0.0109415843702692,0.0140477803473612,0,0.843525444641209,0.543784885001366
TCGA-G3-A5SJ-01,0.643261600754089,0,0.0565319198096664,0.183377804191277,0.015253560768726,0.0359969199663062,0.0152978346405911,0.0502803598693445,0,0.704608264694151,0.711076442173796
TCGA-DD-A3A4-11,0.802771956918626,0.0681371695935632,0.0404567719105058,0.0442505491770813,0.00881919008745065,0.0355643623127733,0,0,0,0.795994265782226,0.608522961708397
TCGA-5R-AAAM-01,0.806002565885646,0.0250506607087673,0.0261678531909394,0.106683814630035,0,0.0265121285462419,0,0.00958297703837073,0,0.914024100202861,0.421619658999627
TCGA-BC-A3KG-01,0.552216031814734,0,0,0.253407280844393,0.0236543439570673,0.0648277506672975,0.0325465748664969,0.0733480178500115,0,0.639593566280505,0.770429878173104
TCGA-DD-A3A5-11,0.890851195423347,0,0.0175368704022269,0.0706728842597956,0.000145202380049805,0.0207938475345807,0,0,0,0.875492640814781,0.487830991951256
TCGA-DD-A1EH-11,0.896538907601165,0,0.0175501323435718,0.0525925665361786,0.00457095274161485,0.0287474407774698,0,0,0,0.907445444834826,0.427387445348338
TCGA-2Y-A9GS-01,0.537744547346262,0.155552492955846,0.0570717512907649,0.110207797594841,0.0139993756516839,0.0615310549349444,0.0204172335351213,0.0434757466905355,0,0.884200603112178,0.486346760002453
TCGA-BD-A3ER-01,0.703765946269141,0.0770276123726383,0.0351795125235035,0.142806569305783,0.00866042651670813,0.0235585780258085,0,0.00900135498641828,0,0.860370677617994,0.516888962519837
TCGA-BC-A10X-01,0.814747637881667,0,0.0554937077840196,0.0811897388848558,0,0.0485689154494577,0,0,0,0.903384949834395,0.443320570130071
TCGA-MI-A75I-01,0.607077630136691,0.0661477563685771,0.0326578521194263,0.211537905210867,0.0172666022782795,0.00689262727829217,0.0149616518581781,0.0434579747496882,0,0.882672951200248,0.489236970497581
TCGA-DD-A1EC-11,0.883363768503691,0.0316901714325461,0.0435888855957141,0,0,0.0413571744680488,0,0,0,0.817978595965478,0.579843873202691
TCGA-CC-A7IF-01,0.756405749211266,0.0477788214148579,0.00233731025250297,0.113576422965693,0.00346891988232587,0.0367245010650928,0.0133086489299576,0.0263996262783036,0,0.798725255241517,0.604471016700139
TCGA-DD-AACE-01,0.671566142927992,0,0,0.201106894523554,0.00851711728702502,0.0274829625236584,0.0443711422584311,0.0469557404793394,0,0.759474097230051,0.653188106841082
TCGA-DD-AAVY-01,0.648903139965302,0.0419954589317785,0,0.199999116340062,0.0165254539953028,0.024286622152725,0.0351464546614583,0.0331437539533716,0,0.852778843428662,0.535391194721615
TCGA-EP-A26S-11,0.855624923247544,0.0274592448141233,0.0111597468993927,0.0619012459362741,0.00397292531375788,0.0398819137889077,0,0,0,0.90919217919714,0.426377098452926
TCGA-DD-A1EG-01,0.565947985917474,0.157542453074627,0.0287835400515274,0.174303334525924,0.0172841614760905,0,0.0298302555774369,0.0263082693769202,0,0.956118402554419,0.331192898596408
TCGA-ED-A7PX-01,0.421310454377133,0,0.00187275115806926,0.348995677115178,0.0402835772375379,0.045130833410516,0.0439022281076055,0.0985044785939606,0,0.680306674832231,0.733683228600769
TCGA-DD-AAD1-01,0.693149084970849,0,0.0481519236642702,0.160086354608711,0.0142823259581156,0.0634499369515607,0.00301736680966734,0.017863007036826,0,0.732562275789048,0.682287073209812
TCGA-DD-AADN-01,0.459283083430118,0.197934936437784,0.011337637207165,0.168066028492275,0.0387880626334209,0.00688992061474028,0.0413232456950497,0.0763770854894471,0,0.806588975221021,0.592674036350369
TCGA-DD-A3A3-11,0.811199586268775,0.00118453823974166,0.0266789631965855,0.0672956209306626,0.00581326105431345,0.0878280303099215,0,0,0,0.876994269767662,0.490053399006733
TCGA-2Y-A9H9-01,0.793124929014483,0.00394790134651996,0.0197301379781221,0.107536222350256,0.00651011806773377,0.0378275363660314,0,0.0313231548768531,0,0.830815090310497,0.560811025085805
TCGA-G3-A25Z-01,0.847309836224814,0,0.0191774789988688,0.105087863982864,0.0131625113720575,0.00779365049628866,0.00427831077299636,0.0031903481521113,0,0.876344678003646,0.487537515575659
TCGA-BC-A10U-11,0.887104834875409,0.012101264606205,0.046081830563636,0.00324349759490484,0,0.0514685723598446,0,0,0,0.888827921281563,0.463819323837766
TCGA-BC-A217-01,0.71707330406697,0,0.00677403918647878,0.1150307494567,0.00193269840436244,0.0864479496938689,0.030448428169812,0.0422928310218077,0,0.82242652994875,0.578250481684287
TCGA-BC-A110-11,0.870520008212175,0.0185877936316471,0.0405032560641038,0.00690179293603734,0.000103722431938749,0.0633834267240985,0,0,0,0.851017258903973,0.528645008696822
TCGA-BC-A10R-01,0.731323875553071,0,0.0106091280674729,0.19246516089228,0.000418302775706706,0.0392631228227502,0.00371590449710862,0.0222045053916103,0,0.736613562231887,0.679553722401379
TCGA-ED-A7XO-01,0.780142741688853,0.0129318732581732,0.0275751719968351,0.0899523139128566,0.00903014500896377,0.0508479595150588,0.0151144053617852,0.0144053892574747,0,0.85701839491845,0.523573997273138
TCGA-G3-AAV7-01,0.395924985826603,0.17721798144054,0.0661147031286734,0.150744987584297,0.0434239020240422,0.0606483827263396,0.0524641410280757,0.0534609162414293,0,0.800028641680539,0.603075286620391
TCGA-GJ-A3OU-01,0.487033712495358,0.185413199493308,0.103871899557317,0.128220002997277,0.0110337459285103,0.0511153951754675,0.0170101602309927,0.0163018841217696,0,0.915711566563186,0.420913684789252
TCGA-DD-AADB-01,0.516912885637025,0.156811861876268,0.0167796725785376,0.161514065264055,0.0257641194443108,0.0449318877234987,0.0171795647349202,0.060105942741385,0,0.802312706665054,0.599196700309689
TCGA-RC-A7SK-01,0.651472708031377,0.0127773657286081,0,0.273275949226023,0.0125058798535369,0,0.0236998857755618,0.0262682113848928,0,0.807856733978483,0.59321037319298
TCGA-DD-A4NE-01,0.61791081193287,0,0.0259211144230972,0.150051912187992,0.00627127355577649,0.125543754671368,0.0137307956659932,0.0605703375629037,0,0.763995858011817,0.652855934256763
TCGA-DD-A39V-11,0.863891681033513,0,0.0135614409346396,0.093891408481472,0.00352622678656913,0.0251292427638063,0,0,0,0.8108066023454,0.589794676477128
TCGA-DD-AACT-01,0.644168224856539,0.069132326892328,0.0220911204482427,0.221426773424781,0.00983703768920773,0,0.00470708965580762,0.0286374270330942,0,0.814182986739817,0.583618154686694
TCGA-ZP-A9D0-01,0.762657773885445,0,0.033767176404986,0.0577644197887953,0.00932527922107262,0.0787545952720775,0.0173445191459304,0.0403862362816926,0,0.750684070332187,0.662584071923137
TCGA-DD-AADF-01,0.741838147400739,0.014683307835184,0,0.120869584821311,0.0103719596684952,0.0444521961305678,0.0247911827756351,0.0429936213680683,0,0.811048190080732,0.589783321721896
TCGA-DD-A1EJ-01,0.606959705761606,0,0.0195345052910692,0.214434623810511,0,0.0655754290060535,0.0158958913633818,0.077599844767378,0,0.673487571285876,0.740816802913191
TCGA-DD-AAVU-01,0.58645729448959,0.13130308079431,0.0222017650670858,0.173654145954213,0.0315234768613452,0,0.0201799097100503,0.0346803271234055,0,0.922183823487328,0.413018604757818
TCGA-G3-A3CG-01,0.788826154472205,0,0.0364948397008488,0.133113342329472,0.00830976467075753,0.00991459000432552,0.00765974036469848,0.0156815684576918,0,0.851649718606099,0.530115123865601
TCGA-BC-A10W-01,0.560922555364417,0.0791952611936117,0.0869999960695194,0.0576916499814996,0.00714094227723741,0.142601641540602,0.0160965322444296,0.0493514213286839,0,0.789982644968181,0.627106495968064
TCGA-O8-A75V-01,0.608211150673999,0.124554419553501,0.0525173706592518,0.155494159208158,0.0158326874155454,0,0.0265668923070149,0.0168233201825292,0,0.847823876448448,0.536046915972553
TCGA-DD-A3A9-01,0.608413673775415,0.0555204070995284,0.00199979587404964,0.261310551526319,0.00956566627453888,0,0.0256780024615277,0.0375119029886213,0,0.867521706846356,0.50897859457382
TCGA-DD-A73G-01,0.629936145289592,0.0378808042431526,0,0.225958186409644,0.0110486368005768,3.13252125335651e-05,0.0275109349277665,0.0676339671167346,0,0.826147161159023,0.571672614155043
TCGA-DD-A1ED-01,0.741818227718877,0.0429292088754801,0.0536925290750874,0.0520388120889417,0.00905617981912875,0.0896100543346601,0.00202032913180411,0.00883465895602084,0,0.765252524150194,0.645563929837385
TCGA-WX-AA47-01,0.518165961655047,0.105152047860121,0.0572939060220407,0.176248535802921,0.00935580094605008,0.0705872110986985,0.0175668890829434,0.0456296475321782,0,0.675942143003103,0.739991940403685
TCGA-G3-A7M5-01,0.719730465543844,0.00505046858027913,0.00187492048302529,0.151763940543087,0.0104827559816914,0.081065188177882,0.0141484009422601,0.0158838597479314,0,0.767035624219959,0.643668521278992
TCGA-DD-A4NI-01,0.801582127937284,0,0.0190211466576407,0.147006355117683,0.0108045566587759,0.00471422472118085,0.0093353783515373,0.00753621055589816,0,0.872830534052846,0.49560171632881
TCGA-2Y-A9H8-01,0.586110105209958,0.121753208138854,0.0139855480882144,0.0567592644628633,0.0248689968433605,0.129682542451406,0.0182769832580941,0.0485633515472506,0,0.7328830315186,0.682039111557605
TCGA-DD-A3A8-11,0.808645780081587,0.0132568131613822,0,0.135134820535635,0.00403335104224819,0.0389292351791476,0,0,0,0.876714931448827,0.488094933496638
TCGA-2Y-A9GT-01,0.791765123827032,0,0.0248413620634253,0.0814871397737557,0.0131741994512429,0.0786259696780406,0.000193975357120585,0.00991222984938281,0,0.858210668113535,0.5214288504597
TCGA-CC-5260-01,0.398199666477623,0,0.0454200216238455,0.126005493672541,0.111577400821522,0.246304602601196,0.0103137603926393,0.0621790544106334,0,0.367006096066252,0.940014991401704
TCGA-DD-A1EL-11,0.869249204917863,0.0289764212714778,0.0259465743827464,0.0614558977107762,0.00657050599645479,0.00780139572068194,0,0,0,0.923674722563459,0.394795590949332
TCGA-DD-A3A1-11,0.803122341790203,0.0484255005489197,0.0125549476437318,0.128063887223019,0.00783332279412747,0,0,0,0,0.82738019683905,0.565194465032338
TCGA-DD-A119-01,0.638847938623445,0.0903831341020763,0.00731398129503791,0.21771830304711,0.0182637009473512,0,0.0135839827012594,0.0138889592837207,0,0.869657374404999,0.501244548439361
TCGA-FV-A2QR-01,0.699626249621024,0,0.0564186505900324,0.122573900745536,0.00401297850198026,0.0291527431868742,0.0186313697327698,0.0695841076217829,0,0.883670363837597,0.496774413470817
TCGA-G3-A25V-01,0.703096997850003,0.0693484252607039,0.0533749320631009,0.127949658925492,0.00673830695152065,0.0188021501390591,0.0103131574828408,0.0103763713272794,0,0.846441662916544,0.539112729060772
TCGA-CC-A8HT-01,0.490152752391507,0.127529723324271,0.0268884240247311,0.193377613018779,0.0330063024593788,0.0347635436876342,0.0428706289499217,0.0514110121437774,0,0.701498801910016,0.714954800193252
TCGA-DD-AADL-01,0.587709311869019,0.0429587817617551,0.00115356130874137,0.198732867650126,0.002601380813713,0.0881760313378555,0.0326293173982042,0.0460387478605864,0,0.817364567207544,0.58784284176562
TCGA-XR-A8TC-01,0.610666029408836,0,0.0255699586709808,0.166139236388159,0,0.133405340272288,0.0128147120843058,0.05140472317543,0,0.669052722325191,0.744115849856472
TCGA-CC-A7IJ-01,0.048366241567573,0.139653045707884,0.0457389475490299,0.165968179217441,0.132058118703325,0.261199728614751,0.0564448588012404,0.150570879838756,0,0.502749682623477,0.872493647322314
TCGA-FV-A23B-11,0.835740377576181,0,0.0249764732401905,0.105643145016013,0.0098286912171382,0.0222436660218787,0.00156764692859857,0,0,0.928908681909961,0.388976179019453
TCGA-5C-A9VH-01,0.652581990729816,0,0.0256389268398323,0.215230561829039,0.0153392024732259,0.0465661632757255,0.0244775621720912,0.0201655926802696,0,0.866206140281968,0.520656536541175
TCGA-DD-AADR-01,0.639874149422874,0.172817824057726,0.0159299151419421,0.103909335245997,0.0227974972204162,0.0181948015862451,0.0182085683588083,0.00826790896599116,0,0.908060073557393,0.431484525924383
TCGA-2Y-A9HB-01,0.805772024456082,0.00538243376067373,0.00957639132537464,0.13890707979305,0.0128113931795157,0.00715156095012653,0.0144753095276778,0.00592380700749957,0,0.864521962005967,0.508835480691217
TCGA-DD-AAE3-01,0.775372401547004,0.090882749095038,0.0379382849073595,0.0524434441543322,0.0186544267048185,0.0186442905693607,0,0.00606440302208665,0,0.893899901540134,0.459266752455808
TCGA-DD-A4NA-01,0.575497156272554,0,0.0480706247876489,0.0646777792046299,0.0338669430683408,0.187443389144379,0.0114997197097306,0.0789443878127167,0,0.489043082754392,0.880286762623636
TCGA-DD-AACI-01,0.698396582508416,0.0576694402180902,0.0225438591808123,0.0710558941854608,0.0110564025902324,0.0694118613441166,0.0274321450737294,0.0424338148991425,0,0.818954540936552,0.58191963179739
TCGA-DD-AADU-01,0.577466669274615,0.136974976150419,0.03234252054729,0.188860152579911,0.00930618300481433,0,0.0322443533216931,0.022805145121258,0,0.739782730490098,0.677635696215138
TCGA-EP-A3RK-01,0.581283728159659,0.108170162908973,0.0586820644412032,0.128028604089879,0.0194715946165871,0.0229023112720954,0.0233828581953286,0.0580786763162752,0,0.842301251294473,0.551356050012314
TCGA-CC-A5UD-01,0.396299181602587,0.0378991905852495,0.11052268864105,0.102776362009663,0.0184054662059586,0.185745042101295,0.0480543163826515,0.100297752471545,0,0.492026299556742,0.872370358285998
TCGA-CC-A9FV-01,0.0115554765820524,0.257037718180417,0,0.473529867809677,0.0582823705083415,0.126284600004016,0.0208650966037002,0.0524448703117961,0,0.527216196236235,1.0350494746607
TCGA-DD-AAEE-01,0.523944389174796,0.0917305196160356,0,0.319959862752348,0.0194917268751229,0.00124350796549475,0.0160749099519156,0.0275550836642872,0,0.821345066063907,0.57239529212794
TCGA-ZS-A9CF-02,0.823546578374115,0.0241435578943654,0.0357273477626202,0,0.0134397042186314,0.0835579387196863,0.00954585918187155,0.01003901384871,0,0.81479443946583,0.582448748890211
TCGA-ZS-A9CF-01,0.750922640479803,0.0185589765344726,0.025017755928988,0.0423561506334883,0.0157218800394385,0.110129598047481,0.00913987715257184,0.0281531211837568,0,0.789863890118548,0.616647700543514
TCGA-RC-A6M4-01,0.647481294757807,0.0228616444598469,0,0.227006886355962,0.00884159169619866,0.0636071023448754,0.013967906942781,0.0162335734425297,0,0.775456306175063,0.633743885542061
TCGA-G3-A7M8-01,0.799306094521596,0,0.00984806443978548,0.102556899257736,0.00705708174641051,0.0545850092982447,0,0.0266468507362273,0,0.841969300687819,0.544632162067922
TCGA-DD-AAVP-01,0.661985729206531,0.00321027500804446,0.0306514657413427,0.148731054643596,0.0211312579898143,0.0592455182430752,0.0318195731217206,0.0432251260458748,0,0.684345302972587,0.730762863922172
TCGA-UB-A7ME-01,0.635158632260734,0.00541140305345822,0.00995061232568537,0.160999164121686,0.00631041786261105,0.0893960379523016,0.0258077455967806,0.0669659868267433,0,0.759760843110327,0.655324487237956
TCGA-DD-A4NR-01,0.576524873054908,0.188553536362808,0.083016308555664,0.0595200571823017,0.00835058262737168,0.032311358252163,0.0216384481000891,0.0300848358646946,0,0.834132397885365,0.55541002467005
TCGA-G3-A25U-01,0.684828498082139,0,0,0.123000645046379,0.00744886414761061,0.142380196816713,0.0148476140919911,0.0274941818151671,0,0.537662974184491,0.861113892336819
TCGA-DD-AAE6-01,0.324181611999423,0.202178909014697,0,0.330050352951859,0.0339339837261991,0,0.0494494547767363,0.0602056875310862,0,0.62114404913781,0.833670406372288
TCGA-G3-AAV2-01,0.718215716644056,0.0259187404230415,0.0198734349569543,0.129153380627886,0.0146184282089035,0.0502621563913408,0.0185331471674779,0.0234249955803401,0,0.758360861626793,0.653825230462166
TCGA-BC-A10Z-11,0.827013113389214,0.00781518868882211,0.045268562352243,0.0493278959879784,0.000225825622601849,0.0703494139591409,0,0,0,0.870004254842397,0.499805111379584
TCGA-ZP-A9CY-01,0.835280538122436,0,0.0117161284008826,0.13162994554352,0.00515800996644289,0.0118483514058635,0.00290364964148646,0.0014633769193692,0,0.890486918912508,0.462868622139536
TCGA-DD-A39Y-01,0.45754492323859,0.156049496993591,0.055559040817002,0.212295049779637,0.0206953881518012,0.00428188590597997,0.0503194918426307,0.0432547232707689,0,0.886575564527234,0.474192566419471
TCGA-DD-A115-01,0.798484435199953,0,0.0223646647693098,0.0953763086890338,0.00929459496067542,0.0520411442303313,0.00748047346190003,0.0149583786887969,0,0.829887447763245,0.561981069711894
TCGA-FV-A3I0-11,0.879367024799783,0,0.0384561314889817,0.0550642070455359,0.000133323212320386,0.0269793134533787,0,0,0,0.887329537958984,0.466846696516293
