Mixture,Immune cluster,Hepatocytes,Fibroblasts,Endothelial Cells,Bi-Potent Cells,P-value,Correlation,RMSE
TCGA-FV-A495-01,0.0927094818905058,0.722062932795988,0.0712028883649962,0.113611159756592,0.000413537191917195,0,0.934386161141527,0.706663287199683
TCGA-G3-A3CH-11,0.0481577662935529,0.854675673246159,0.013160726765921,0.0838575100873808,0.000148323606986361,0,0.841027546968349,0.709516012065558
TCGA-CC-A3MB-01,0.240361420890387,0.464779335635206,0.0978025082853529,0.196933527740601,0.00012320744845337,0,0.847103501950535,0.828111500839257
TCGA-BC-A3KF-01,0.107524805647749,0.691628788630214,0.0470428024960322,0.153733702694884,6.99005311214225e-05,0,0.888611025276285,0.737730631771379
TCGA-DD-A4NV-01,0.0704431827118003,0.654255970266462,0.0771099776714088,0.198084680765499,0.000106188584829537,0,0.893132722493929,0.748995135527363
TCGA-CC-A1HT-01,0.452147516001906,0.0350189472616875,0.152631659059885,0.355294703098866,0.0049071745776565,0,0.584952449834624,0.978668204779563
TCGA-BD-A3EP-01,0.219467213182894,0.430477202685525,0.108180266698807,0.240702674354232,0.00117264307854142,0,0.677601040728604,0.878486593041587
TCGA-FV-A3R2-11,0.0655992646370108,0.823028698005031,0.018725990219834,0.0925184494647626,0.00012759767336134,0,0.849254919180357,0.714266597488714
TCGA-CC-A3MA-01,0.303120188591842,0.0715211385037466,0.237432853325135,0.331330724317148,0.0565950952621275,0,0.753622468393184,0.904230127840391
TCGA-ZP-A9CV-01,0.171852499114376,0.600811018928667,0.0495429822253414,0.176859646461513,0.000933853270103137,0,0.881884335775078,0.771436001948121
TCGA-DD-AACY-01,0.0932571423910616,0.734414825253484,0.0440903426705902,0.128081105810787,0.00015658387407741,0,0.862279293496146,0.735065845060784
TCGA-XR-A8TG-01,0.144308153934414,0.601879036476007,0.0589460405599632,0.194220599748105,0.000646169281511367,0,0.798371068705285,0.80001234308077
TCGA-CC-A9FW-01,0.24643769134336,0.552393985696487,0.0671367889837697,0.131443532958603,0.0025880010177796,0,0.828630083688629,0.804705089719315
TCGA-BC-A10Y-01,0.121491344871009,0.709974308035748,0.0278557232176176,0.140569179624153,0.000109444251472587,0,0.865702144540474,0.741306083996646
TCGA-KR-A7K7-01,0.220401032386538,0.653631947013546,0.0230491682196674,0.101236036807651,0.00168181557259726,0,0.874221275286799,0.755974476328826
TCGA-ED-A459-01,0.252247087607818,0.47510003562632,0.0807511401210074,0.190719879874819,0.00118185677003641,0,0.782532400571784,0.841364350420208
TCGA-PD-A5DF-01,0.197517818243679,0.511052303441035,0.0989840696492368,0.191520311345417,0.000925497320632457,0,0.777979193861164,0.832263864032902
TCGA-ED-A5KG-01,0.503656549653956,0.113676641462089,0.122149828396836,0.258954031917704,0.00156294856941488,0,0.788200091344595,0.951669346150656
TCGA-DD-AAVX-01,0.183793941522749,0.528799719471879,0.0523199243400494,0.230180020106979,0.00490639455834377,0,0.537599567782214,0.894019693132135
TCGA-ED-A7PY-01,0.110790025923893,0.771579733579185,0.029541360396283,0.0880267661476353,6.21139530037084e-05,0,0.860810462513237,0.723966062066946
TCGA-RC-A7SF-01,0.0524381046383111,0.814865976527276,0.0275479432560021,0.104997501102181,0.000150474476229225,0,0.875937931441602,0.703029390428546
TCGA-DD-AAW0-01,0.119217562155865,0.617050455541622,0.0756376700451694,0.187794888066571,0.000299424190772913,0,0.908832322542565,0.756166563824287
TCGA-ED-A66X-01,0.212975308467351,0.381145324052817,0.175742488962026,0.228603797559088,0.00153308095871753,0,0.850507362684215,0.855612563345516
TCGA-DD-AAC8-01,0.348675502556172,0.300755225858869,0.0884508114877339,0.256412744490572,0.00570571560665264,0,0.599769132063592,0.922046256682716
TCGA-FV-A3I1-01,0.175194608361904,0.573282153334369,0.0853031153888658,0.159157585342648,0.00706253757221274,0,0.893683049543829,0.776595504405777
TCGA-RC-A7S9-01,0.151602620860596,0.729784246699639,0.0185941774155785,0.0999372318456039,8.17231785825747e-05,0,0.853811484792704,0.740069743520029
TCGA-ZP-A9D2-01,0.338844882403843,0.138598763216362,0.208474954979415,0.305180842370198,0.00890055703018285,0,0.757008341210563,0.944082291274877
TCGA-G3-A5SL-01,0.09870961343397,0.71353833451821,0.0444964156002316,0.143031211303775,0.0002244251438135,0,0.884371068349529,0.732114179211377
TCGA-DD-A3A2-11,0.00168106080012956,0.920129673726935,0.0140222553898939,0.0641218438067089,4.51662763322973e-05,0,0.822043399773114,0.70269090851456
TCGA-CC-A3M9-01,0.541762639524401,0,0.185785662536811,0.269281783689607,0.00316991424918132,0,0.488608534386199,0.98625645101179
TCGA-BC-A216-01,0.211672888645148,0.568444267508629,0.052773922838745,0.166836621276261,0.000272299731216911,0,0.910364841488252,0.773179066578078
TCGA-ED-A7XP-01,0.178152708096027,0.547857730692661,0.108241475972875,0.165266877924174,0.000481207314263422,0,0.817566077651602,0.809799586106696
TCGA-BC-A10T-11,0.0268287370155249,0.838283473419554,0.00667824434215462,0.128129225391487,8.03198312791271e-05,0,0.847029126044065,0.711119684103689
TCGA-DD-A11A-01,0.125591455924322,0.668380425824964,0.0322370167446689,0.173308653420294,0.000482448085750249,0,0.861010665331834,0.756716483959664
TCGA-DD-A73B-01,0.107057608601816,0.752670292896184,0.0268527190409186,0.113271118983752,0.000148260477329432,0,0.91625005597411,0.703818178593533
TCGA-DD-AACA-02,0.146613131086982,0.639668173342499,0.0377123773522259,0.175367436921398,0.000638881296895073,0,0.868153071280851,0.763318648631045
TCGA-DD-AACA-01,0.253029882953472,0.433743475834613,0.0752179785609517,0.236904776128244,0.00110388652271904,0,0.851614105045059,0.837464743727842
TCGA-DD-A1EH-01,0.217687939440832,0.371760569404722,0.117141646614882,0.293038227575252,0.000371616964312713,0,0.81489416918357,0.866041477561708
TCGA-DD-AA3A-01,0.419994582696967,0.0192014393324585,0.218850739810405,0.303316184323545,0.0386370538366246,0,0.594305561131849,0.949257216750846
TCGA-DD-A3A6-11,0,0.982352091873795,0.00630628127925987,0.0112904288005648,5.11980463805899e-05,0,0.915342707716892,0.624814776131313
TCGA-RG-A7D4-01,0.384299463649651,0.44670916082809,0.0366092696085597,0.131817122126142,0.000564983787556072,0,0.895971594890034,0.82166498040879
TCGA-FV-A2QR-11,0.127216949421837,0.626098312525034,0.0499810015815518,0.196344949994335,0.000358786477242303,0,0.856915210537989,0.772040018713494
TCGA-DD-A73F-01,0.149304689572636,0.693086157554759,0.0330754921121507,0.124413430572862,0.000120230187593268,0,0.774952042855242,0.783605779842743
TCGA-WX-AA46-01,0.0380360393590402,0.811540843033039,0.0161728128035209,0.134170544369671,7.97604347290263e-05,0,0.844141652127681,0.720365454636055
TCGA-K7-AAU7-01,0.288919447555574,0.211501595207104,0.181120100195679,0.309418767421299,0.0090400896203434,0,0.71925468579892,0.927424207977345
TCGA-DD-A3A2-01,0.0494549567807643,0.844276970398245,0.036491411295603,0.0697506976232507,2.59639021369936e-05,0,0.882319242579943,0.690228712831341
TCGA-EP-A26S-01,0.158945804832189,0.601707033457722,0.0481361242567801,0.191031275725371,0.000179761727936921,0,0.844280746882978,0.784309594980812
TCGA-DD-A1EG-11,0.0197667724619254,0.86697908826532,0.0137355298764157,0.0993064477923169,0.000212161604022285,0,0.859473508731739,0.695963666616508
TCGA-FV-A2QQ-01,0.133512499010769,0.68678408189075,0.05248434967328,0.119238532000187,0.00798053742501336,0,0.911702684482677,0.729038124517298
TCGA-3K-AAZ8-01,0.139619180235661,0.719336701827704,0.0307929808018503,0.110127415655133,0.000123721479651752,0,0.895323641321689,0.725125426374267
TCGA-DD-A3A5-01,0.0772358983760367,0.756161744153135,0.0489779173493886,0.117553895436338,7.05446851010167e-05,0,0.776845279709164,0.766958486382232
TCGA-DD-AADP-01,0.0992885500573359,0.696280864962727,0.0454063592116105,0.158553098445016,0.000471127323310391,0,0.783824541043273,0.77938162539544
TCGA-CC-5259-01,0.0821101801745827,0.820711047697326,0.0130823464912145,0.0838544021044965,0.000242023532380732,0,0.901425816539734,0.687559628224621
TCGA-DD-AAD2-01,0.122920509028245,0.596260068522324,0.0925849104608514,0.18326262917257,0.00497188281600898,0,0.861847333041384,0.779876652527693
TCGA-ES-A2HT-01,0.0290662323299539,0.85860113966301,0.0245783172436361,0.0853760974360199,0.00237821332737969,0,0.865662936100859,0.694951273232312
TCGA-CC-A8HU-01,0.311671258851653,0.455939889458363,0.102038721386398,0.129192331434156,0.00115779886942954,0,0.819562893053496,0.837672579063274
TCGA-ES-A2HS-01,0,0.883895109952657,0.030669167709415,0.0853019515958187,0.000133770742109522,0,0.677227942267091,0.788278480903632
TCGA-2Y-A9H0-01,0.192440326487245,0.686351108280567,0.0352387000731099,0.085004029692843,0.000965835466234164,0,0.840158758995605,0.759122028081738
TCGA-2V-A95S-01,0.417406085207429,0.407988167303925,0.0407852449228528,0.132643102107824,0.00117740045796843,0,0.836553175908515,0.84907178380884
TCGA-2Y-A9GU-01,0.0778334048517445,0.789276603364721,0.0361456022015903,0.0966742806415324,7.01089404118139e-05,0,0.862194082242036,0.717917344408626
TCGA-RC-A7SB-01,0.121300201924385,0.72669196581873,0.0429146592252656,0.108912085260431,0.000181087771189363,0,0.909172043642145,0.716375012932299
TCGA-FV-A4ZP-01,0.267253798390828,0.517812517384342,0.0887881848808436,0.123531557166189,0.00261394217779819,0,0.852720036357858,0.808603005451713
TCGA-DD-AAD3-01,0.121504089807867,0.585976041454525,0.0729252998068696,0.219479486435404,0.000115082495334028,0,0.805767838365284,0.802259279981129
TCGA-DD-A39X-11,0.014623948852403,0.917303467641104,0.0129860199425881,0.0550491647650888,3.73987988156089e-05,0,0.863358465824878,0.678886936689802
TCGA-DD-AAW2-01,0.0999673617717696,0.689544456022819,0.0409106375024152,0.16951222457755,6.53201254469951e-05,0,0.875711652703893,0.743872638768631
TCGA-DD-A39V-01,0.205429415077408,0.606939618279193,0.047490038616865,0.1251882429849,0.0149526850416345,0,0.609113835986004,0.859953818195159
TCGA-DD-AADD-01,0.277499868463205,0.536427272629709,0.0386582503209049,0.146910470184701,0.000504138401480484,0,0.876592570380193,0.795207791526445
TCGA-DD-AADW-01,0.226172044596147,0.318569154518571,0.149560056576914,0.304617364053731,0.00108138025463677,0,0.837646523151337,0.879373297360028
TCGA-DD-AACS-01,0.238567085511813,0.533003102208658,0.0450182576657815,0.183330406273989,8.11483397589268e-05,0,0.802331472422838,0.818768339657836
TCGA-2Y-A9H4-01,0.0745917409787119,0.797468609599457,0.0262946907530858,0.101615731639779,2.92270289662404e-05,0,0.818444341606368,0.736903899299215
TCGA-DD-AADV-01,0.137930719603616,0.585244662864075,0.0875326330708941,0.18887212711009,0.000419857351324823,0,0.86183957917871,0.783741121731624
TCGA-G3-A7M7-01,0.101424369782448,0.725166006571398,0.0485961056158869,0.114777827835592,0.0100356901946751,0,0.860897534113065,0.737905918441798
TCGA-DD-A4NK-01,0.0504514732475193,0.793523973468378,0.0471954857652188,0.108756268250729,7.27992681550041e-05,0,0.844385207002991,0.725475932553428
TCGA-ED-A97K-01,0.338449521969508,0.187866435667717,0.138164667909785,0.332026995985594,0.00349237846739556,0,0.70288484657339,0.936830616147609
TCGA-T1-A6J8-01,0.0806971057904443,0.761527841010748,0.0612097685304812,0.0950572354973814,0.00150804917094463,0,0.923234999262266,0.697269191973107
TCGA-DD-AACV-01,0.116146540799396,0.764100898073496,0.0173903916940846,0.10226991802939,9.22514036331605e-05,0,0.859183903904209,0.727057271749444
TCGA-DD-A4NF-01,0.167022597925888,0.604740001346629,0.0255877173594231,0.200231185464055,0.00241849790400521,0,0.853708932173504,0.779961959728473
TCGA-DD-A3A8-01,0.0578353399709175,0.823626865602653,0.0131258755242837,0.105287491840241,0.000124427061904736,0,0.887589078144539,0.694068270212772
TCGA-G3-A25S-01,0.286327343135813,0.596345058917417,0.0279937559849247,0.0881490237974265,0.00118481816441847,0,0.6203319981595,0.858941155007315
TCGA-DD-A1EL-01,0.373544210906824,0.295165602325395,0.106650515949545,0.200867495882784,0.0237721749354515,0,0.609328885803661,0.917135767700071
TCGA-DD-AACH-01,0.3057970266846,0.322075743945645,0.118806883579613,0.250701842187946,0.0026185036021965,0,0.770885820669872,0.889360824232438
TCGA-DD-A119-11,0.0666096175204818,0.758637891159734,0.0257647111927753,0.148846578479784,0.000141201647224313,0,0.73560480578809,0.784459577450252
TCGA-WQ-A9G7-01,0.356355281034446,0.314824195200331,0.161675003695613,0.16668646156362,0.000459058505990158,0,0.838276554940987,0.880290969006343
TCGA-DD-A4NO-01,0.106076106405864,0.676232645629778,0.0459920751439923,0.169185414470411,0.00251375834995495,0,0.890938113795061,0.742014076592128
TCGA-G3-A7M9-01,0.44411984367508,0.183993950905594,0.183651212781359,0.185016764967005,0.00321822767096194,0,0.596586300364983,0.948169747590117
TCGA-CC-5261-01,0.30037264614291,0.173644130750599,0.177990548740244,0.347704957932023,0.00028771643422432,0,0.738456196788131,0.93743340814052
TCGA-ZS-A9CG-01,0.105643881196998,0.665396116165822,0.0294475102653695,0.198877000874382,0.000635491497428504,0,0.859443218772394,0.758380683545857
TCGA-CC-A123-01,0.118790994703694,0.755461838092563,0.0345933452229677,0.0906679738494291,0.000485848131346769,0,0.796486217887936,0.758271366199546
TCGA-5R-AA1D-01,0.136537590336201,0.295752348031802,0.136811746346768,0.420383867035604,0.0105144482496247,0,0.538179774443704,0.931785929227519
TCGA-BC-A69H-01,0.22936956039615,0.548785839235496,0.0742838476715072,0.14621818071353,0.00134257198331682,0,0.709639539796427,0.841831421425533
TCGA-DD-AAVZ-01,0.1126534335419,0.704911675305082,0.0499199108393849,0.132437391680211,7.75886334216741e-05,0,0.89834535903431,0.728932409046957
TCGA-DD-AAD0-01,0.176571337304966,0.692950042797893,0.0269624134266351,0.102739187044595,0.000777019425910921,0,0.848295486638614,0.753817703195185
TCGA-EP-A2KA-01,0.276471631365135,0.523001533434718,0.0473627796124541,0.15212649668567,0.00103755890202297,0,0.780272575901409,0.827974422875391
TCGA-2Y-A9HA-01,0.166509767967407,0.583290578811628,0.0458542030154763,0.198139251445839,0.00620619875964939,0,0.89085846905199,0.774156249985582
TCGA-DD-AACD-01,0.147006565626039,0.66575865030129,0.05440781116158,0.132471864151459,0.000355108759631555,0,0.499414319120322,0.888968992402529
TCGA-DD-AAE7-01,0.0820792296178425,0.727872627671035,0.0502060025517893,0.139482178304433,0.00035996185489987,0,0.830548754802718,0.751104354101139
TCGA-EP-A3RK-11,0.0037361812956175,0.91689839096258,0.0185434647875801,0.0607590310793722,6.29318748505619e-05,0,0.818496540933805,0.705569440328006
TCGA-BC-A8YO-01,0.347793231479707,0.359150212379198,0.0410458894349177,0.251664758279565,0.000345908426612062,0,0.806183908390041,0.87155224586169
TCGA-DD-AAE2-01,0.0952681670685021,0.685492227053227,0.0387350650598447,0.180364317199381,0.000140223619044958,0,0.868516023959553,0.748211618272442
TCGA-DD-AAEG-01,0.112205670602625,0.661375110447083,0.0838727251178172,0.142099987431025,0.000446506401450302,0,0.848259031462962,0.763980586238565
TCGA-XR-A8TF-01,0.164743906567274,0.666759362353446,0.0259803562261893,0.142432344818516,8.4030034575057e-05,0,0.721480203909266,0.810479890190443
TCGA-CC-A5UC-01,0.181475316937041,0.498020224874861,0.108002252684979,0.212012366404312,0.000489839098807096,0,0.900000085946922,0.80240735544047
TCGA-KR-A7K0-01,0.134511773413633,0.612094070291229,0.0774800332339675,0.164095783321357,0.0118183397398137,0,0.895288435171015,0.761664178505921
TCGA-CC-5263-01,0.398991171518576,0.182658560258853,0.110759626490259,0.305013560032659,0.00257708169965217,0,0.729799722742189,0.935820079544184
TCGA-K7-A5RG-01,0.326507255030954,0.446849858263264,0.0464604507860747,0.179795700820438,0.00038673509926932,0,0.902985061692957,0.820109548515943
TCGA-G3-AAV4-01,0.234797051108099,0.505876595133313,0.0465131498085985,0.212727296849443,8.59071005459866e-05,0,0.814271027058101,0.823650459438399
TCGA-ED-A627-01,0.173615529094002,0.440634784062628,0.116907255732628,0.268547469815894,0.000294961294848449,0,0.86606455870095,0.831827670307029
TCGA-2Y-A9GZ-01,0.0295704408199278,0.811751873114522,0.0205718737968968,0.137978692349011,0.000127119919642939,0,0.865585836641039,0.709445104774742
TCGA-DD-AACX-01,0.266183990969525,0.479247986942441,0.0464412158396428,0.204859834189839,0.00326697205855312,0,0.86657828573962,0.817908023822914
TCGA-DD-AAVR-01,0.116685987297262,0.651507436847224,0.0591225839586567,0.171592417558654,0.00109157433820351,0,0.911510793613294,0.742552254737072
TCGA-G3-A25T-01,0.398578553968834,0.131766041295471,0.203121143126992,0.260703575612576,0.00583068599612638,0,0.543638951464652,0.963149722907127
TCGA-MR-A8JO-01,0.217861853170193,0.107002424579697,0.257418741701291,0.407751058150392,0.00996592239842721,0,0.500543008269497,0.968630283952264
TCGA-DD-AAEK-01,0.152468537837128,0.594796518338954,0.0581623846851107,0.194438145321216,0.000134413817591166,0,0.876083997645695,0.775623184754201
TCGA-DD-A1EE-01,0.301522780141172,0.366917876493857,0.0699328302358899,0.256664777330654,0.00496173579842695,0,0.561277187547192,0.915417102689487
TCGA-DD-AACL-01,0.438057897774773,0.310804662764344,0.0786623243807234,0.171570657527546,0.00090445755261412,0,0.762674416894659,0.893957671180586
TCGA-KR-A7K8-01,0.194546497088276,0.546672923805535,0.0866185050626733,0.171971525151258,0.000190548892257647,0,0.921527281663057,0.777761116915478
TCGA-FV-A3I0-01,0.337925534978239,0,0.23084893728252,0.297792561757264,0.133432965981976,0,0.826174449824813,0.775769229066735
TCGA-DD-A11B-11,0.00790688851673707,0.852065823621929,0.0190517328058677,0.120822290552313,0.000153264503152743,0,0.856396272139866,0.702131741089013
TCGA-DD-AADA-01,0.107426568935565,0.688238847925697,0.0481824687056519,0.156068732655795,8.33817772915406e-05,0,0.835936760414367,0.76060862391472
TCGA-G3-A5SM-01,0.107698985455726,0.641777350040384,0.0744089170161148,0.175078840594803,0.00103590689297284,0,0.880729376584306,0.757950676002378
TCGA-G3-A3CH-01,0.103840923792744,0.636214375788352,0.0580719260506224,0.201773009736818,9.97646314638685e-05,0,0.847472769069063,0.772332337150088
TCGA-G3-AAUZ-01,0.0412279352412966,0.85692761240721,0.0211974116318486,0.0805985243349111,4.85163847340966e-05,0,0.864203604835368,0.696268685555446
TCGA-DD-AAVV-01,0.209120169154231,0.463322282601288,0.104323586246552,0.222745324955377,0.000488637042552008,0,0.802470638568708,0.839964115406547
TCGA-DD-A4NP-01,0.107411088660856,0.690483655311721,0.0372365824018842,0.164793149724131,7.55239014085474e-05,0,0.594823074209362,0.852644445221069
TCGA-ED-A66Y-01,0.246884433039618,0.388111434797405,0.133632541559788,0.230998808968077,0.000372781635112282,0,0.783565427774388,0.867152661512828
TCGA-LG-A6GG-01,0.151964680450643,0.661407324364309,0.0326186322164816,0.152890746805137,0.00111861616342868,0,0.717238538801319,0.813275300041963
TCGA-DD-AAE4-01,0.059299277887321,0.839196198276174,0.0135184143748266,0.0879580807837209,2.80286779577611e-05,0,0.911725927816287,0.675693561909602
TCGA-HP-A5MZ-01,0.122713817328981,0.594665337109218,0.0731776256202386,0.198786207353904,0.0106570125876577,0,0.904064305656873,0.765030465560126
TCGA-G3-A5SI-01,0.107198961873475,0.772108390159809,0.0248096907322039,0.09575853925148,0.000124417983032147,0,0.90573324350805,0.702018415703692
TCGA-DD-A1EI-01,0.13912210205662,0.484664032695603,0.138113707570395,0.237860719702695,0.00023943797468631,0,0.881551743265353,0.812420871942868
TCGA-G3-AAV1-01,0.158638391420182,0.599736147588382,0.0633478363387986,0.174195011315207,0.0040826133374313,0,0.906332579278184,0.763067970224006
TCGA-DD-A113-01,0.181752719516324,0.563744479056293,0.0643919548912995,0.189305593677264,0.000805252858819214,0,0.792011192876225,0.812991807784425
TCGA-BC-A10Y-11,0.0741964174430067,0.725555994677889,0.0321564293161325,0.167935884442845,0.000155274120127694,0,0.8339538180831,0.750357234828888
TCGA-DD-AACB-01,0.339277938054719,0.440260868115148,0.0705970034264143,0.146172637143149,0.003691553260569,0,0.851055187842148,0.834937479652517
TCGA-CC-A9FS-01,0.116341435066195,0.719532615052729,0.0317034557349416,0.132274764923388,0.000147729222745874,0,0.93537981787121,0.707104336718474
TCGA-BC-A5W4-01,0.122510752436306,0.812019737022279,0.0145586179884632,0.0507226583512937,0.000188234201658908,0,0.864625417005571,0.709450177580346
TCGA-2Y-A9H5-01,0.146500634832943,0.53439572689965,0.0977767987556333,0.221027294396752,0.00029954511502131,0,0.80609507736629,0.817477695849354
TCGA-BW-A5NO-01,0.130022787405104,0.686725129336665,0.0373850802709361,0.145564917977355,0.000302085009939775,0,0.926953191648943,0.72314943398219
TCGA-CC-A7IE-01,0.277951585393199,0.454014878250575,0.0620025858928397,0.204116263028388,0.00191468743499892,0,0.814152672740372,0.839755406652347
TCGA-KR-A7K2-01,0.0998024626768572,0.724447991842195,0.0518632279778412,0.123796648963003,8.96685401036952e-05,0,0.912162248089812,0.715915096428549
TCGA-DD-AADM-01,0.0879987967722243,0.777968049346124,0.0372682916612651,0.0873969323119386,0.00936792990844824,0,0.870513948469336,0.716794621206301
TCGA-CC-5258-01,0.270175855321674,0.386773057632681,0.0935261419063637,0.249249066146861,0.000275878992420541,0,0.768729791760848,0.870595110859909
TCGA-BW-A5NQ-01,0.395615865208002,0.370880538687529,0.0651188732233024,0.166651113326956,0.00173360955421104,0,0.870686033891443,0.854778426442526
TCGA-2Y-A9GX-01,0.18254126656476,0.445612187522009,0.114067953329599,0.250725195960157,0.00705339662347489,0,0.86016757757123,0.830962850290563
TCGA-LG-A9QC-01,0.243568807397378,0.413481939794513,0.0971284305252949,0.245724017104498,9.68051783167442e-05,0,0.705437640770293,0.876563371941935
TCGA-FV-A3I1-11,0.0174748266246615,0.878751653507697,0.013185318655122,0.0905118248692486,7.6376343271333e-05,0,0.831438542516619,0.708198019256986
TCGA-DD-A11C-01,0.0818951601692777,0.621158521965979,0.052380989608394,0.244237451303704,0.000327876952645135,0,0.83025962329795,0.783380698058999
TCGA-BC-A10Q-01,0.410428113603037,0,0.205978114052211,0.337757563917188,0.0458362084275642,0,0.544170270312495,0.947443077985087
TCGA-4R-AA8I-01,0.160741499020505,0.597109064526412,0.0575622418863814,0.184136728889056,0.000450465677645614,0,0.864592416539309,0.778774322451868
TCGA-FV-A4ZQ-01,0.452005056807578,0.34539482712873,0.0317047799114881,0.170751495110104,0.000143841042099475,0,0.817496626172995,0.873598006026606
TCGA-BC-4073-01,0.379872036393222,0.251115409987527,0.0735118834736479,0.294014145924081,0.00148652422152236,0,0.788583772240456,0.90864943869073
TCGA-DD-AADQ-01,0.239326640407982,0.595006304357666,0.0320171562076258,0.13355938514226,9.0513884466094e-05,0,0.510745637515355,0.892915542689819
TCGA-DD-A1EA-01,0.274053655344291,0.454273009316304,0.0350297904828384,0.235714402791429,0.000929142065136499,0,0.71958101105619,0.862746773845634
TCGA-WQ-AB4B-01,0.0903783871611515,0.746922520463091,0.0503527855866242,0.11221341644503,0.000132890344103044,0,0.823152391213081,0.748806416386432
TCGA-RC-A7SH-01,0.266487115000301,0.468801951287961,0.103587545003134,0.161000642154519,0.000122746554084496,0,0.867199901813028,0.821455793465758
TCGA-BC-A10T-01,0.0933682068583907,0.566310009626776,0.129107479466726,0.21103167124494,0.000182632803168013,0,0.82491347630938,0.802038947248403
TCGA-DD-A11A-11,0.131804499655819,0.638105233298496,0.0322227986122416,0.197746365465975,0.000121102967468595,0,0.725618358425962,0.815723291873601
TCGA-DD-A39W-01,0.258039898552332,0.499494152788221,0.0469289148800767,0.1953581993875,0.000178834391870229,0,0.734402642383496,0.847224370140713
TCGA-RC-A6M5-01,0.111557393315599,0.430707732313564,0.141491052643242,0.315503355053985,0.000740466673609636,0,0.768898077373831,0.857921623444159
TCGA-UB-A7MD-01,0.211930611593142,0.438640698727617,0.0948711929496576,0.24135951834466,0.0131979783849236,0,0.719672345088024,0.865553892227486
TCGA-2Y-A9H6-01,0.107986338577818,0.650782749983109,0.0754174515215587,0.16539885371862,0.000414606198894383,0,0.880979151436275,0.754785091287479
TCGA-5C-A9VG-01,0.243004965755192,0.379123663086041,0.186181769237687,0.19156341220201,0.000126189719069879,0,0.800338021399959,0.866409828956714
TCGA-CC-5264-01,0.31110959835157,0.401293902133012,0.0791987345576454,0.207035890773095,0.00136187418467692,0,0.804905025493269,0.858465087575831
TCGA-DD-A4NS-01,0.133124898861562,0.414423693288669,0.160705512340628,0.289027919212449,0.00271797629669173,0,0.884125527318265,0.836804457369744
TCGA-QA-A7B7-01,0.212517854683032,0.631433781916381,0.041845666747994,0.114131462731243,7.12339213512011e-05,0,0.859692834437346,0.76894194365399
TCGA-DD-AAEB-01,0.00746870961651872,0.894236942719907,0.0106561272144822,0.0876153308062603,2.28896428324517e-05,0,0.941835564424042,0.638389800637693
TCGA-DD-A3A6-01,0.181355344504826,0,0.443425282783439,0.375219372711735,0,0,0.230881401966626,0.991106321592058
TCGA-UB-A7MF-01,0.298511860844419,0.531738272863649,0.039261028461747,0.130099119978475,0.000389717851709761,0,0.802440652662806,0.818903202335822
TCGA-DD-AACW-01,0.163221120904761,0.672021358473717,0.0237695062092549,0.140922278582911,6.57358293568388e-05,0,0.889813283905061,0.74378226245336
TCGA-G3-A7M6-01,0.301133222106921,0.188010103785526,0.198636077071485,0.301403090358319,0.0108175066777492,0,0.799457497828065,0.924906696760847
TCGA-GJ-A6C0-01,0.206603104657437,0.591352377684601,0.0462625637546518,0.153385754486674,0.00239619941663727,0,0.886370642622852,0.772981773624009
TCGA-DD-A3A3-01,0.08866814044076,0.795038517121323,0.0243141594753485,0.0761380999113128,0.015841083051256,0,0.810393028249975,0.740175771477378
TCGA-DD-A116-11,0.0193214517015016,0.899218561171719,0.0144615816261941,0.066891870789462,0.000106534711123048,0,0.829646526786362,0.703693533441089
TCGA-WX-AA44-01,0.250185702049872,0.44929463379223,0.0814767627754142,0.215939273038095,0.00310362834438867,0,0.897478708376026,0.820690343343045
TCGA-MR-A520-01,0.0430653336483623,0.833382811478912,0.0214416401892541,0.102044288077309,6.59266061630248e-05,0,0.808877503198986,0.732156311005524
TCGA-EP-A12J-11,0.0593623928072513,0.784648580379462,0.0262947201346403,0.129526266320535,0.000168040358111886,0,0.875673797587553,0.712830787862429
TCGA-DD-AADK-01,0.0779905958566269,0.709752105326502,0.0804794210758601,0.130434668298336,0.0013432094426743,0,0.902326406690621,0.725579697836397
TCGA-DD-A73D-01,0.130606601043881,0.778728572953845,0.0110471407530449,0.0794378609623665,0.000179824286863216,0,0.889265065903212,0.70776536903823
TCGA-BW-A5NP-01,0.309074370862042,0.417034174953355,0.0643936153457491,0.208623574830387,0.000874264008466543,0,0.837418124726281,0.846229804036379
TCGA-DD-A4NN-01,0.211778130575622,0.473246749240538,0.132605792651908,0.182264544522033,0.000104783009898568,0,0.747303069379468,0.850942574785719
TCGA-ZP-A9CZ-01,0.174648859646475,0.62088222100601,0.0589803929532548,0.145156839179146,0.000331687215114978,0,0.816263675502445,0.788121967667598
TCGA-CC-A8HS-01,0.307512574593484,0.341015148053325,0.108528667023468,0.242859199580684,8.44107490382325e-05,0,0.833310369315,0.87252568814543
TCGA-G3-A6UC-01,0.0827520905963609,0.788681414336485,0.0128852103399034,0.115608463717441,7.28210098097271e-05,0,0.866336619378176,0.716057563253203
TCGA-CC-A7IH-01,0.126286862452189,0.67502941820796,0.0388751232614276,0.159742039546131,6.65565322915711e-05,0,0.904470880541777,0.736880236583443
TCGA-BC-A69I-01,0.056705370505179,0.741555094213804,0.0509995294653501,0.150575664921973,0.00016434089369385,0,0.848485840107073,0.739168046740489
TCGA-K7-A6G5-01,0.0688353348776887,0.778243176340428,0.0250788057153898,0.126728930424654,0.00111375264183962,0,0.897835579752129,0.703953369189072
TCGA-BC-A10U-01,0.187199214857141,0.626797187017658,0.0492471120015268,0.135958192147522,0.000798293976152091,0,0.835349420158183,0.779423225107607
TCGA-DD-A4NG-01,0.227473635104906,0.441752912107251,0.0632323787480138,0.26657115777691,0.000969916262919008,0,0.703483255927917,0.869843424432874
TCGA-BD-A2L6-11,0.179786047815585,0.609154798772791,0.0461642897593127,0.164726288758461,0.000168574893850217,0,0.844315141718134,0.781837382503521
TCGA-UB-A7MC-01,0.239191208450638,0.537620859053563,0.0389369369964269,0.184090411615953,0.000160583883418343,0,0.664348623220993,0.857500939951539
TCGA-UB-AA0U-01,0.166666732401203,0.490050446903416,0.0991097059960021,0.243953010928431,0.000220103770947816,0,0.843910166097509,0.820747972058701
TCGA-DD-A4NB-01,0.162773744026559,0.328538003003376,0.204228043662815,0.299258614981109,0.0052015943261413,0,0.607210670933922,0.914964608203384
TCGA-ED-A8O6-01,0.191004659655019,0.528828636444903,0.0991013853669139,0.177851346438116,0.00321397209504789,0,0.866592505073026,0.801016196844447
TCGA-DD-AACQ-01,0.13868036007077,0.730431418620715,0.0263645746862574,0.10439007996039,0.000133566661868209,0,0.903794122956143,0.717432746422529
TCGA-G3-AAV6-01,0.225127018821954,0.538026919932229,0.104200020752402,0.132371953258622,0.000274087234792459,0,0.806389140832322,0.816029632950833
TCGA-DD-A3A4-01,0.0852028130936363,0.762584683779835,0.019657381147889,0.132471150494541,8.39714840987444e-05,0,0.761575345202144,0.772129800384965
TCGA-DD-A1EK-01,0.121029982163891,0.669229982110985,0.0398490039254433,0.166710175768627,0.003180856031054,0,0.881250786317278,0.748260259774422
TCGA-DD-A114-11,0.0999628553840621,0.76031083430403,0.0166468398572572,0.122962395883589,0.000117074571061062,0,0.89168289949419,0.712943666754054
TCGA-FV-A3R2-01,0.202150794387951,0.600050087400336,0.0301993176407841,0.167520379278389,7.94212925396295e-05,0,0.900309119305799,0.765118304125188
TCGA-DD-A39Z-11,0,0.920065374126762,0.0290385917792745,0.0508601710372966,3.58630566668677e-05,0,0.865944416533603,0.676564418211481
TCGA-BC-A10Z-01,0.167727714223417,0.628865731474961,0.0340361012433647,0.168981906450154,0.000388546608103873,0,0.839087388433218,0.777513158880698
TCGA-WJ-A86L-01,0.205613263376416,0.610163843277465,0.0320670009221025,0.151927870637402,0.000228021786615521,0,0.893674196859256,0.763843016829239
TCGA-G3-A25Y-01,0.232345406936889,0.355784324693755,0.132566488869946,0.278492930043511,0.000810849455898459,0,0.720545231233236,0.888757496254299
TCGA-ED-A82E-01,0.326599072163084,0,0.277936052288524,0.378966211524791,0.0164986640236012,0,0.402865025805535,0.981270798033764
TCGA-DD-AACU-01,0.155242268010156,0.584922736021032,0.0812139701277725,0.178469254709874,0.000151771131165767,0,0.903734369600785,0.769562393888326
TCGA-DD-A4NJ-01,0.221536607784627,0.430344008903009,0.0990124281228804,0.248466183386458,0.000640771803024821,0,0.874621284655556,0.83329408474991
TCGA-2Y-A9H1-01,0.0445644525270184,0.893453272624953,0.00996476979553999,0.0489115753932655,0.00310592965922355,0,0.909980448792251,0.658000471257124
TCGA-BC-A10X-11,0.0162875937233971,0.845205357874939,0.0272820092465911,0.111108597888202,0.000116441266871499,0,0.859330345800816,0.702557262087786
TCGA-FV-A496-01,0.0914655018578413,0.788257955298731,0.0262535461203637,0.0939260058278054,9.69908952584158e-05,0,0.890379960285265,0.704192000918908
TCGA-DD-A4ND-01,0.169421466978667,0.391571884342842,0.165049141823872,0.273606402115288,0.000351104739331119,0,0.8378210269438,0.854868821129402
TCGA-DD-A11D-11,0.0645087457135124,0.796096609976141,0.0209784074772582,0.118277351224632,0.000138885608456874,0,0.876389293147092,0.708766280324807
TCGA-DD-A1EF-01,0.28842814154039,0.39455992944059,0.1061190199984,0.210231686509013,0.000661222511607986,0,0.819157411139657,0.857642165664013
TCGA-DD-A118-11,0.0423074510091699,0.865253814002632,0.00811789128914796,0.0842756404838091,4.52032152410341e-05,0,0.851398978641261,0.700855048982731
TCGA-DD-AAEH-01,0.0936389417721685,0.724069762442369,0.045892887732996,0.136364601148234,3.38069042322799e-05,0,0.851265106394945,0.743191610026266
TCGA-2Y-A9H2-01,0.394376995377297,0.179371358377232,0.140578502380208,0.257743214725019,0.0279299291402438,0,0.770786185590206,0.919135118497111
TCGA-2Y-A9GW-01,0.19623730686135,0.525517364895001,0.077170821272747,0.187289807221783,0.0137846997491193,0,0.868766277023348,0.799944979102501
TCGA-ZS-A9CE-01,0.0449686187125668,0.866846320250022,0.0256664964513932,0.0624496821565266,6.88824294916214e-05,0,0.892916571759435,0.677014459317932
TCGA-DD-A4NQ-01,0.252428177473163,0.476451826929965,0.0804024245297497,0.182503614775808,0.00821395629131469,0,0.846899463414894,0.823547714233929
TCGA-5C-AAPD-01,0.329768561766004,0.371534207233228,0.131176052395662,0.167122076490579,0.000399102114527568,0,0.783593450508255,0.872003871141941
TCGA-DD-AAVW-01,0.136254778668351,0.512313352119508,0.11295924357214,0.238150667445402,0.000321958194599893,0,0.858509255628877,0.809296014057481
TCGA-EP-A2KC-01,0.152050683855625,0.620110863743462,0.0529000542823968,0.172030779280127,0.00290761883838927,0,0.812522617680282,0.789680182112249
TCGA-MI-A75E-01,0.0910746507460698,0.697495248911342,0.0501468192557817,0.158959032973248,0.00232424811355861,0,0.876161576575323,0.740994717900129
TCGA-DD-A116-01,0.168675674555086,0.618176525752892,0.0788289318785092,0.13324257178808,0.00107629602543333,0,0.832339477806315,0.783218097536538
TCGA-GJ-A9DB-01,0.153539688434112,0.568813485379903,0.0938380768848344,0.183104751190875,0.000703998110276332,0,0.857493566564338,0.790591587233573
TCGA-CC-A7IL-01,0.144242399908549,0.737870499651352,0.0253605754749303,0.0916284985295986,0.000898026435571042,0,0.841132590810606,0.743229669695673
TCGA-DD-AACC-01,0.193620567316683,0.654529457052959,0.0269663967482532,0.12473850292462,0.000145075957484356,0,0.874564348592997,0.755696806096429
TCGA-FV-A3R3-01,0.156186063768046,0.366071050327999,0.134263656300361,0.340699918094972,0.00277931150862144,0,0.608652981255504,0.907029064437179
TCGA-HP-A5N0-01,0.0360384338133932,0.683764570651545,0.0663538787514578,0.213767219343712,7.58974398921092e-05,0,0.893289731792157,0.738769873479457
TCGA-K7-A5RF-01,0.0488134563391408,0.788449334620952,0.0372616885324968,0.125070084364482,0.000405436142928234,0,0.885036322062247,0.706980633979492
TCGA-ED-A7PZ-01,0.256778697948747,0.486529350806028,0.12912703059186,0.125921958436971,0.00164296221639439,0,0.749650377220972,0.846544563379059
TCGA-YA-A8S7-01,0.429575592841761,0.111925268318664,0.141575320333231,0.288527300014856,0.0283965184914878,0,0.623845946590999,0.947881267726267
TCGA-DD-A39X-01,0.1182627622397,0.638223090754046,0.0764469473916285,0.146388339411988,0.020678860202637,0,0.873177181542787,0.758971487147522
TCGA-DD-AACF-01,0.145831135718059,0.711751430293748,0.0196325874074588,0.122649776202512,0.000135070378222645,0,0.905861094081843,0.723095923748981
TCGA-DD-A1EC-01,0.475091893861702,0.174191162682057,0.0834964896660111,0.267096170536822,0.00012428325340802,0,0.468484439932816,0.962314939795258
TCGA-DD-AAE0-01,0.348155064475956,0.165915031428315,0.230801280618077,0.254310549140731,0.000818074336920751,0,0.541176536045063,0.957025550779696
TCGA-G3-AAV0-01,0.0275379891867749,0.897642443689483,0.0226300370325436,0.0521587569953648,3.07730958340925e-05,0,0.876238144517213,0.677028059016357
TCGA-XR-A8TD-01,0.245228529613181,0.428074946006634,0.101883385246928,0.2233209474578,0.00149219167545684,0,0.891615130414858,0.830000882781378
TCGA-DD-A1EE-11,0.0507683623901922,0.814432687751182,0.0180173369971528,0.116636919629614,0.000144693231859423,0,0.856157211358244,0.713356256962458
TCGA-CC-A5UE-01,0.353964873075388,0.440415723282003,0.0308766085290384,0.168225972249421,0.00651682286414934,0,0.648028778449506,0.882333811811175
TCGA-DD-AACJ-01,0.100033784137812,0.800287970365142,0.0145263506186596,0.0789819915237758,0.00616990335461023,0,0.936736422819115,0.675672207357208
TCGA-G3-AAV5-01,0.227340110306046,0.585670676756281,0.0472648801650131,0.13063924913153,0.00908508364112967,0,0.805302894207653,0.801543789069634
TCGA-DD-A1EB-11,0.0479069881295887,0.824800638766276,0.0176479927556163,0.109538918297996,0.000105462050522379,0,0.859446825764577,0.708531676890907
TCGA-BC-A10W-11,0.0591800909942682,0.805268315283273,0.0113351726771566,0.124022321893182,0.000194099152120445,0,0.883697062534027,0.702107363333522
TCGA-DD-AAVS-01,0.17117195396071,0.552882171987318,0.0975174536131796,0.177933032116811,0.000495388321980994,0,0.881834838775135,0.788164790312342
TCGA-DD-A11B-01,0.0906232030055654,0.700515466414085,0.0470277060207442,0.161739038803987,9.45857556178377e-05,0,0.865551916783599,0.744550905704187
TCGA-MI-A75C-01,0.141902672501202,0.719737117846476,0.0228091131410903,0.100554049518759,0.014997046992473,0,0.843482454547046,0.746365036954264
TCGA-ED-A8O5-01,0.117173870229083,0.59504878899733,0.0508724750808497,0.236831232488413,7.36332043254645e-05,0,0.815103663717154,0.796473448530825
TCGA-BC-4072-01,0.331629400488928,0.268644938335852,0.124385316868178,0.268534006614783,0.00680633769225892,0,0.794804891610042,0.901610669828677
TCGA-DD-AAW3-01,0.141851594388267,0.639738962336496,0.0486730772740045,0.169666727744651,6.96382565815158e-05,0,0.837082684652539,0.774946613652271
TCGA-G3-A5SK-01,0.0804804959371636,0.821060828743276,0.0140886960501254,0.08428164969289,8.8329576545103e-05,0,0.867460407871375,0.705369223090658
TCGA-BC-A110-01,0.0763333599096605,0.644648662400006,0.063391719587052,0.215441507230598,0.000184750872683209,0,0.882252007948134,0.756536482730374
TCGA-DD-A3A7-01,0.107471788418791,0.798161292444928,0.0309694225605116,0.0624185546936413,0.000978941882127626,0,0.932634919754849,0.6788822813239
TCGA-BC-A10R-11,0.0647447998167466,0.783716140900229,0.0225125173140449,0.128923967358908,0.000102574610070762,0,0.87048420781054,0.715660771594595
TCGA-DD-A1EI-11,0.0216497529288834,0.85328129697081,0.015963226142672,0.108950448718764,0.000155275238871003,0,0.833003148900993,0.714313386130066
TCGA-DD-AACN-01,0.168521926613089,0.439218360796233,0.126439866757817,0.26568564547789,0.000134200354971206,0,0.869524240151077,0.8314900370096
TCGA-DD-AAD5-01,0.454473182217022,0.0911749469147321,0.10797466461015,0.32180591479684,0.0245712914612556,0,0.494437329699597,0.964781994908353
TCGA-CC-A3MC-01,0.150323430467694,0.5728430865237,0.0901723218001385,0.176007538171981,0.0106536230364862,0,0.861858375923494,0.786890862086843
TCGA-DD-A113-11,0.0257693754941698,0.837336604855003,0.0279337684457671,0.10858729301748,0.000372958187580598,0,0.841801666711213,0.714128892456158
TCGA-DD-A1EJ-11,0.0606575842332522,0.793360996415458,0.0319721137468896,0.113886325405231,0.00012298019916911,0,0.878786654908333,0.708456060061868
TCGA-DD-A73A-01,0.129113648018498,0.732979433319576,0.016280378988044,0.12052501218954,0.00110152748434158,0,0.830612948016468,0.749399294938238
TCGA-DD-AADI-01,0.287008520345786,0.409935180979755,0.121187425133846,0.181766373292322,0.00010250024829188,0,0.693805278663004,0.879841922582825
TCGA-CC-A7IG-01,0.327779045187509,0.349625464432259,0.123880162645564,0.197985349985952,0.00072997774871628,0,0.806270583532202,0.874561423024642
TCGA-G3-AAV3-01,0.212030524825923,0.602710826228034,0.0591718101057921,0.12132606394874,0.00476077489151048,0,0.817801958858802,0.79270974560333
TCGA-MI-A75H-01,0.177982776024591,0.608829601212852,0.0412714977113908,0.170230933727049,0.00168519132411648,0,0.937203396369828,0.748589096170761
TCGA-DD-A73E-01,0.234318448250943,0.522427944797766,0.0415745767214456,0.20155448628059,0.000124543949255712,0,0.791419489180995,0.825104660807759
TCGA-2Y-A9H7-01,0.104525923341458,0.76947683033666,0.00774925565492799,0.117813424623135,0.000434566043818753,0,0.79597815434151,0.754875228531265
TCGA-CC-A8HV-01,0.327134642497101,0.357486456619469,0.152425764282992,0.162718852553054,0.000234284047383995,0,0.858812909382474,0.861973819280919
TCGA-DD-AADJ-01,0.0574945957548069,0.848543696036919,0.00994349395360735,0.0836665999966024,0.0003516142580642,0,0.926524584064292,0.664045727929391
TCGA-DD-AAD6-01,0.116083207548633,0.767184385551519,0.0117020330015504,0.102820922957528,0.00220945094076928,0,0.855375049918616,0.727847201373017
TCGA-BC-A10S-01,0.112591810836448,0.653151933118681,0.0495650707958414,0.18454990613173,0.000141279117299602,0,0.889933829404708,0.75049194098927
TCGA-DD-A11C-11,0.0261242283957119,0.864475860528914,0.0140141067373493,0.0953613924222174,2.4411915807758e-05,0,0.878038524256985,0.686314271176163
TCGA-BC-A10Q-11,0.00471231071851385,0.889683892060858,0.0201615669187091,0.0853121777906078,0.000130052511311104,0,0.882041616519426,0.676184321607214
TCGA-LG-A9QD-01,0.0654033719998898,0.801920145392316,0.0320659831752648,0.100483886807321,0.000126612625208048,0,0.733686205719341,0.775959170886386
TCGA-DD-A3A1-01,0.133186107943929,0.768052587702859,0.0100837198076209,0.0713330423901303,0.0173445421554607,0,0.885731568517272,0.71120254697051
TCGA-DD-AACZ-01,0.40692857538683,0.336966281912938,0.0397194355237806,0.212107704867338,0.00427800230911367,0,0.850474352062125,0.870321479403756
TCGA-CC-A7IK-01,0.331548960294535,0.430502399681014,0.0486128467473348,0.18191134027505,0.00742445300206529,0,0.64665855856382,0.884800556670569
TCGA-DD-AADO-01,0.132661290148745,0.798305432594205,0.0173437044594811,0.0511254751591881,0.000564097638380036,0,0.830097926152922,0.73076042711468
TCGA-CC-A7II-01,0.470853162534729,0.00345783815263013,0.301603643418474,0.222665515364128,0.00141984053003868,0,0.480029094970208,0.985074525533213
TCGA-RC-A6M3-01,0.422068566771999,0.235066221584271,0.10455102190747,0.235948954842585,0.00236523489367411,0,0.54749179541614,0.942893058308005
TCGA-DD-A39W-11,0.00390250371546937,0.919422752337553,0.0161431915021007,0.0604954542204268,3.60982244496402e-05,0,0.851386388783751,0.685516482714231
TCGA-DD-AAW1-01,0.0768670257408098,0.758170505286816,0.0202701189824775,0.144527318820791,0.000165031169105162,0,0.907543075897726,0.706183182862939
TCGA-NI-A8LF-01,0.0627492917881895,0.631249750082255,0.0615691082799529,0.243990127834461,0.000441722015141236,0,0.852630458870948,0.772154336979102
TCGA-FV-A23B-01,0.176267853520284,0.588667371300066,0.0395382703154846,0.195176928970486,0.000349575893679365,0,0.864336008511905,0.781652134352382
TCGA-DD-AADC-01,0.284040794679372,0.402056658574312,0.102860373732643,0.20686863467743,0.0041735383362431,0,0.715720978505749,0.877080215278858
TCGA-G3-A3CJ-01,0.079645468104617,0.782456034044642,0.0261599800565765,0.111532044330478,0.000206473463687109,0,0.650814914630253,0.816446665161336
TCGA-ZP-A9D1-01,0.14478600573043,0.52446711382641,0.111442101631826,0.211354374906763,0.00795040390457121,0,0.803488674024258,0.820691478854723
TCGA-DD-A73C-01,0.0808386124557734,0.663649404251035,0.0595928550677079,0.195897150826121,2.19773993625216e-05,0,0.818018962114003,0.775130042349466
TCGA-CC-A9FU-01,0.298687444960462,0.486999168238361,0.063463100825177,0.150444895462865,0.0004053905131356,0,0.836093397163724,0.823460657289147
TCGA-G3-A25X-01,0.300595366669193,0.256367871152336,0.176100663405057,0.256721483204267,0.0102146155691452,0,0.432462452049751,0.952851573211071
TCGA-DD-AACP-01,0.364086952617183,0.423243140734659,0.0494473281318505,0.160213063863538,0.00300951465276947,0,0.677141103209608,0.879968863355905
TCGA-UB-A7MB-01,0.229129951608933,0.538261925435037,0.0325145017595613,0.199844535349889,0.000249085846579233,0,0.888591705347549,0.791081395025188
TCGA-DD-AADG-01,0.100623262543801,0.725027959436422,0.0359233987145212,0.138312909118563,0.00011247018669312,0,0.830110944110061,0.75207567575353
TCGA-RC-A6M6-01,0.351111536181573,0.337921066441473,0.0984015006172248,0.212221844214062,0.000344052545667746,0,0.614155953752225,0.911952744266512
TCGA-DD-A4NH-01,0.340793214842753,0.279504827708608,0.134960791712614,0.242042811552932,0.00269835418309313,0,0.817481413619633,0.895381718543728
TCGA-EP-A12J-01,0.1724376264672,0.597912006135649,0.0307794104901553,0.198788251762129,8.27051448669895e-05,0,0.837710217632004,0.787741251561064
TCGA-CC-5262-01,0.16425280208705,0.511236152484532,0.115111876039942,0.197905912281978,0.0114932571064977,0,0.831204193058801,0.816201065307958
TCGA-ZS-A9CD-01,0.142519193941542,0.551890042335918,0.0729180231215839,0.221298903466807,0.0113738371341495,0,0.787145911564472,0.817092356972094
TCGA-DD-AAE9-01,0.149609726811432,0.728835996595529,0.0200879506885266,0.10084876631345,0.000617559591062465,0,0.900510597766686,0.719432684688328
TCGA-BD-A2L6-01,0.0819252841224145,0.775060249352974,0.0398817155865078,0.1030688088424,6.39420957039572e-05,0,0.868631563175388,0.719230920296221
TCGA-DD-AAEI-01,0.10809941024995,0.755504485181163,0.0175779402475288,0.111829418213234,0.00698874610812488,0,0.83735069275012,0.739515127097546
TCGA-2Y-A9H3-01,0.102659199171644,0.761791344481554,0.0381667962414194,0.0973540900393886,2.85700659937312e-05,0,0.914749950427014,0.701271466317001
TCGA-2Y-A9GV-01,0.118937352736421,0.631100294241751,0.0352053020587764,0.214652727449805,0.000104323513246798,0,0.708115716167118,0.823469411854773
TCGA-DD-AADS-01,0.00807850651074275,0.972718437795867,0,0.0191787942987749,2.4261394615358e-05,0,0.916486410852989,0.627215739009155
TCGA-DD-A114-01,0.372917861656935,0.156207806584821,0.186260256956535,0.283779959824146,0.000834114977562452,0,0.774664672332569,0.939451215050131
TCGA-DD-A39Z-01,0.0558570016336814,0.864177961974328,0.0121489546525876,0.0677315752108445,8.45065285588031e-05,0,0.814656735782782,0.721066891066601
TCGA-UB-A7MA-01,0.313250574211889,0.266075487249372,0.166271796025022,0.243411178232541,0.0109909642811756,0,0.753661059231425,0.90712381673435
TCGA-EP-A2KB-01,0.11669757433423,0.735715951130263,0.0254208355997085,0.122095809686413,6.98292493860765e-05,0,0.923748380056273,0.706416176874817
TCGA-DD-AAEA-01,0.162389490495723,0.729075805766652,0.0232602997863297,0.0851902009932886,8.42029580064749e-05,0,0.849283930168273,0.742240229652444
TCGA-UB-AA0V-01,0.046888901648352,0.712308816492393,0.0751086937873815,0.165388317700559,0.000305270371314807,0,0.826050022781609,0.757710570614231
TCGA-BD-A3EP-11,0.0427303150714394,0.809449246656531,0.0220069939229772,0.125599905985878,0.000213538363174682,0,0.830364157659255,0.727840829074877
TCGA-ES-A2HT-11,0.102398657402606,0.735048123460526,0.0246167514488484,0.137761568247314,0.000174899440706627,0,0.876355883118354,0.728499042991948
TCGA-2Y-A9GY-01,0.463595776873128,0.323477021378361,0.0521413779498472,0.157842414376857,0.00294340942180624,0,0.861513740541422,0.873049865953295
TCGA-XR-A8TE-01,0.219749814338661,0.414956615336014,0.109479772262608,0.255674155455307,0.000139642607409611,0,0.803612918589372,0.854685221946663
TCGA-ED-A4XI-01,0.0819432743944562,0.681389179539858,0.0561298403402539,0.179863477287661,0.000674228437771572,0,0.875833510136739,0.746597565695395
TCGA-DD-AACG-01,0.202168267183733,0.674359574938112,0.0150167508798059,0.107394875042943,0.0010605319554057,0,0.913313131650206,0.733112689870862
TCGA-BC-A216-11,0.0512372231167567,0.832042203704389,0.019031736787021,0.0976061569117994,8.26794800340283e-05,0,0.771949022484147,0.751001843644257
TCGA-NI-A4U2-01,0.0524117641317279,0.805335137913239,0.0311374728656281,0.11103296363629,8.26614531147885e-05,0,0.89373349032051,0.696934333649592
TCGA-DD-AAC9-01,0.055285194234408,0.79121672298108,0.0424015626739366,0.109567539107808,0.0015289810027682,0,0.832062711048025,0.732099041557439
TCGA-DD-AAE1-01,0.137495475877491,0.693904093420629,0.0186029969179529,0.149904810442332,9.26233415950373e-05,0,0.906665278664609,0.729162236935459
TCGA-DD-A11D-01,0.0526494047986905,0.77256389062946,0.0418260210481793,0.132801727255051,0.000158956268619525,0,0.890449449479671,0.709590932463433
TCGA-DD-AADY-01,0.137064860661202,0.601573626158013,0.075457291666133,0.185825912009829,7.83095048234293e-05,0,0.757783731643539,0.813756829600243
TCGA-ZP-A9D4-01,0.152573077915146,0.650710750316267,0.0321750112809467,0.164376177876071,0.000164982611569926,0,0.813219481825144,0.780513827747368
TCGA-DD-AAED-01,0.224051647604815,0.612390844526065,0.0228540857109887,0.140468743127027,0.000234679031104682,0,0.877524425193789,0.76880106086878
TCGA-DD-AACK-01,0.143523173098587,0.631827620179549,0.0421142749979035,0.174615895300263,0.00791903642369762,0,0.87034525020884,0.764620936761112
TCGA-DD-AAVQ-01,0.254339367405544,0.502997774025981,0.0814633925733399,0.161100862078662,9.86039164723461e-05,0,0.824748243004528,0.821545037147261
TCGA-BC-A112-01,0.374617825037909,0.0970420253521868,0.183980650816652,0.324497256335327,0.0198622424579255,0,0.654093996517416,0.954920555920046
TCGA-DD-A118-01,0.167705816204858,0.485121509937393,0.117240582513799,0.229768630219067,0.000163461124882334,0,0.625638385466286,0.878878695140758
TCGA-DD-AACO-01,0.0600956215832011,0.82665066701899,0.0296682344076191,0.083183893753025,0.00040158323716465,0,0.927385021792035,0.671480026293538
TCGA-DD-A1EB-01,0.1018127484702,0.66188629797937,0.0561643678623825,0.180048958572956,8.76271150910177e-05,0,0.8765618426807,0.752792466549398
TCGA-DD-A4NL-01,0.0302808002222454,0.764301220299371,0.0360984715629157,0.169227311632399,9.21962830685164e-05,0,0.835490013843096,0.738398141266394
TCGA-EP-A3JL-01,0.145120046118146,0.64457505201835,0.0708509224053579,0.135803698435042,0.00365028102310465,0,0.808797274131154,0.783827941621331
TCGA-DD-AAD8-01,0.102274414368166,0.763714097018685,0.0415389907775652,0.0919728043890606,0.000499693446523817,0,0.912468644071558,0.70168408949795
TCGA-5R-AA1C-01,0.296529364385269,0.463357743183049,0.0540756197595745,0.161458129746937,0.0245791429251709,0,0.705851776496046,0.859608670951106
TCGA-G3-A3CI-01,0.0711196175183465,0.766829407109813,0.0295528756536329,0.132418391123884,7.97085943235897e-05,0,0.810951484071178,0.748847093203618
TCGA-G3-A3CK-01,0.228278379659117,0.50036222531488,0.0528289071676649,0.20470988243043,0.0138206054279085,0,0.601728511173705,0.880971880708365
TCGA-MI-A75G-01,0.0731694620262925,0.824867515796216,0.0220098842975054,0.0798473156675824,0.00010582221240392,0,0.936750593283896,0.666912810016445
TCGA-G3-A5SJ-01,0.338457703502876,0.321868486561111,0.072813466109553,0.240090258126745,0.026770085699715,0,0.764837427207607,0.882675103598416
TCGA-DD-A3A4-11,0.10794393214015,0.647714015427761,0.0663172153390377,0.17790480044907,0.000120036643981112,0,0.798101745497918,0.787137775536424
TCGA-5R-AAAM-01,0.0777269197417732,0.640396220481909,0.0617914987501294,0.219550789683178,0.000534571343010653,0,0.90084658745171,0.750890547683187
TCGA-BC-A3KG-01,0.342324084133217,0.406456445602063,0.0865443547203389,0.164412030885538,0.000263084658843868,0,0.81806640578491,0.853892089245167
TCGA-DD-A3A5-11,0,0.950156681225249,0.0102211799296096,0.0395960447731753,2.60940719658974e-05,0,0.881876134378465,0.657591208235639
TCGA-DD-A1EH-11,0.0243593394035173,0.893667387451188,0.00884873139017266,0.0730507564791956,7.37852759264811e-05,0,0.859665798501091,0.68795806764164
TCGA-2Y-A9GS-01,0.273877487608745,0.407473645926357,0.117982402787815,0.196360961635601,0.00430550204148249,0,0.552691429469848,0.909810457162664
TCGA-BD-A3ER-01,0.112850693622378,0.58844360351402,0.0645612373121023,0.218957522583842,0.0151869429676574,0,0.84540962048103,0.78660445817787
TCGA-BC-A10X-01,0.060080602044654,0.696511457577588,0.0610183893870355,0.182126074817417,0.000263476173305301,0,0.868056541864435,0.744907784278264
TCGA-MI-A75I-01,0.164283380938605,0.673646496578952,0.0393914572867441,0.121628264056858,0.00105040113884111,0,0.843583991035296,0.761790387277467
TCGA-DD-A1EC-11,0.045965938283433,0.727145946096559,0.0499731673756873,0.176815377661725,9.95705825959772e-05,0,0.78794400929658,0.769709634580483
TCGA-CC-A7IF-01,0.09316554088208,0.71699192404771,0.053774220738564,0.135987506945324,8.08073863227654e-05,0,0.906546597873004,0.721140501840184
TCGA-DD-AACE-01,0.0777331849187473,0.721106812922769,0.0441376661808237,0.156926792818435,9.55431592250195e-05,0,0.901118528015793,0.72218963143702
TCGA-DD-AAVY-01,0.129696730644144,0.698451510802985,0.0224081660108272,0.146823396134069,0.00262019640797495,0,0.836898703228617,0.756973234144042
TCGA-EP-A26S-11,0.0122337955265739,0.914752523648226,0.00895358635659509,0.0639420024795229,0.000118091989081826,0,0.832476169861571,0.697954478036701
TCGA-DD-A1EG-01,0.1905699238265,0.547992803206326,0.0789308088862304,0.172841995909296,0.00966446817164785,0,0.918133539587789,0.777436127666719
TCGA-ED-A7PX-01,0.356258687656922,0.0865879023785729,0.296521596763599,0.258106091812446,0.00252572138845971,0,0.717673728823294,0.961609454829465
TCGA-DD-AAD1-01,0.208011781582385,0.323771810061922,0.161651111926364,0.306269126610314,0.000296169819014847,0,0.830284732806919,0.878892882993812
TCGA-DD-AADN-01,0.334322602749336,0.601662157498319,0.00475637418315551,0.057488863148844,0.00177000242034575,0,0.883459309933318,0.769852566666904
TCGA-DD-A3A3-11,0.054349325120967,0.796429226874166,0.030281107205403,0.118837666306555,0.000102674492908253,0,0.859529046044182,0.717126701918094
TCGA-2Y-A9H9-01,0.0895237411832976,0.744942862019805,0.0269634718753442,0.138477887289859,9.20376316947881e-05,0,0.867338721335117,0.729440120961489
TCGA-G3-A25Z-01,0.0771845499681982,0.766739283227053,0.0322295008772621,0.123598898227397,0.000247767700090025,0,0.792847576220443,0.757103259891381
TCGA-BC-A10U-11,0.0153384020473577,0.821061223155629,0.0250022222844518,0.138100848818648,0.000497303693913682,0,0.862793425838329,0.708059721154494
TCGA-BC-A217-01,0.262120376515536,0.584640051968265,0.0334399072388735,0.119029178402814,0.000770485874511664,0,0.87377386783813,0.779460185143781
TCGA-BC-A110-11,0.058102425015001,0.792429762880718,0.023580470856185,0.125794485819029,9.28554290673165e-05,0,0.874824790227785,0.710755608936528
TCGA-BC-A10R-01,0.123983239832006,0.477746507019517,0.149715996664248,0.236172454590828,0.012381801893401,0,0.783746270058276,0.839266923669888
TCGA-ED-A7XO-01,0.109805459439545,0.696220320855633,0.0605119168614375,0.13331235050562,0.000149952337764853,0,0.901634813249805,0.730576297417823
TCGA-G3-AAV7-01,0.391599452955668,0.200669514130998,0.154638110245171,0.246704151905094,0.00638877076306931,0,0.716259824163251,0.931482170803073
TCGA-GJ-A3OU-01,0.274863966716442,0.351801029857923,0.116837126273129,0.254678082260739,0.00181979489176734,0,0.921877358258878,0.852167201989144
TCGA-DD-AADB-01,0.293562599069686,0.451857180331489,0.0589203300716105,0.195501000663949,0.000158889863266417,0,0.881264535682085,0.823818395528345
TCGA-RC-A7SK-01,0.0963968517721197,0.748878861379985,0.0504544127714686,0.104061690154388,0.000208183922038984,0,0.852706714192123,0.734842452271898
TCGA-DD-A4NE-01,0.157171362231115,0.562078003970484,0.103999168775093,0.176665844564248,8.56204590594652e-05,0,0.775911312655076,0.818534212586568
TCGA-DD-A39V-11,0.0409136394396755,0.847380446276443,0.0169180108491897,0.0946265211627039,0.000161382271987418,0,0.83936838746494,0.712498608025988
TCGA-DD-AACT-01,0.109447798947697,0.686223219687172,0.0594043527189147,0.144702354969135,0.000222273677081852,0,0.824448074333697,0.765839520056187
TCGA-ZP-A9D0-01,0.0938384035585421,0.734489339138163,0.0630086705603119,0.108574425035101,8.91617078823014e-05,0,0.835918011211836,0.746741660828001
TCGA-DD-AADF-01,0.0966570541426434,0.835510964482197,0.01319710257662,0.0546043203148597,3.05584836799751e-05,0,0.895239257601871,0.685837378527718
TCGA-DD-A1EJ-01,0.327509226479153,0.395341678597675,0.0553288796609538,0.220441575109189,0.0013786401530288,0,0.667145390829008,0.888927105659394
TCGA-DD-AAVU-01,0.159336943352831,0.706915942685727,0.0268191134965063,0.102122741997101,0.00480525846783569,0,0.789690921969552,0.773812015545838
TCGA-G3-A3CG-01,0.118239881755392,0.674157842539754,0.0420145465731031,0.165256037980116,0.000331691151635434,0,0.873661484001528,0.749772122225755
TCGA-BC-A10W-01,0.295720919918865,0.28205377737103,0.0875844348741581,0.306533536386572,0.0281073314493743,0,0.658727821685583,0.910082490086758
TCGA-O8-A75V-01,0.112154482993098,0.68221922475449,0.0516492371418515,0.146042674847688,0.00793438026287153,0,0.87290398459094,0.746924073878934
TCGA-DD-A3A9-01,0.153528807905842,0.516764616337969,0.145983171222745,0.183615069150514,0.000108335382929844,0,0.874401730923354,0.803059032915873
TCGA-DD-A73G-01,0.0925418050912405,0.75928987252288,0.0675974878095588,0.080446845925878,0.000123988650442559,0,0.821724472406901,0.745905941037571
TCGA-DD-A1ED-01,0.123268405967,0.644093959431939,0.0364089124256436,0.196138820336482,8.99018389365523e-05,0,0.648190441326099,0.841431157549144
TCGA-WX-AA47-01,0.298814507316451,0.45191437154967,0.0553568888230721,0.191363914698151,0.00255031761265513,0,0.453140024399818,0.92472778584137
TCGA-G3-A7M5-01,0.0380016432849333,0.901634787811197,0.00919436449442037,0.0511096650218215,5.95393876283392e-05,0,0.894592669106764,0.664733476927215
TCGA-DD-A4NI-01,0.0767170080035532,0.7591418486535,0.0229120600249299,0.141102058040404,0.00012702527761319,0,0.857024171422901,0.729775033262428
TCGA-2Y-A9H8-01,0.201971233106588,0.639076846872884,0.0500114124469995,0.108405294184008,0.000535213389520549,0,0.859767807352221,0.766433502111901
TCGA-DD-A3A8-11,0.0115650354819355,0.884221836891144,0.0326534801067887,0.0714565881063681,0.000103059413764114,0,0.895011148537279,0.670264077579806
TCGA-2Y-A9GT-01,0.0821777189044893,0.733671354702993,0.0172736060485549,0.166791797410992,8.55229329710477e-05,0,0.858929126066917,0.736863714598245
TCGA-CC-5260-01,0.365653614168218,0,0.262951019965083,0.31682261894176,0.0545727469249391,0,0.651435924234244,0.924675399304453
TCGA-DD-A1EL-11,0.0319125780377167,0.829938615677688,0.0178361955602176,0.120162014210642,0.00015059651373564,0,0.830110019533496,0.722271690913467
TCGA-DD-A3A1-11,0.0427385746854536,0.852724495711559,0.0253083783101069,0.0790842973978157,0.000144253895064306,0,0.779226953975341,0.742517942194766
TCGA-DD-A119-01,0.0788679648077034,0.767545227943483,0.0566648726388338,0.0921655459346584,0.00475638867532152,0,0.896655338469863,0.707947365946499
TCGA-FV-A2QR-01,0.0857649946191074,0.701513296407035,0.0662497556512193,0.145958042807726,0.000513910514912078,0,0.860953389343206,0.746163675138898
TCGA-G3-A25V-01,0.118622923645493,0.638206031011499,0.0532741558550014,0.173263577379707,0.0166333121082985,0,0.85035847391755,0.768662997759704
TCGA-CC-A8HT-01,0.374319749619388,0.374224241133282,0.0621170376651181,0.184511313552532,0.00482765802967924,0,0.856561515321161,0.856245436677315
TCGA-DD-AADL-01,0.178001523814285,0.596599720928964,0.0604317448504507,0.16481679396167,0.000150216444629915,0,0.847764037709645,0.784674502117714
TCGA-XR-A8TC-01,0.16898099410515,0.551934628372162,0.0892828680033738,0.189717110575008,8.43989443058757e-05,0,0.872367736130491,0.791515670715755
TCGA-CC-A7IJ-01,0.38925727841556,0,0.324215808211162,0.285022420129844,0.00150449324343337,0,0.62840894487283,0.978982658943776
TCGA-FV-A23B-11,0.101057188615659,0.702051388941274,0.0453549410356265,0.151311735727648,0.000224745679792335,0,0.847740699064161,0.75151450519754
TCGA-5C-A9VH-01,0.111271903538168,0.564085969532147,0.110656536751514,0.213871076985786,0.000114513192384696,0,0.874746725016914,0.786737630209346
TCGA-DD-AADR-01,0.102438437338239,0.744318837936438,0.01805710962535,0.130704781477944,0.00448083362202863,0,0.941441189536288,0.694669511328356
TCGA-2Y-A9HB-01,0.11747406609548,0.730310702881467,0.0390251582149648,0.112955689000748,0.000234383807339344,0,0.918998504035408,0.710586731788019
TCGA-DD-AAE3-01,0.0460121604300505,0.815294736241218,0.0311007111836694,0.10751415668265,7.82354624127237e-05,0,0.863400577843909,0.709394062719778
TCGA-DD-A4NA-01,0.449593200012223,0.0109254042123096,0.225529698018837,0.309567704982056,0.00438399277457463,0,0.389721260392098,0.987696607198593
TCGA-DD-AACI-01,0.175842079335273,0.63120247113065,0.0575372309762228,0.134320064532,0.00109815402585478,0,0.849474350914472,0.772901911420192
TCGA-DD-AADU-01,0.0954018777168144,0.809584255916634,0.0192758256039851,0.0736417349531329,0.00209630580943381,0,0.891402186894427,0.696476768190751
TCGA-EP-A3RK-01,0.272589575113495,0.444923915759706,0.0888267467310513,0.169182791582975,0.0244769708127725,0,0.726836982303195,0.859016195677625
TCGA-CC-A5UD-01,0.434876684797319,0.0792726031187462,0.16619488076543,0.318319878525329,0.00133595279317571,0,0.489981750389521,0.9765753529162
TCGA-CC-A9FV-01,0.290587273143413,0,0.417437161293295,0.291975565563293,0,0,0.277615765858489,0.989966809964655
TCGA-DD-AAEE-01,0.124235236621641,0.708992821432079,0.0436426750347485,0.117210179716165,0.00591908719536606,0,0.910238389194822,0.721921156056672
TCGA-ZS-A9CF-02,0.113849309962042,0.663283769161781,0.0271554788165325,0.195493837673694,0.000217604385949742,0,0.866143072864218,0.756408049146506
TCGA-ZS-A9CF-01,0.112240992792214,0.680386539076679,0.0212366750296339,0.185761471142888,0.000374321958584753,0,0.864226085492302,0.751576360543317
TCGA-RC-A6M4-01,0.115333898107767,0.766167097401873,0.0267305792894969,0.0916659141173986,0.000102511083464153,0,0.890450952609775,0.711474777098931
TCGA-G3-A7M8-01,0.047136040415405,0.76423531129594,0.0417338829971993,0.146739244393143,0.000155520898312372,0,0.829435971992475,0.741150042559339
TCGA-DD-AAVP-01,0.166324096467619,0.612390827967921,0.0545170288418831,0.166656483936365,0.000111562786212331,0,0.875704868940489,0.769673701557305
TCGA-UB-A7ME-01,0.197739618029595,0.555805130520037,0.0843882662237436,0.161940559052729,0.000126426173895959,0,0.857986299439928,0.794639289165433
TCGA-DD-A4NR-01,0.301020391849943,0.412836170915054,0.0812004617964196,0.193633445097506,0.0113095303410779,0,0.841445321711078,0.845369370017129
TCGA-G3-A25U-01,0.141249665047193,0.68200452999106,0.0356799652659089,0.141003696380845,6.2143314992688e-05,0,0.733942242134789,0.802339536441275
TCGA-DD-AAE6-01,0.206347391866346,0.664255998178613,0.0366874400826081,0.0926422299235411,6.6939948892142e-05,0,0.81267574379581,0.77656539473226
TCGA-G3-AAV2-01,0.128049563997269,0.702337625085519,0.0295878287340565,0.139934465726361,9.0516456794705e-05,0,0.83916717649145,0.754921754265202
TCGA-BC-A10Z-11,0.0610721316904057,0.765145879667818,0.022362888957261,0.150596171123011,0.000822928561504346,0,0.864929601515956,0.724232041222806
TCGA-ZP-A9CY-01,0.0726281326547079,0.731075171845768,0.0454557244023105,0.150443165998787,0.000397805098425936,0,0.881236896434623,0.727720434540802
TCGA-DD-A39Y-01,0.31331603279637,0.510838259290253,0.0702441177024162,0.0959266435265953,0.00967494668436536,0,0.85698485846156,0.808760642885926
TCGA-DD-A115-01,0.0684154241652042,0.743350361209472,0.0445704709226274,0.143559325982331,0.000104417720365969,0,0.86228424268037,0.732328743418196
TCGA-FV-A3I0-11,0.00121508727930021,0.908623798358108,0.0142509307162244,0.0757403528896834,0.000169830756683869,0,0.862432536247036,0.682041373600804
