Mixture,Other,Non-inflammatory_Macrophage,alpha-beta_T_Cells,Inflammatory_Macrophage,NK-like_Cells,gamma-delta_T_Cells,Mature_B_Cells,Plasma_Cells,P-value,Correlation,RMSE
TCGA-FV-A495-01,0.502944008757279,0.0399212867548252,0.0726091116475019,0.118753320737768,0.0436023877659596,0.114556483632356,0.0240158320136894,0.0835975686906209,0,0.850307859549639,0.566431591102634
TCGA-G3-A3CH-11,0.702252982181927,0.0348313935119795,0.05696455255888,0.0255820626841447,0.0289853140530675,0.0721499005180535,0.0792337944919477,0,0,0.905146071099936,0.452388034629555
TCGA-CC-A3MB-01,0.422038413227434,0.0377103960744365,0.104666184630045,0.0883012114034835,0.116197452472982,0.0876008299869368,0.0166440586326178,0.126841453572064,0,0.757387352122474,0.683086070393949
TCGA-BC-A3KF-01,0.533256016247912,0.0810648522842706,0.0395721874342803,0.0604906847839134,0.118433419629728,0.0863772345604372,0.0226545941255905,0.0581510109338678,0,0.798699039652423,0.616648998116348
TCGA-DD-A4NV-01,0.607373191728998,0.0127169993629564,0.150426326334824,0.0253888663143355,0.100699598244216,0,0.0293979749453204,0.0739970430693502,0,0.730497476608225,0.691187994465473
TCGA-CC-A1HT-01,0.0237527081400883,0.041535861614946,0.130551615930138,0.341192167361558,0.0590609719197262,0.1857798050049,0.0864722352108389,0.131654634817804,0,0.74464338532471,0.717796267448895
TCGA-BD-A3EP-01,0.378857878651989,0.0712684983607146,0.113728321317269,0.166748922208289,0.0751913247831742,0.0627650307108882,0.0505426067875793,0.0808974171800971,0,0.877412571162402,0.551734353652953
TCGA-FV-A3R2-11,0.69158936821703,0.0387273846623262,0.0361558895665585,0.0418169190011997,0.0661680490954637,0.061653182411407,0.0638892070460153,0,0,0.875126408315602,0.504169994774787
TCGA-CC-A3MA-01,0.0756897736742393,0.0447885077050118,0.113386625476796,0.161949109319158,0.170746509564892,0.163882069591171,0.110953750915857,0.158603653752875,0,0.469150903301311,0.889638919168203
TCGA-ZP-A9CV-01,0.561610236933611,0.0470448244559187,0.127987203255492,0.0818520341515241,0.0565650451813251,0.0223766762840413,0.0459376564769442,0.0566263232611438,0,0.803346581264826,0.611233986774214
TCGA-DD-AACY-01,0.562639543748697,0.0271695983535952,0.0931592231459932,0.0771165862007022,0.0957590861472332,0.026214630593509,0.00520709474605878,0.112734237064211,0,0.775109211138036,0.645222270035658
TCGA-XR-A8TG-01,0.539409282262055,0.0134930692786184,0.14414347057011,0.0315846667144785,0.0809620018659602,0.0902460387368877,0.0392573917380024,0.0609040788338871,0,0.712676569617177,0.710711334429686
TCGA-CC-A9FW-01,0.335315022557978,0.141836683482463,0.0850126719664536,0.0453278658581004,0.165309412948758,0.0439009690219273,0.0315827550139825,0.151714619150337,0,0.660830205031748,0.754016519426765
TCGA-BC-A10Y-01,0.558265061056703,0.0134415174373886,0.0975757830287605,0.0446587065919983,0.0417771173378718,0.104745429967286,0.0663171235905324,0.0732192609894597,0,0.800931280960444,0.621215962652733
TCGA-KR-A7K7-01,0.320372205216101,0.0574583383823362,0.131722344798853,0.125737090750883,0.0939745183214067,0.0411658317344115,0.0380647683281804,0.191504902467828,0,0.802416931145906,0.656579454112997
TCGA-ED-A459-01,0.340031037030313,0.0932650827690881,0.143641248974077,0.130862435728288,0.0631341200449286,0.0546082253407593,0.0477587721329046,0.126699077979641,0,0.776160990690033,0.657887461656835
TCGA-PD-A5DF-01,0.415443476795527,0.0326675688712429,0.131716327039094,0.173664983570127,0.0501094492296037,0.0669201664744929,0.0104346700132617,0.119043358006651,0,0.781134045245006,0.653933417094979
TCGA-ED-A5KG-01,0.0972464101678599,0.0545808321666683,0.232016181426297,0.135847199558998,0.0739125716170094,0.160194176335458,0.161250445213112,0.0849521835145979,0,0.602662235412609,0.834438760941213
TCGA-DD-AAVX-01,0.452363276100651,0.107551468430829,0.175523949282582,0.0517440085418946,0.0822419965919407,0.0192492330957335,0.0851837518655639,0.026142316090805,0,0.810597583711259,0.610081800322321
TCGA-ED-A7PY-01,0.499063606386797,0.0579999329250508,0.243714345683399,0.0342077089530153,0.121054602322243,0.0211984195908775,0,0.0227613841386166,0,0.601394333181593,0.803148638438428
TCGA-RC-A7SF-01,0.587238608397466,0.0542172104899616,0.0836050740468341,0.0494903627250526,0.0756290295544618,0.091762234766884,0.00814771484165806,0.0499097651776818,0,0.779594114228095,0.637718927841878
TCGA-DD-AAW0-01,0.567898238943026,0.0881641136692301,0.0843322331814006,0.0728339015339543,0.0536468752433618,0.0501513923995767,0.053846381343498,0.0291268636859524,0,0.822781979328407,0.582283939917734
TCGA-ED-A66X-01,0.269918430668177,0.0917250539593786,0.0595190402831254,0.194004947257485,0.117118420120474,0.101891296151921,0.0328627309840175,0.132960080575421,0,0.52486018256392,0.854083661493685
TCGA-DD-AAC8-01,0.25298897724582,0.137599388780602,0.165029167768267,0.141542727031863,0.174539309828073,0.0196159563529692,0,0.108684472992406,0,0.678369798833138,0.7389086043223
TCGA-FV-A3I1-01,0.444703865605945,0.0519613751217885,0.113177834711386,0.154786711404719,0.0491628417156399,0.0565401483523489,0.0352584503296832,0.0944087727584893,0,0.813308594122194,0.612094363188973
TCGA-RC-A7S9-01,0.426519671931922,0.0215174610415655,0.0915256173198111,0.0467812477238563,0.110765871630519,0.0627183735423269,0.0361996971427662,0.203972059667234,0,0.716671731586328,0.719455578953253
TCGA-ZP-A9D2-01,0.144250449686949,0.0867959077531012,0.165435395712461,0.119211616340894,0.142016281295076,0.107221851625997,0,0.235068497585522,0,0.605505300423863,0.809977584200409
TCGA-G3-A5SL-01,0.616384352608648,0.0824994642048959,0.0649130320978087,0.0204857769649788,0.0963100229811815,0.062419889946214,0.0343180874936005,0.0226693737026725,0,0.701278540904453,0.725642957522322
TCGA-DD-A3A2-11,0.764844254385782,0.0274110587190898,0.00582879757522209,0,0.0622902898908537,0.078802793508977,0.0608228059200749,0,0,0.887406687427085,0.483523580593939
TCGA-CC-A3M9-01,0,0.0470358211763331,0.0549394275767778,0.39779591319491,0.0451903455236798,0.264668438802182,0,0.190370053726117,0,0.684904837319624,0.741974785186599
TCGA-BC-A216-01,0.439378232213775,0.0233769472300905,0.076970950619869,0.0540891788780188,0.0950806191162002,0.126429767293173,0.0760427190004467,0.108631585648427,0,0.772489812020625,0.673952403792498
TCGA-ED-A7XP-01,0.394000664796997,0.130783226497936,0.177699622065359,0.0835175952046875,0.0594968465156782,0.0222862016631208,0.0257009004030197,0.106514942853201,0,0.816291859537852,0.600849270933026
TCGA-BC-A10T-11,0.688420981337533,0.0155877881638676,0.0718991690951408,0.0377314608848472,0.0409916935350329,0.0799729789672373,0.0653959280163409,0,0,0.889246223620541,0.483193526192825
TCGA-DD-A11A-01,0.549236154848131,0.0736751916186233,0.22052552378576,0,0.0927076892309612,0.0235257007541281,0,0.0403297397623959,0,0.785506962581902,0.634128736737522
TCGA-DD-A73B-01,0.576754156086965,0.0105260366278593,0.12899134970626,0.0231709888908433,0.127507526977535,0.0577188440855478,0.0297027488092744,0.0456283488157152,0,0.766370669212822,0.656379309191296
TCGA-DD-AACA-02,0.466126520487112,0.101704885122652,0.0714624478548039,0.0372384280604339,0.204362913524527,0.0452615979879533,0.00116310439316905,0.072680102569348,0,0.708964612550764,0.712073536848677
TCGA-DD-AACA-01,0.421762857847432,0.168930836894356,0.0505035996275397,0.0373730191128412,0.200001121611065,0.0670553806763195,0,0.0543731842304472,0,0.718450543504344,0.700228649004319
TCGA-DD-A1EH-01,0.370155525299597,0.0628671043059196,0.188640729917356,0.00427668518485813,0.184897300523594,0.0449478830770261,0.0170912783131631,0.127123493378486,0,0.561787165207478,0.830498275331572
TCGA-DD-AA3A-01,0.0161215824612901,0.0164686392719234,0.179154863811244,0.220052250192427,0.172585265102532,0.089927309052781,0.0289897742552354,0.276700315852568,0,0.648554344332847,0.812930630261031
TCGA-DD-A3A6-11,0.766307051380524,0.00247906537475016,0.0104839823848304,0.0361339451168791,0.0887908630922372,0.079555761855347,0.0162493307954323,0,0,0.890125135099842,0.478739063212249
TCGA-RG-A7D4-01,0.229174211681799,0.112758628159651,0.085853349540242,0.0839389278398135,0.0870348334134014,0.0681962622554157,0.149276292351757,0.18376749475792,0,0.842531438494223,0.625278755442683
TCGA-FV-A2QR-11,0.59941350883552,0.0368976094331241,0.10806432776515,0.105970517695085,0.0365440146442389,0.0754588447093353,0.0376511769175471,0,0,0.875776945652416,0.512464674621493
TCGA-DD-A73F-01,0.567888895546636,0.0318519211843104,0.131378230697565,0.0532292470900908,0.0419788158448511,0.0737778045401786,0.0275711800520584,0.0723239050443097,0,0.824252352781223,0.590310917618515
TCGA-WX-AA46-01,0.708130755035611,0.0239283977189776,0.0639790082931851,0.0124551877016028,0.0685933765293327,0.0662954710619189,0.0566178036593717,0,0,0.831192281557896,0.571004535253375
TCGA-K7-AAU7-01,0.183735261627711,0.0351343677926185,0.0605633398708775,0.291835000979995,0.153155383266164,0.118882314263328,0,0.156694332199305,0,0.764410173198325,0.696525746689293
TCGA-DD-A3A2-01,0.696033047811894,0.00195960890898275,0.0982582607650584,0.00082041704781999,0.160349087524146,0,0.0310703463537522,0.0115092315883463,0,0.666454454001497,0.764313253129617
TCGA-EP-A26S-01,0.609152307839976,0.0422984682533563,0.203274872249879,0,0.125509971239998,0,0,0.0197643804167905,0,0.627485407556853,0.790522704177501
TCGA-DD-A1EG-11,0.741718861826212,0.0390301899484944,0.0658955156932155,0.0501295825197405,0.00947542300196337,0.0609828153578077,0.032767611652567,0,0,0.913009531972911,0.434624022701728
TCGA-FV-A2QQ-01,0.472340574299557,0.0306406987110137,0.121006990167915,0.154416679256961,0.0737081032491573,0.023723943938411,0.0468343165345777,0.0773286938424069,0,0.823526186677089,0.60237091148333
TCGA-3K-AAZ8-01,0.57488944770451,0.0597560577725173,0.140521478127402,0.0506424956333541,0.0730680998659158,0.0161326383873721,0.020406206611854,0.0645835758970743,0,0.858758702558548,0.540632722148694
TCGA-DD-A3A5-01,0.698803820198589,0,0.0893099958635513,0.0539899507373141,0.0165286419336704,0.0796410897728421,0.0385948398350418,0.0231316616589915,0,0.797028837645453,0.61723806608614
TCGA-DD-AADP-01,0.645698837343174,0.0163298918806964,0.0488487186744068,0.0475345152791694,0.100470166433393,0.037958593115932,0.0301611712319923,0.0729981060412357,0,0.76697734569978,0.652595258862892
TCGA-CC-5259-01,0.426592864892758,0.0555405845499257,0.117185958264832,0.129035112004211,0.092292036891273,0.0377196615875805,0,0.141633781809419,0,0.767759529114944,0.66224771577998
TCGA-DD-AAD2-01,0.497812135255432,0.0401161170541222,0.0757930105041665,0.155654096053377,0.0437398628322188,0.0826419225648127,0.0256607358147379,0.0785821199211328,0,0.810335314233278,0.608262759537512
TCGA-ES-A2HT-01,0.57659867181037,0.0215213698332228,0.110536220875878,0.109538034958702,0.0543157417227395,0.0140079339390098,0,0.113482026860078,0,0.756409885296529,0.664104064106914
TCGA-CC-A8HU-01,0.328000818383761,0.0824001475862483,0.129279112764001,0.0816809897067278,0.131796510487995,0.10002053825605,0.0182840137910585,0.128537869024158,0,0.699944541084992,0.734440262523004
TCGA-ES-A2HS-01,0.594381999403106,0.0351165379938864,0.0558749996809364,0.0623067563947569,0.139859016975245,0.0412208289927967,0,0.0712398605592729,0,0.78622553451577,0.630701350689563
TCGA-2Y-A9H0-01,0.403374520043913,0.100757132027404,0.0161113415575672,0.060231942277035,0.134401814805598,0.115383436343826,0.0237073410534885,0.146032471891168,0,0.755395501176975,0.672883998473398
TCGA-2V-A95S-01,0.160510105747851,0.0975536874613773,0.161187379140615,0.172733098618972,0.0870139571800103,0.0996648381317158,0.0335990151614508,0.187737918558009,0,0.657433371878701,0.766656550025756
TCGA-2Y-A9GU-01,0.571483190561272,0.0510830123513016,0.0885618727941436,0.0133742905425679,0.13210258814721,0.010606418761167,0.0229813106072646,0.109807316235074,0,0.715223340247547,0.706652322181778
TCGA-RC-A7SB-01,0.592372551999951,0.0786830784996476,0.0603709579698449,0.0619158575939941,0.0736061012910375,0.0721669082960291,0.0195248699122972,0.0413596744371983,0,0.829354595483789,0.574007576683632
TCGA-FV-A4ZP-01,0.1580915776031,0.0382869638786615,0.0625961675022672,0.27431653356792,0.0873998610848256,0.0813385553725442,0,0.297970340990681,0,0.836230051249383,0.636926543300007
TCGA-DD-AAD3-01,0.564112239253043,0.067266361350008,0.117505465921743,0.0984783825702042,0.0533281503224644,0.0513713403639507,0.0163189957887903,0.0316190644297968,0,0.823454955410675,0.583382916539787
TCGA-DD-A39X-11,0.760604789241483,0.0424414041201566,0.00978374166723039,0,0.0579969435472775,0.0788012298771432,0.0503718915467089,0,0,0.899477027555952,0.4614340553068
TCGA-DD-AAW2-01,0.583799370026388,0.110978968136595,0.0951819081674007,0,0.149347615993213,0.0458802410153199,0.0148118966610836,0,0,0.78923677932147,0.624445353114607
TCGA-DD-A39V-01,0.307961636403986,0.101470865994171,0.258623379726807,0.130256179829232,0.0302655461991284,0,0.0234852489197219,0.147937142926954,0,0.832529483890416,0.60804169988986
TCGA-DD-AADD-01,0.409366435612636,0.0905549238752413,0.0909664630076639,0.0226608434859135,0.103137742703855,0.135529872990113,0.029225753022648,0.118557965301929,0,0.639183738916718,0.77369985665428
TCGA-DD-AADW-01,0.308512761312074,0.0548857271017992,0.0453305380504226,0.0653184268543561,0.181173261535815,0.150252868755042,0.0436043827237914,0.1509220336667,0,0.331370164603872,0.954857753844466
TCGA-DD-AACS-01,0.559501027036522,0.0209770122037614,0.116834491581547,0.0483092032698075,0.0964897735569117,0.0765707825107825,0.0376557899120822,0.0436619199285857,0,0.783877432648037,0.638580771566309
TCGA-2Y-A9H4-01,0.577439965449046,0.0348009512151133,0.0966280182432951,0.0569218954207411,0.0619778369523802,0.0692953041760664,0.05047410289462,0.0524619256487384,0,0.805353398435195,0.610048074392949
TCGA-DD-AADV-01,0.562238096501967,0.0829215608449618,0.0899865833614294,0.0464696021456309,0.0690616080796049,0.0766014311961637,0.0317774098483241,0.0409437080219185,0,0.83630144237774,0.56809037897558
TCGA-G3-A7M7-01,0.523910834833031,0.0498187861879061,0.108595141912028,0.0948306480173219,0.0716334740205547,0.0444449125975248,0.000714486218908192,0.106051716212725,0,0.804374356850039,0.613846757478627
TCGA-DD-A4NK-01,0.694434419677317,0,0.0585016615384634,0.034202005051267,0.10627666532858,0.0600484450428775,0.0465368033614953,0,0,0.833680075290191,0.56747946355519
TCGA-ED-A97K-01,0.208326717725389,0.0323004186256023,0.152230835119233,0.252693091179073,0.143778221798893,0.084779658739777,0.0414353455235698,0.0844557112884629,0,0.625260113168665,0.795710494173045
TCGA-T1-A6J8-01,0.419602761864592,0.0728922685798957,0.220639354399681,0.132181555534733,0.0570328700868893,0.0379199772409375,0,0.0597312122932711,0,0.85674280736903,0.569881538172624
TCGA-DD-AACV-01,0.638257515256129,0,0.094852067918259,0.00475928063503663,0.0565302361924323,0.162662456668866,0.0428977649404148,4.06783888622804e-05,0,0.774117550353074,0.643878238244509
TCGA-DD-A4NF-01,0.635726800788132,0.0740171442562255,0.114695354861055,0,0.104307000534547,0.0443078896668527,0.0269458098931876,0,0,0.500789584315395,0.914353997594931
TCGA-DD-A3A8-01,0.643749290190895,0,0.0715425004614659,0.0443773625871802,0.138872851841772,0.0672479309393067,0.02353013732431,0.0106799266550708,0,0.659324737001762,0.763721773448995
TCGA-G3-A25S-01,0.375652351780971,0.0626830528832948,0.080963210920494,0.131695794843135,0.131369667797688,0.0275622991591078,0.00228862388685183,0.187784998728458,0,0.831217014045624,0.60940075616936
TCGA-DD-A1EL-01,0.236345328158949,0.175376769327856,0.158597774318746,0.0755432490486996,0.096858022826833,0.0788010266601375,0.0030143898603995,0.175463439798379,0,0.813384433422007,0.611113093747126
TCGA-DD-AACH-01,0.303071129859472,0.0804426495494306,0.0384344380046274,0.150957737913012,0.123624239569582,0.139356362061123,0.0500938025027112,0.114019640540042,0,0.688522771144911,0.738501142003198
TCGA-DD-A119-11,0.725543173659018,0.0234558895082834,0.0853813582507422,0,0.0147850677552755,0.0774654501016515,0.0733690607250294,0,0,0.828257313666843,0.575812880621305
TCGA-WQ-A9G7-01,0.136849107213615,0.0608119632710108,0.0585846425702298,0.256412530635018,0.18768286655527,0.134702396749903,0,0.164956493004954,0,0.801266938999425,0.672518174498328
TCGA-DD-A4NO-01,0.527202379315585,0.0835286153862393,0.255970670670231,0.0432629002386037,0.0469932262172281,0,0,0.0430422081721129,0,0.86221535002931,0.542092885917604
TCGA-G3-A7M9-01,0.129728093176171,0.0486257958228652,0.0551392360170664,0.126304842708277,0.202264503699602,0.130720975398228,0.0388564073806602,0.26836014579713,0,0.634226829020018,0.808942699897892
TCGA-CC-5261-01,0.212487555161712,0.0646911721924988,0.142493262820838,0.0881310378001885,0.120051901325469,0.133191738553221,0.0906932996442462,0.148260032501827,0,0.603888915651348,0.81704464269282
TCGA-ZS-A9CG-01,0.610129187177269,0,0.0409965386098973,0.0500401676903361,0.160902940794257,0.0482851794045658,0.0708778283664458,0.0187681579572287,0,0.497965530036609,0.896955223365132
TCGA-CC-A123-01,0.304617781973743,0.0690498618379806,0.0587731977770528,0.116924713327029,0.221771236743051,0,0,0.228863208341143,0,0.767831232782285,0.682884218996838
TCGA-5R-AA1D-01,0.377464888287042,0.08696250642664,0.155000896472432,0.149684668577969,0.0807701932026341,0.0272129107404027,0.0413564343191725,0.0815475019737087,0,0.659338807123152,0.75518424916125
TCGA-BC-A69H-01,0.196901525192312,0.0616593848894752,0,0.207745385325739,0.172783973002839,0.0980970786328395,0,0.262812652956794,0,0.845320198099952,0.628001131309687
TCGA-DD-AAVZ-01,0.543095638673006,0.067680431686768,0.0601727979882836,0.0615003145444291,0.107479780594165,0.0403931875203952,0.0287990880161053,0.0908787609768483,0,0.718392006710649,0.703001357156017
TCGA-DD-AAD0-01,0.471991945785685,0.109578486436317,0.275428688762453,0,0.0381427703721718,0.0455113813352858,0,0.0593467273080867,0,0.650908413886883,0.763316460275982
TCGA-EP-A2KA-01,0.324665348459826,0.0411034987200707,0.0894723299225291,0.162551313661098,0.0879932058291588,0.0769923119896588,0.0682439052217177,0.148978086195942,0,0.618822067842313,0.791899653173711
TCGA-2Y-A9HA-01,0.487386497519265,0.117523481087185,0.065006560436372,0.0356138940544035,0.111278452295635,0.0753271690726932,0.0264757548876171,0.0813881906468297,0,0.873915737798473,0.52470126383433
TCGA-DD-AACD-01,0.429217870939692,0.0424438942106271,0.181645947612618,0.0866805795739799,0.082352342026133,0.0160237790557812,0.0445209563876095,0.117114630193559,0,0.658329574914959,0.759667604591591
TCGA-DD-AAE7-01,0.663135990944708,0.0619736804138482,0.070222179762716,0.0337489736517226,0.0559707226700449,0.0632232393196733,0.0414021240165138,0.0103230892207731,0,0.827992987861235,0.575103810729104
TCGA-EP-A3RK-11,0.786309667284131,0.0403548476030937,0.021156841800106,0.00403307474062458,0.0350615356724068,0.0736546725073922,0.0394293603922452,0,0,0.871124351581073,0.516057661827205
TCGA-BC-A8YO-01,0.373416847082832,0.13006936820085,0.107785438660899,0.0670094449239846,0.0615353653794274,0.0872698180352732,0.0962121923538514,0.0767015253628822,0,0.69739888513038,0.721907574751857
TCGA-DD-AAE2-01,0.691087430913846,0.0129961188772566,0.103022894048936,0.0419365251298137,0.0273291743466798,0.0458184859794582,0.0459398889650909,0.0318694817389189,0,0.811903256427081,0.597500256589553
TCGA-DD-AAEG-01,0.468148570353359,0.0766991877607964,0.146454040020908,0.078741883244202,0.0536747775060665,0.0293499726586866,0.0622577762989299,0.0846737921570523,0,0.806317466065873,0.616470114650456
TCGA-XR-A8TF-01,0.629389756861482,0.0664882985313632,0.107765768790071,0.0186596896816203,0.103608533115923,0.0105040712641151,0.0400433543831218,0.0235405273723026,0,0.752959310888635,0.668343750780112
TCGA-CC-A5UC-01,0.313301304888774,0.097768226889415,0.0432921792664453,0.0907826332779929,0.138588327339779,0.0661898554637061,0.0357604810337462,0.214316991840141,0,0.707744561552568,0.721566617276124
TCGA-KR-A7K0-01,0.482591625251387,0.110516213643964,0.1898500966556,0.0769534652130398,0.0801259644258485,0.0072848774639565,0,0.0526777573462053,0,0.754816495269096,0.663883911994294
TCGA-CC-5263-01,0.159118824390377,0.0351408350901529,0.0601337354094266,0.206562639919376,0.186338750372138,0.141318972008061,0.0238799099029626,0.187506332907505,0,0.57851989302192,0.829493126595398
TCGA-K7-A5RG-01,0.369497806201956,0.124818416385166,0.150365847228399,0.0831908231336732,0.0509752957302023,0.0898674315318211,0.0766666861372749,0.0546176936515066,0,0.871247519616588,0.549970076659118
TCGA-G3-AAV4-01,0.487348910813801,0.118232733461508,0.0709333385725785,0.00521759153059365,0.196785120678133,0.0629182548044668,0.00765326224460794,0.0509107878943112,0,0.706066574528219,0.714041406829742
TCGA-ED-A627-01,0.529517850971212,0.0613697367021072,0.134865069605856,0.0988453518019938,0.0467253477249539,0.0851566001708194,0.043520043023058,0,0,0.849156363090879,0.558240823005492
TCGA-2Y-A9GZ-01,0.726362635150606,0,0.104469860482702,0.00328933280433355,0.026583101733162,0.0971208170393179,0.0421742527898786,0,0,0.789612271148828,0.62770822491391
TCGA-DD-AACX-01,0.36081640928653,0.169472129630919,0.117886251317691,0.0813054977221315,0.0555282667443656,0.0677978506293801,0.0897577191522675,0.0574358755167159,0,0.691988242449426,0.724777685019866
TCGA-DD-AAVR-01,0.452173631972452,0.0737726323604143,0.151330965621325,0.125116383397251,0.0386961405590352,0.0348947537263902,0.0544433620703859,0.0695721302927458,0,0.832938959875774,0.585979988814
TCGA-G3-A25T-01,0.0779633040636843,0.000796030098243797,0.162904726002347,0.243942922057673,0.0779035369004369,0.191579920698467,0,0.244909560179149,0,0.483038301446972,0.882837877212507
TCGA-MR-A8JO-01,0.213819476156445,0.0429678405244742,0.186042844735787,0.210515151319962,0.112115197693888,0.0576879268930906,0.0289961069594788,0.147855455716875,0,0.614991226793918,0.80143288860532
TCGA-DD-AAEK-01,0.504567952641473,0.0865634986477787,0.0952425019816028,0.0511007764493401,0.0991808085639711,0.0737910591737388,0.0617896278425106,0.0277637746995848,0,0.735504155703482,0.685462247071827
TCGA-DD-A1EE-01,0.416880744505611,0.149978299279311,0.205005374496469,0.0132874094234289,0.106486434963794,0.0308028152226955,0,0.0775589221086911,0,0.623405918594209,0.786507014510506
TCGA-DD-AACL-01,0.178413977009397,0.0890424105872444,0.00357663525966413,0.274196617203425,0.100798099795508,0.116098894776027,0.0452415455993038,0.19263181976943,0,0.897673251369398,0.534607688794075
TCGA-KR-A7K8-01,0.402790069642483,0.088236217868193,0.10069168859258,0.137748267531236,0.0562986849663793,0.0972739736503938,0.0297119084590733,0.0872491892896613,0,0.787458847614766,0.637487403706023
TCGA-FV-A3I0-01,0.0116459144165627,0,0.128336958628596,0.323471765989345,0.195668883106805,0.0966349164199082,0.00575848018029254,0.23848308125849,0,0.423307455029379,0.906420714052214
TCGA-DD-A11B-11,0.72697872527023,0.0440304214153261,0.0688441268086805,0.019821662995373,0.0340692455153218,0.0657851835367312,0.0404706344583373,0,0,0.904792549429316,0.451104064960499
TCGA-DD-AADA-01,0.525135143982852,0.0950227248565276,0.0923617247623047,0.0421736039933753,0.121521417359442,0.0280150018915658,0.0313558016206726,0.06441458153326,0,0.721320341562706,0.699426131051964
TCGA-G3-A5SM-01,0.440245454033844,0.0705353367293237,0.137015864729631,0.125019307462454,0.0751798574379341,0.0228078371106475,0.0756388052750183,0.0535575372211466,0,0.887297956139606,0.528688241744912
TCGA-G3-A3CH-01,0.668182463997296,0.0154539067996019,0.102974531280543,0.0588944062274389,0.0278579675970426,0.0654013695416747,0.0473737929112244,0.0138615616451783,0,0.817162562458894,0.590053162112679
TCGA-G3-AAUZ-01,0.585872634382971,0.031992906091466,0.0780563013415766,0.0889851546969745,0.0447208918211658,0.0923170907414037,0.0487155781143959,0.0293394428100467,0,0.755064802143316,0.664804472457593
TCGA-DD-AAVV-01,0.371285036586806,0.0543236224464667,0.115323527417153,0.185061714209263,0.0785673595089501,0.0411627721434264,0.0226927790645059,0.131583188623429,0,0.798256907703331,0.637581920173919
TCGA-DD-A4NP-01,0.629227324883123,0.0418537352147823,0.10156602664939,0.00705831916584693,0.113976364449235,0.00897022016694018,0.0743596392259841,0.0229883702446986,0,0.742371679749342,0.678894876514899
TCGA-ED-A66Y-01,0.326514934786523,0.025448284670488,0,0.0494010350297161,0.256402088091799,0.175142390786757,0.0469291989036881,0.120162067731028,0,0.287944595374302,0.970619491755004
TCGA-LG-A6GG-01,0.585695385152914,0.0312031481589006,0.138643612233784,0.0332227759568421,0.133576039717176,0,0,0.0776590387803835,0,0.765109172938914,0.655317141720644
TCGA-DD-AAE4-01,0.623639522604824,0.000689313800497947,0.118236133387255,0.0708752595912604,0.0124882729945677,0.084596377965313,0.0557129074315583,0.0337622122247237,0,0.797195976855328,0.617176517072536
TCGA-HP-A5MZ-01,0.492927478998053,0.0995550242559167,0.124599970070128,0.0951852909560243,0.0410456624509061,0.0495773574310597,0.0323629024254591,0.0647463134124535,0,0.887138392111509,0.502129197532493
TCGA-G3-A5SI-01,0.559644931684822,0.011706687997467,0.104587400942981,0.0262640170111619,0.0871744101985577,0.0815647143792006,0.0136678306343997,0.11539000715141,0,0.737753746622565,0.686058669995952
TCGA-DD-A1EI-01,0.387781270423144,0.0985678385562622,0.124663862850393,0.0637537338101065,0.125120016849228,0.0794249276868053,0,0.120688349824061,0,0.665810727630564,0.751836938380296
TCGA-G3-AAV1-01,0.530095696546419,0.0981143635281931,0.136953541957874,0.044738389481005,0.087183546661758,0.0173685510437177,0.0363146712829777,0.0492312394980553,0,0.689733435069982,0.731000330670902
TCGA-DD-A113-01,0.439829365656059,0.103778201183121,0.138836829591057,0.0593477006487572,0.0745355484299348,0.0348650765303564,0.0343074508570297,0.114499827103685,0,0.741209412240544,0.681486230666203
TCGA-BC-A10Y-11,0.743681138390648,0.0220875478434094,0.0429198613865496,0.0404009317380061,0.0325065119046574,0.0561324678659425,0.0622715408707873,0,0,0.882013878383775,0.492316766775101
TCGA-DD-AACB-01,0.28622492542031,0.136011125000506,0.075620585966456,0.0889626420154363,0.0998678305160648,0.099268281632661,0.0549405720042583,0.159104037444308,0,0.813198581835399,0.620816177774829
TCGA-CC-A9FS-01,0.586504011747948,0.0812353713768445,0.0527945741928395,0.0228227937983761,0.0825389278075269,0.0778944602918407,0.054009488835065,0.0422003719495589,0,0.826573415228415,0.579275180225867
TCGA-BC-A5W4-01,0.5289092443845,0.0471061587156094,0.175903416381442,0.0164393629965163,0.136224617344416,0.00929467152296366,0,0.0861225286545527,0,0.659707642740742,0.756782093877415
TCGA-2Y-A9H5-01,0.465581972070104,0.0348911061149989,0.147426976834889,0.0706138136333427,0.123450537335733,0.0465067438610666,0.0368861104020755,0.0746427397477897,0,0.697426120833259,0.72763441195363
TCGA-BW-A5NO-01,0.539259851994656,0.0469154772230897,0.114777619073085,0.0579351054717891,0.0599211727943624,0.0635058331117343,0.0259921326725325,0.0916928076587514,0,0.829298354597118,0.586591151097905
TCGA-CC-A7IE-01,0.271186410821943,0.091930637370253,0.0752630256758991,0.13746531684721,0.121913193354287,0.0541574141218924,0.0411606066487783,0.206923395159736,0,0.562796637415449,0.827585655982806
TCGA-KR-A7K2-01,0.527185874534748,0.0520814046546742,0.0945798814295015,0.0789330848251572,0.0984986851157007,0.02574914232762,0.0346879431935878,0.0882839839190111,0,0.772537612153194,0.648425903033025
TCGA-DD-AADM-01,0.434191943260099,0.0368677093593435,0.246793578193078,0.111016191509545,0.0208417631420062,0.0181900322940604,0.0377566545792948,0.094342127662573,0,0.760410078002397,0.675399731386075
TCGA-CC-5258-01,0.306255528274564,0.1109839846349,0.100862808131093,0.108288308185556,0.101344663396229,0.0416266840791285,0.0418190035301884,0.188819019768342,0,0.704021430690023,0.720500120994066
TCGA-BW-A5NQ-01,0.258188555410387,0.171972277616287,0.0535993135601405,0.0778652975023275,0.108046461201895,0.134936341056143,0.0434231334906522,0.151968620162168,0,0.804121875844761,0.618904584081893
TCGA-2Y-A9GX-01,0.477864883776958,0.106421038917331,0.134207219618807,0.129084320950405,0.0388848216193847,0.0516801700968926,0.042383628207223,0.0194739168129991,0,0.793464874824504,0.61896770442576
TCGA-LG-A9QC-01,0.546638140150592,0.040176451054689,0.181240074363054,0.0342133858690154,0.0867583262427418,0.0543577095554891,0.00805127675658822,0.0485646360078301,0,0.473422642511223,0.905746946100481
TCGA-FV-A3I1-11,0.757074246539788,0.0186415073142656,0,0.010267729628521,0.0680753410125251,0.0812182760481894,0.0647228994567112,0,0,0.901355383096573,0.457447673551703
TCGA-DD-A11C-01,0.571933672591544,0.000349653831033005,0.125578697263796,0.0231252307705704,0.00560092262485209,0.0981643903588577,0.137234442382685,0.0380129901766631,0,0.783161716569773,0.639326711467583
TCGA-BC-A10Q-01,0.0105026482841542,0.00610448782731064,0.25845006706369,0.263738710218323,0.201177337517835,0.0568390811987231,0.0129927197369784,0.190194948152985,0,0.378277314309422,0.926525297538713
TCGA-4R-AA8I-01,0.589541687893819,0.0692896503456629,0.0899196300592178,0.0417813407236264,0.0658196736184259,0.0494268047429508,0.0377937075340595,0.0564275050822376,0,0.863195616024155,0.530461824133285
TCGA-FV-A4ZQ-01,0.233070631160993,0.173369545313496,0.026338416372273,0.0526367118560657,0.0600037366765949,0.129560275362961,0.155096300569532,0.169924382688085,0,0.708550306104862,0.712737402528936
TCGA-BC-4073-01,0.214883767299726,0.0172967975918411,0.0790757031649501,0.198237193535341,0.168081072924295,0.054828298971352,0.100708636623408,0.166888529889088,0,0.638162368330086,0.797512669044081
TCGA-DD-AADQ-01,0.433901498960314,0.0487888414958329,0.164216252702349,0.0950736315348282,0.0809935315228968,0,0.0413735458050232,0.135652697978756,0,0.648985133414364,0.765677854378192
TCGA-DD-A1EA-01,0.492979495480901,0.0614004919948526,0.160231193074475,0.0222853793653276,0.115521878313052,0,0.120855387552489,0.0267261742189028,0,0.570593042330466,0.826410131909127
TCGA-WQ-AB4B-01,0.530334648432852,0.0429793269085376,0.112179215555851,0.112907642752841,0.0807999362245095,0.0213347021023095,0,0.0994645280230996,0,0.812565344414723,0.603525457295373
TCGA-RC-A7SH-01,0.24579794510477,0.0583774189535458,0.219632023887648,0.105792741247571,0.170692992762999,0.0448879565312861,0,0.15481892151218,0,0.352122186388007,0.940979766367656
TCGA-BC-A10T-01,0.591292593906614,0,0.160081024128864,0.0243099284899542,0.0672966381555768,0.0571491031373041,0.0747753624642798,0.0250953497174067,0,0.76890081493579,0.652324062061662
TCGA-DD-A11A-11,0.647345985042572,0.0235609556788486,0.0493505215673028,0.0440051470910947,0.0856858051933305,0.0474655650941421,0.0612716369728179,0.0413143833598918,0,0.810666251840326,0.599061258498776
TCGA-DD-A39W-01,0.428659558901563,0.135342361930594,0.184209302746531,0.00218339689312985,0.151522655121972,0,0.0219310602916258,0.0761516641145837,0,0.499921094709126,0.881587866894611
TCGA-RC-A6M5-01,0.423298782104218,0.072018080315661,0.167874715297519,0.0932847057689808,0.162010588912996,0,0,0.0815131276006252,0,0.63014298384192,0.779801662147347
TCGA-UB-A7MD-01,0.444325744564483,0.103055841392581,0.113747808158926,0.126203447255457,0.0584057274655251,0.0658179509628869,0.0333725991086988,0.0550708810914417,0,0.878904240969161,0.519755437908668
TCGA-2Y-A9H6-01,0.557207966800295,0.039824258280436,0.102586799921754,0.0987165891244814,0.0829041491903398,0.0336661617489105,0.0318251394775889,0.0532689354561941,0,0.795286965855671,0.621238133675509
TCGA-5C-A9VG-01,0.286326337381606,0.0576279333325026,0.145904000060528,0.0609080165206528,0.148517587667563,0.0162092527814023,0.016953207058079,0.267553665197667,0,0.52724754512388,0.851725941382527
TCGA-CC-5264-01,0.314731289318387,0.0284490195552316,0.213415458639636,0.0432855689446848,0.152412450602289,0.0699856154982738,0.0252816322996393,0.152438965141857,0,0.65363923886425,0.787433172782272
TCGA-DD-A4NS-01,0.490092935984841,0.0556182017980332,0.0975575306077443,0.116434566002442,0.0857202200266157,0.0833471875797474,0.0682548332446741,0.00297452475590219,0,0.746284485909957,0.676383925669822
TCGA-QA-A7B7-01,0.459176137578156,0.0234786017090187,0.0737172323718946,0.00353719537075078,0.113104386353158,0.115714678451944,0.030679888178456,0.180591879986623,0,0.620598031124226,0.789135589139133
TCGA-DD-AAEB-01,0.669686449042686,0.0793200370869031,0.0562212471995444,0.0166138655726432,0.126622775007938,0.0515356260902848,0,0,0,0.789142588201647,0.628334668606379
TCGA-DD-A3A6-01,0.00727936900367343,0.119371527094503,0.0978086642363009,0.375444194915334,0.174043928386753,0.110352936306185,0,0.115699380057251,0,0.431403859726559,0.93047142733527
TCGA-UB-A7MF-01,0.380883433802623,0.0533460432720423,0.133016403027779,0.0625813329252278,0.124403569274983,0.0498427727842878,0.0408147056278118,0.155111739285246,0,0.724389223584388,0.715960563731456
TCGA-DD-AACW-01,0.514209181119876,0.055939256527291,0.0594221010344533,0.0471019262227112,0.13110967357585,0.0548474298240057,0.0488689737503337,0.0885014579454797,0,0.727110802331133,0.695723253034727
TCGA-G3-A7M6-01,0.192462401007782,0.0559583341903997,0.201459063841226,0.158960142604295,0.088224226317427,0.157601970299517,0,0.145333861739353,0,0.747852160111725,0.731642884698436
TCGA-GJ-A6C0-01,0.399046330971784,0.144296667545748,0.0439699226026182,0.0989181976428144,0.0877453318463028,0.0934537753704362,0.0434818253036757,0.0890879487166209,0,0.844366504905463,0.559547590911694
TCGA-DD-A3A3-01,0.389331654610204,0.0639243688762806,0.179412445943655,0.113241520757736,0.0980447451936755,0,0,0.156045264618449,0,0.792526008298404,0.646552126192718
TCGA-DD-A116-11,0.793646865504297,0.0363941959734129,0.0667827071441184,0.00800894461435423,0.00913111573080858,0.0431476218526262,0.0428885491803825,0,0,0.896895913873278,0.469066228410853
TCGA-WX-AA44-01,0.325263969002322,0.109183877046652,0.109316022137302,0.102013165999154,0.109603565966983,0.104462055448172,0.0325196994745546,0.10763764492486,0,0.861445597566972,0.580177310865244
TCGA-MR-A520-01,0.693404146641113,0.0789038202928671,0.0435968370380838,0.00955037426680575,0.0666462857807306,0.0591464366427605,0.0278855901437618,0.0208665091938775,0,0.8270095777296,0.578830137199537
TCGA-EP-A12J-11,0.72564944048833,0.0131691086576155,0.0616286926952495,0.0247160267158049,0.030794728508015,0.0822551899611901,0.0617868129737954,0,0,0.88371292110846,0.489577498195342
TCGA-DD-AADK-01,0.507678805983939,0.0131673109335658,0.0896520314889004,0.124522257292244,0.0486166314669706,0.0625860275431987,0.0452812062342779,0.108495729056904,0,0.757846725603715,0.667921239886482
TCGA-DD-A73D-01,0.597692065378704,0.107304052539978,0.144682396524861,0,0.129145555109148,0,0,0.0211759304473097,0,0.70522179291996,0.72068238847479
TCGA-BW-A5NP-01,0.289484907693514,0.0713655727027667,0.150883495269028,0.118319915381517,0.146774807589644,0.00615606745893405,0.0529325235432882,0.164082710361308,0,0.714998850174654,0.727531880521639
TCGA-DD-A4NN-01,0.297890878096025,0.0571838235459737,0.08593772801765,0.0716567133199738,0.17365389747483,0.129724331347904,0.0135897313760616,0.170362896821582,0,0.397911330850939,0.921191671743878
TCGA-ZP-A9CZ-01,0.432814812693569,0.0851701296250421,0.105761313628905,0.0793272809325461,0.0570867552427514,0.0785736749741438,0.0486421471164615,0.112623885786581,0,0.781865953389868,0.645275921517932
TCGA-CC-A8HS-01,0.25841331343738,0.0940795052563384,0.0576760192763748,0.0444703072733452,0.161963347752106,0.130618261581524,0.0731636755374788,0.179615569885452,0,0.369832990013721,0.936298789953635
TCGA-G3-A6UC-01,0.675356211398415,0,0.0781752520136425,0.008946386774898,0.154595836495862,0.0306994608767391,0.0522268524404434,0,0,0.800200901869613,0.611782121259366
TCGA-CC-A7IH-01,0.593424388384904,0.0649303648193642,0.132456603390587,0,0.106317983717189,0.0576582237840659,0,0.0452124359038904,0,0.694515887135763,0.727856847924229
TCGA-BC-A69I-01,0.657511491130907,0.0358903529493408,0.0893684742774169,0.071422649795303,0.0579703900811713,0.039440347280272,0.0288162642986703,0.0195800301869189,0,0.822858829608639,0.582318011422837
TCGA-K7-A6G5-01,0.618812675279061,0.031346865782359,0.0856826069576661,0.116033797615406,0.0460237698576307,0.0303803149729705,0.0122152788921585,0.0595046906427485,0,0.860139078857399,0.531836752342751
TCGA-BC-A10U-01,0.45208393745956,0.0972488226400095,0.100785793854292,0.0850651614111684,0.109876693547436,0.0506855407270635,0.0208926314831554,0.0833614188773159,0,0.779885348325986,0.641480674840894
TCGA-DD-A4NG-01,0.456462842132881,0.0398407881075511,0.239749159457299,0.0951120647664205,0.0791854221779638,0.0560871468951081,0,0.0335625764627768,0,0.597906337995036,0.804432663713612
TCGA-BD-A2L6-11,0.555203739437077,0.0933764522715146,0.145046395763971,0.0924642579818502,0.0204268355385083,0.0544226088759985,0.0390597101310807,0,0,0.874874413593888,0.509465962370786
TCGA-UB-A7MC-01,0.457067231437002,0.133806959738269,0.143733868650157,0.0266088505642178,0.0931658861505482,0.0568228339843845,0.0403678981348788,0.0484264713405419,0,0.621494059914021,0.790069302715736
TCGA-UB-AA0U-01,0.490086155104343,0.047395572411886,0.0946137177584556,0.0766100893063194,0.0441825059485764,0.0957133611229368,0.0733864727047369,0.0780121256427463,0,0.75813046651289,0.668120706833895
TCGA-DD-A4NB-01,0.471261963821223,0.0584023428112177,0.151596307180265,0.140082749697712,0.0886069802388962,0.0317879388098972,0.00176259539005714,0.0564991220507323,0,0.745745848685554,0.676951101644182
TCGA-ED-A8O6-01,0.337137446566048,0.0805992010638533,0.0447731636340788,0.0994126850827376,0.222256082238025,0.0346592220034501,0.0148395837785014,0.166322615633306,0,0.488404956567131,0.876895132379932
TCGA-DD-AACQ-01,0.494203810417556,0.106608042704752,0.191721813213461,0.0140299297848111,0.094439668944913,0.0238625499232809,0,0.0751341850112263,0,0.734011931139818,0.687203266010272
TCGA-G3-AAV6-01,0.232073818616876,0.0622381309217258,0.0469807327777558,0.147600663332561,0.189439058547254,0.0484153105780704,0.021952912350785,0.251299372874972,0,0.550686036840999,0.836981377727516
TCGA-DD-A3A4-01,0.521909554961697,0.079753536627067,0.116125065610988,0.0468168184716363,0.153585266055675,0,0,0.0818097582729363,0,0.622896967520406,0.790752764991437
TCGA-DD-A1EK-01,0.541613918963354,0.090085390247689,0.0642422284097022,0.0810794369826967,0.0555179492785432,0.0634621438938062,0.035270964018603,0.0687279682056054,0,0.835645193685571,0.56724610068739
TCGA-DD-A114-11,0.677819948092615,0.0398172137818031,0.114127644276846,0.0428506508004475,0.0235274591725371,0.0602718832138013,0.0415852006619499,0,0,0.873051005276523,0.508343274211965
TCGA-FV-A3R2-01,0.527370728174935,0.0691812217650065,0.0888175465186217,0.0552979325672701,0.117299044111811,0.0417631656956844,0.0250002323631294,0.0752701288035416,0,0.830231971646313,0.583393415729255
TCGA-DD-A39Z-11,0.773799318813316,0.0197002954640553,0.0543460722635676,0.0208949328078926,0.0335707025542959,0.0735525186486651,0.0241361594482079,0,0,0.91366859044816,0.433777768619988
TCGA-BC-A10Z-01,0.611698858391377,0.00632971849673383,0.0769111154403691,0,0.108704873994764,0.115767272486691,0.0143754045697241,0.0662127566203408,0,0.720646127556824,0.701326092492109
TCGA-WJ-A86L-01,0.446095237803823,0.10107148852259,0.122544753741501,0.0454973945693445,0.121149635732653,0.0387155266565189,0.0243570157376076,0.100568947235962,0,0.800823549900527,0.623823123156941
TCGA-G3-A25Y-01,0.303178128657442,0.0117199688322718,0.0920117784371508,0.144502242599636,0.143066710517014,0.112987867960679,0.0551802387335833,0.137353064262222,0,0.435924765116452,0.900624332693082
TCGA-ED-A82E-01,0.0185773510215689,0.0126935329665508,0.194525882038564,0.245950589535144,0.226830795938098,0.0188943541416991,0.135658757211809,0.146868737146567,0,0.370217448695195,0.929868976755238
TCGA-DD-AACU-01,0.453127317924251,0.0593851688631733,0.137272397325618,0.14669646164144,0.0610787585861279,0.0560156640438828,0.0216831210744804,0.0647411105410273,0,0.87243829817653,0.54358403582103
TCGA-DD-A4NJ-01,0.416153638722636,0.0457102678559113,0.113660901738105,0.0958165453553543,0.0489150831986688,0.070542383249872,0.098169472055894,0.111031707823558,0,0.792553205841758,0.649633970810213
TCGA-2Y-A9H1-01,0.475898736108703,0.060847864555996,0.109791087838961,0.112950314594779,0.0737054510445273,0.0278454132183114,0.0423323990356746,0.0966287336030471,0,0.824059050581764,0.596122241571705
TCGA-BC-A10X-11,0.762784875613281,0,0,1.46150876262563e-05,0.0678863274276304,0.0809195127947289,0.088394669076733,0,0,0.902482186880221,0.454966495809831
TCGA-FV-A496-01,0.566728405154102,0.097352106894695,0.0581239249977156,0.0353302376907612,0.107026934828679,0.0240342824141765,0.0351236689082859,0.0762804391115846,0,0.798281024264677,0.613987176438089
TCGA-DD-A4ND-01,0.414899902028786,0.0714671156176074,0.107454379053187,0.0871971861552778,0.0761406367813836,0.0860411246486302,0.054507993286936,0.102291662428192,0,0.613815495870404,0.792369172143235
TCGA-DD-A11D-11,0.775320304949186,0.023060180470651,0.0846473802702653,0.0223195269232795,0.0228077169350399,0.0364636370238977,0.0353812534276803,0,0,0.916269200132798,0.428195937934057
TCGA-DD-A1EF-01,0.325838794390376,0.113817007640266,0.0884409394464441,0.0564760245933743,0.20998902507621,0.0268049324376374,0.0751088744808898,0.103524401934801,0,0.530976777366113,0.849151514695322
TCGA-DD-A118-11,0.755549280697261,0.0622089147947765,0,0.000483051964450801,0.0591367974103068,0.0662557891592038,0.056366165974001,0,0,0.923707753287625,0.412321136407729
TCGA-DD-AAEH-01,0.644953283730536,0.0388313361146537,0.123405923413858,0.0549947077552605,0.0136794331033512,0.0722953758812907,0.045541291974998,0.00629864802605114,0,0.853749238597731,0.539890850809461
TCGA-2Y-A9H2-01,0.138065480965351,0.0181239855503976,0.156175162383139,0.162283322630766,0.124724469423338,0.113296362216861,0.170545825375634,0.116785391454513,0,0.601488245560986,0.838279764173037
TCGA-2Y-A9GW-01,0.423784262339113,0.0553771963323307,0.111377795253895,0.183853861212353,0.0542256991596358,0.0481226976508595,0.0323058943985786,0.0909525936532338,0,0.843733117259713,0.578427759275639
TCGA-ZS-A9CE-01,0.652979109176491,0.050814286364127,0.118585845797625,0,0.0881352841954142,0.0264326300852018,0.00977903733119286,0.0532738070499487,0,0.768677710742468,0.651085666673084
TCGA-DD-A4NQ-01,0.318578371703801,0.134945217344007,0.0883575859311264,0.141372355118811,0.124413044669272,0.0398840800407535,0.010667026115829,0.1417823190764,0,0.844301472580278,0.57019520877808
TCGA-5C-AAPD-01,0.240102449253865,0.0227923022222982,0.0867379144007892,0.210341470311078,0.0821253781468594,0.119906444223593,0.0795654290600842,0.158428612381433,0,0.551510703761481,0.838861967583075
TCGA-DD-AAVW-01,0.492431648740541,0.0746147106412011,0.154637796733846,0.0995626211807539,0.0568068712753412,0.0214367504503883,0.0391252126930758,0.0613843882848535,0,0.768515671051366,0.651727052244973
TCGA-EP-A2KC-01,0.489250653558515,0.0781685772750025,0.093547663076464,0.075435375982815,0.0933324997658359,0.0615935990349451,0.037460651186669,0.071210980119753,0,0.741655922400635,0.680176723210634
TCGA-MI-A75E-01,0.543193025269697,0.0609995237923707,0.145022526406677,0.0907802945241185,0.0413405743382094,0.0442569259269946,0.039452763088084,0.0349543666538489,0,0.891992932535347,0.498097085977638
TCGA-DD-A116-01,0.54039953639968,0.0529621344924416,0.0764254423935102,0.0888019869241024,0.0889293290468496,0.0476595529653047,0.028395426270333,0.0764265915077789,0,0.753451723254821,0.667115931632958
TCGA-GJ-A9DB-01,0.555904084779788,0.046998016371711,0.0679595608468565,0.0912919810351278,0.06718465442171,0.0759335668157874,0.0569641262065557,0.0377640095224641,0,0.861872311262207,0.539878753543648
TCGA-CC-A7IL-01,0.544942881301167,0.037123878266272,0.173096810472865,0.0432587010355489,0.0548525685478079,0.0560445356501587,0,0.0906806247261809,0,0.730310789780924,0.692392721612212
TCGA-DD-AACC-01,0.405792481031384,0.0948036536349657,0.116448450903478,0.11144772214909,0.0669730319597734,0.06996316890058,0.0405700346510765,0.094001456769653,0,0.724965659919315,0.697763375125858
TCGA-FV-A3R3-01,0.419591379379933,0.104311585898706,0.106591499512075,0.0960926355530455,0.133401598119233,0.0519431820778632,0.013018222364203,0.0750498970949409,0,0.730797963350834,0.691233211448533
TCGA-HP-A5N0-01,0.620082259269308,0.00417191988743154,0.111539437457893,0.0243571556510908,0.080161061950114,0.0546280841798827,0.0688834217107014,0.0361766598935786,0,0.721664036651794,0.699936749451134
TCGA-K7-A5RF-01,0.724573419392804,0.0510294468455339,0.0876563161079225,0.0300531145001879,0.0133582511046724,0.0650050414310834,0.0283244106177961,0,0,0.897929030713714,0.463709957801473
TCGA-ED-A7PZ-01,0.31143645309875,0.0892228207602675,0.105104816885894,0.095207889790182,0.118236689691025,0.0658956495850625,0,0.214895680188818,0,0.75575586383757,0.686259107176493
TCGA-YA-A8S7-01,0.0666665089267765,0.155215385710552,0.0458190413533934,0.356380263996519,0.0837714289902589,0.117271830692342,0.037728961581266,0.137146578748892,0,0.769841645234976,0.638718219243777
TCGA-DD-A39X-01,0.31919882150208,0.0956652141472903,0.206248271388989,0.147914062824287,0.0704843953269573,0.00755194528108953,0.0502820117207496,0.102655277808557,0,0.849664637248962,0.589315361203397
TCGA-DD-AACF-01,0.537254012071839,0.0173144510535759,0.121602079832126,0.079891669307397,0.0476369960079712,0.0413430720751737,0.0419867038942705,0.112971015757647,0,0.766063149908824,0.657811498139833
TCGA-DD-A1EC-01,0.144211166036216,0.0121505330650075,0.290305220487287,0.186060202504841,0.183631105937772,0,0.0657584801114467,0.11788329185743,0,0.532921015448504,0.865361565390083
TCGA-DD-AAE0-01,0.0877287638934296,0.0649129942572456,0,0.22475826852065,0.198082032796259,0.188251195604928,0.00641369031754007,0.229853054609948,0,0.350726542854336,0.943471939660145
TCGA-G3-AAV0-01,0.608623964129249,0.0128153640685676,0.118632991064646,0.0453686440778023,0.0961694121651084,0.00681538472751695,0.0110425634888228,0.100531676278287,0,0.75565298098498,0.665056879729749
TCGA-XR-A8TD-01,0.36416051588931,0.112563815169453,0.139817758028247,0.154761116860063,0.0369515921290549,0.0987558558483289,0.0220044619882435,0.0709848840873002,0,0.880152019702553,0.529164105017329
TCGA-DD-A1EE-11,0.678708283517668,0.0366141117402413,0.0448273882634466,0.0131149534172127,0.0216222980821371,0.110599718125969,0.094513246853325,0,0,0.874532938014243,0.50671437170308
TCGA-CC-A5UE-01,0.329996420100374,0.0649521805946021,0.0646677209808858,0.179334333164131,0.0930423201673145,0.111053396788459,0.0351757811115298,0.121777847092704,0,0.873937907886865,0.573594251115661
TCGA-DD-AACJ-01,0.493168387918075,0.0602802883613378,0.119388482510577,0.0880879005340792,0.0880886180600563,0.00619907024643893,0.0373906292496751,0.10739662311976,0,0.825507239627944,0.593734476795867
TCGA-G3-AAV5-01,0.341921409632638,0.101269404979768,0.226764660052049,0.101354881283064,0.110365229200505,0,0,0.118324414851975,0,0.811288211362025,0.628548769118825
TCGA-DD-A1EB-11,0.742913341145601,0.0255239043919019,0.0257038241989829,0.00896569959655548,0.0702469391470582,0.066628048360718,0.0600182431591827,0,0,0.901005448607267,0.458218720279756
TCGA-BC-A10W-11,0.734812410918657,0.0566816342562571,0.0605083728716255,0.0399207042206233,0.0427442566326614,0.0342963981538232,0.0310362229463522,0,0,0.920646221635629,0.418633634919075
TCGA-DD-AAVS-01,0.468389507662587,0.058909960547905,0.0712768405723473,0.103041005911985,0.11825317474987,0.0582109775550771,0.0519305883268403,0.0699879446733884,0,0.696221921637675,0.724357147814885
TCGA-DD-A11B-01,0.676142223305926,0.0323524077896569,0.140713984650753,0,0.0647621068234219,0.0467162274900565,0.0233835018619634,0.0159295480782227,0,0.753425474719853,0.669266692103741
TCGA-MI-A75C-01,0.424045486726009,0.0610073567773707,0.117891613773521,0.11321075765612,0.0823863939064504,0.0584736808335792,0.0486662297031518,0.0943184806237986,0,0.82482989594444,0.609375360906133
TCGA-ED-A8O5-01,0.480334064994192,0.0233694458085659,0.166324969386544,0.00770053977420296,0.162928888947256,0.0535976039889589,7.14933081748321e-05,0.105672993792106,0,0.648704493352063,0.76765371567872
TCGA-BC-4072-01,0.252303603963592,0.00615918902979676,0.240945438306184,0.131531973232829,0.0979554498683823,0.0887111700037057,0.071056788138795,0.111336387456715,0,0.558522071409038,0.845780136888533
TCGA-DD-AAW3-01,0.537177074737193,0.064546324313781,0.134824669634219,0.0243522758202924,0.171751502897987,0.00802339766516631,0,0.0593247549313611,0,0.700292188335272,0.720334960769156
TCGA-G3-A5SK-01,0.687612984090376,0.0241982277702967,0.124160723321262,0.0090245294681396,0.0611278624432127,2.14790390329139e-05,0.0609397839036055,0.0329144099640737,0,0.863178970478207,0.524492664319031
TCGA-BC-A110-01,0.646723902897365,0,0.0961153649370968,0.131622975098694,0.0210723652199596,0.0775478397838876,0.0269175520629968,0,0,0.894204559253772,0.479748221260949
TCGA-DD-A3A7-01,0.29253826116622,0.0759397153334021,0.192251440004471,0.112606189176908,0.135033293594988,0,0,0.19163110072401,0,0.796587742979995,0.663421091065169
TCGA-BC-A10R-11,0.697306577291829,0.00293729009751836,0.00656204003682338,0.0138111096883229,0.0680497618978176,0.067951146327736,0.143382074659953,0,0,0.887274197413067,0.485912291610493
TCGA-DD-A1EI-11,0.732409691336907,0.00301029839411088,0.0359951922956422,0.00802830430555612,0.041026458725537,0.109979607378112,0.0695504475641347,0,0,0.899679880029724,0.461924207469499
TCGA-DD-AACN-01,0.408423483298941,0.0187044611852052,0.13279025302668,0.090333597896949,0.223990018306143,0.0307896179282847,0.033758299839355,0.0612102685184426,0,0.387964520075605,0.933097208399297
TCGA-DD-AAD5-01,0.0849800128150895,0.0837944505875682,0.0832356060313761,0.32006470429632,0.120500216363025,0.0928861861539001,0,0.214538823752721,0,0.814924997683922,0.624884200969064
TCGA-CC-A3MC-01,0.422334004509382,0.0832902323499766,0.0603283710556213,0.144030028529036,0.0550342142522898,0.0941709890063845,0.051253045401926,0.0895591148953838,0,0.84461859745564,0.572422002051673
TCGA-DD-A113-11,0.730694596287238,0.0401859749765666,0.0348988182205139,0.0368629637508809,0.0620770669003481,0.0838761384601651,0.0114044414042876,0,0,0.911365351383681,0.4387250559753
TCGA-DD-A1EJ-11,0.732350475870866,0.0250728914909894,0.0680445247070819,0.0249957407043669,0.0393769782989869,0.0600867685198425,0.0500726204078665,0,0,0.910031829801949,0.441503982471143
TCGA-DD-A73A-01,0.597167223191718,0.0603635588608953,0.0754722316597811,0.0579648906929457,0.0724315496455352,0.0563341434732106,0.0370610874054512,0.0432053150704628,0,0.850177215008456,0.547844229261745
TCGA-DD-AADI-01,0.276677908592862,0,0.220457847953602,0.147927013016195,0.0829749539632918,0.0525612201467722,0.0884393056358486,0.130961750691429,0,0.470632510559135,0.883813639690412
TCGA-CC-A7IG-01,0.147075671688863,0.0607206057304786,0.0548944199338534,0.232922519548376,0.109958094269269,0.158755575876773,0,0.235673112952387,0,0.699253907517331,0.742721328221705
TCGA-G3-AAV3-01,0.430282070883428,0.155310643630896,0.0979784568108876,0.0424999886622852,0.0566385950092385,0.0851500228335857,0.0629233377360007,0.0692168844336787,0,0.785293989431519,0.6291979040631
TCGA-MI-A75H-01,0.464557908402908,0.069403096985443,0.16667015364976,0.0696506938855536,0.0828587707539703,0.0229333789000404,0.0649810377018346,0.0589449597204899,0,0.827362881840886,0.599782986766398
TCGA-DD-A73E-01,0.448550179539344,0.116568417466547,0.143696952054696,0,0.213334686397834,0,0,0.0778497645415787,0,0.599609125628039,0.804777516519554
TCGA-2Y-A9H7-01,0.524244936365425,0.0536874837293548,0.0487564302219558,0.0422219184384055,0.155603728739482,0.0171831231419519,0.0243499870316199,0.133952392331805,0,0.747981963846142,0.675098875710352
TCGA-CC-A8HV-01,0.197140560606473,0.0717835819630191,0.115204162626437,0.18899043334543,0.172605692704111,0.0703280173797009,0.0112179462919251,0.172729605082904,0,0.484973715283872,0.874679011840262
TCGA-DD-AADJ-01,0.512423143194721,0.04828326640866,0.0534201225216538,0.117427111193195,0.107074610017836,0.083553699602585,0.00771688982269748,0.0701011572386521,0,0.774072499117478,0.647233549160048
TCGA-DD-AAD6-01,0.482130928469506,0.092280323349294,0.173208510368484,0.043287386862447,0.0509909560394591,0.0654587406206527,0,0.0926431542901571,0,0.700282014661013,0.719933659405798
TCGA-BC-A10S-01,0.529220135447045,0.0608747327817562,0.0664140556352182,0.126082050066929,0.0984347931328444,0.053373558229198,0.025800470914799,0.0398002037922107,0,0.873704102386956,0.52245408436472
TCGA-DD-A11C-11,0.736504318968362,0.0156137037681814,0.0224366479249174,0,0.0208185630812665,0.113082667103965,0.0915440991533076,0,0,0.914495781380614,0.433249634037014
TCGA-BC-A10Q-11,0.783966556101952,0,0.00892003177615829,0.00989100826647578,0.0584904307531611,0.0830793393672185,0.0556526337350341,0,0,0.910710164165123,0.439358919972323
TCGA-LG-A9QD-01,0.675409840107779,0.0168772497757615,0.074379433495439,0.056081124127166,0.0456456349639642,0.0669527630498843,0.0284178641762572,0.0362360903037489,0,0.840325860149665,0.558672120872576
TCGA-DD-A3A1-01,0.479089949000055,0.0766270578345135,0.100980816994011,0.0964903791841001,0.0551046191619516,0.0386205061961055,0.0437671339504839,0.10931953767878,0,0.814367312564496,0.603140530087603
TCGA-DD-AACZ-01,0.186482647626325,0.18635989836621,0.12937167545979,0.156327157413892,0.0817006647535736,0.0416828358557102,0.0556071347055948,0.162467985818905,0,0.863357872899967,0.534744312739188
TCGA-CC-A7IK-01,0.38877504974761,0.130175724138382,0.0764796605757962,0.0635934942657031,0.118341806814702,0.0817516477403946,0.0181929124648327,0.122689704252579,0,0.766344963263557,0.656722652082035
TCGA-DD-AADO-01,0.35570146530358,0.058729753535878,0.131827868532623,0.136887970384837,0.0930586461494357,0.0144919020930146,0.00584103268679377,0.203461361313837,0,0.783298379920194,0.65874471856446
TCGA-CC-A7II-01,0.00874909174116695,0.0369837475232967,0.137371881665724,0.153225820621033,0.155348379841493,0.0648776080655093,0.00993127658450513,0.433512193957272,0,0.218503216249432,0.992835841311748
TCGA-RC-A6M3-01,0.127201505002497,0.0564324307696159,0.199338517418333,0.176837236408846,0.168513207090555,0,0,0.271677103310153,0,0.630950479849523,0.798040338939786
TCGA-DD-A39W-11,0.772823539759032,0.0218068195320708,0.0142070894135064,0,0.056833010210145,0.0806827095322973,0.0536468315529489,0,0,0.90798367032869,0.444878394945335
TCGA-DD-AAW1-01,0.616446569248429,0.0747403266355258,0.101115470725052,0,0.0908725554862839,0.0622661316995854,0.0505912871117317,0.00396765909339175,0,0.676696683816834,0.748516125216443
TCGA-NI-A8LF-01,0.592181364507516,0.0600474667305457,0.0933942519066462,0.0455678202766012,0.0892476500159691,0.0475552204210237,0.0581109449161755,0.0138952812255227,0,0.748908871554079,0.671162654668574
TCGA-FV-A23B-01,0.46808255783214,0.0713790241629264,0.125079042942686,0.0567150954784583,0.102165916258311,0.0486263245238419,0.0311574037131232,0.0967946350885126,0,0.724786530325107,0.699507376004236
TCGA-DD-AADC-01,0.267931200886988,0.158685107047681,0.25099723302788,0.0421562857273757,0.0544390549374448,0.0285691643912758,0.0138411398312139,0.183380814150141,0,0.874219626748107,0.560210104738719
TCGA-G3-A3CJ-01,0.566738703242998,0.0571680945443157,0.200206055053796,0.0410590508014458,0.107454640653415,0,0,0.0273734557040302,0,0.66848964617443,0.75086099863079
TCGA-ZP-A9D1-01,0.517472252018028,0.0521398767899959,0.17907856043337,0.0860423997143852,0.0748476730087974,0.00779431438207743,0,0.0826249236533457,0,0.780590192817051,0.640922551333977
TCGA-DD-A73C-01,0.615410100065651,0.0200779887947745,0.120281199488418,0,0.128820568696241,0,0.0353851247671934,0.0800250181877225,0,0.686760531161244,0.735147270626224
TCGA-CC-A9FU-01,0.258757499037733,0.0915003971124534,0.0818881097283998,0.0585111058959544,0.159890002955281,0.106207625096038,0.0322092117258796,0.211036048448261,0,0.709284232791482,0.737852089923233
TCGA-G3-A25X-01,0.14068557503858,0.00994843222141719,0.166665996875416,0.265436552215949,0.0379713065075098,0.0806992528258466,0.0242887870428534,0.274304097272428,0,0.658884648396786,0.782836145376196
TCGA-DD-AACP-01,0.249019383288742,0.0595090339178347,0.0607868563684518,0.146387889091775,0.165996124200799,0.0735828123794889,0.00343751087415425,0.241280389878755,0,0.785627189127061,0.682333900219219
TCGA-UB-A7MB-01,0.591991993001623,0.0211115786149393,0.0304900076970675,0.017860253003887,0.0902265324762589,0.109407522485784,0.022549098592832,0.116363014127608,0,0.808870875405107,0.607333207048817
TCGA-DD-AADG-01,0.650546368315646,0.0165628723683494,0.10141310235263,0.0205110135427589,0.126667556115852,0.0603813926414905,0.0115128912982941,0.0124048033649784,0,0.71882764114965,0.704936338746689
TCGA-RC-A6M6-01,0.185915317660858,0.121753747929516,0.0780520343558886,0.160255209786656,0.128882843172448,0.100376456185475,0.00387210364055953,0.2208922872686,0,0.765320609088998,0.672244034802462
TCGA-DD-A4NH-01,0.239108348896252,0.080479218588054,0,0.154864321067829,0.212952196317812,0.0960808483400211,0.0400662170795089,0.176448849710523,0,0.69878070187988,0.737958547257385
TCGA-EP-A12J-01,0.578555812188862,0.01699431721776,0.018685662316299,0.00523470432601886,0.128825406831148,0.11548545847408,0.136218638645832,0,0,0.594166817202163,0.812853444740233
TCGA-CC-5262-01,0.360289366515148,0.0774357809089681,0.0793081066559295,0.195719518348778,0.117710276519857,0.0756956435462307,0.00430773529622376,0.0895335722088657,0,0.865867506437959,0.559206359697346
TCGA-ZS-A9CD-01,0.465152724183096,0.0645490442470548,0.0795075193472897,0.128063140601085,0.0984300438310535,0.0354353318836454,0.0404442665122487,0.0884179293945264,0,0.86548966228192,0.547816626078221
TCGA-DD-AAE9-01,0.486199789585394,0.104734463576141,0.0883158560993927,0.0683451324697902,0.0749136182913529,0.052335384086161,0.0341834422299322,0.0909723136618358,0,0.777551737196461,0.640051015007325
TCGA-BD-A2L6-01,0.594620549503106,0.0399291084586292,0.089021937174069,0.0425575177072118,0.0667532980987292,0.0905564245211763,0,0.0765611645370785,0,0.778147748556926,0.640046895695564
TCGA-DD-AAEI-01,0.494290342270346,0.0396304598485788,0.200090507912034,0.126705103459374,0,0.0756618649629638,0.0202780986350281,0.0433436229116751,0,0.788659027582776,0.635566181038477
TCGA-2Y-A9H3-01,0.377462387771785,0.0762408700382523,0.138058283181288,0.11399162377846,0.0837588449797704,0.0193026023431212,0.038899588889074,0.152285799018249,0,0.668923963186927,0.749483827639723
TCGA-2Y-A9GV-01,0.536129338165506,0.0580798309775944,0.206287805788467,0.0285636813475208,0.052978850549646,0.000285313341981814,0.0698983628729598,0.047776816956324,0,0.731981765712636,0.689767294593173
TCGA-DD-AADS-01,0.619609263272429,0.0287165288717746,0.0888645776188564,0.0804108146361267,0.0730517086821109,0.0443055184554256,0.0337850217168753,0.0312565667464015,0,0.807469136431925,0.603482280118327
TCGA-DD-A114-01,0.135709528186002,0.102063607320477,0.0716383880037051,0.259976311108521,0.0892017360103622,0.1479663974055,0.0690905398010826,0.12435349216435,0,0.748951182948284,0.685320348168644
TCGA-DD-A39Z-01,0.474064421483718,0.0327891201637421,0.0856089192054393,0.119477006196016,0.113630400045862,0.0160733927936354,0.00162768537240571,0.156729054739182,0,0.674404780576452,0.744281344746525
TCGA-UB-A7MA-01,0.19365736194337,0.0227121861554171,0.147919942309192,0.15435052176813,0.174677890400738,0.122381181065102,0.0200365655396191,0.164264350818432,0,0.537393033374411,0.856213620161982
TCGA-EP-A2KB-01,0.464173439836001,0.0776076763861097,0.0870404491759221,0.0666947890617293,0.189712283088722,0.0276525278544059,0.0558047387056684,0.031314095891442,0,0.734811266448767,0.689759130775645
TCGA-DD-AAEA-01,0.487376689369684,0.0605930122283513,0.108509693813754,0.0491140295257863,0.0732827685678054,0.0923600079018222,0.0626346796082463,0.0661291189845497,0,0.697443027583403,0.723853429626059
TCGA-UB-AA0V-01,0.681005089439377,0.00714856683273686,0.0402100973417703,0.0133423651469129,0.0740563445462317,0.101583034272272,0.0826545024206992,0,0,0.891363589912321,0.482704739931108
TCGA-BD-A3EP-11,0.762887117378177,0.0444389896600819,0.019065865889217,0.031578409005209,0.0279786808524213,0.0657814457634744,0.0482694914514196,0,0,0.917428830138312,0.425928927532215
TCGA-ES-A2HT-11,0.645932398289979,0.0328100127538333,0.116543893591618,0.0719642700065554,0.0281927200183075,0.0575455828150786,0.0296399051170927,0.0173712174075355,0,0.798965469665829,0.613473602585238
TCGA-2Y-A9GY-01,0.178374215522899,0.112893495791673,0.0869652720608335,0.163254938177833,0.107490298797787,0.0863727512622996,0.0494485616736795,0.215200466712995,0,0.868920858533243,0.586522053611975
TCGA-XR-A8TE-01,0.394164794195314,0.132388160732994,0.157010244122031,0.0547177903256443,0.150141390126538,0.0057525299942086,0.0263572861187026,0.0794678043845678,0,0.479600335249451,0.89547928857333
TCGA-ED-A4XI-01,0.61310967098283,0.0929177030991997,0.0516155102301026,0.0672993210530906,0.0724507101497923,0.0528006153255692,0.0498064691594162,0,0,0.869973282837491,0.511880050899106
TCGA-DD-AACG-01,0.361297919246855,0.0762597781596513,0.149587666014214,0.111404321953193,0.069171576585875,0.0612437656437066,0.0111487127231305,0.159886259673374,0,0.746113776713675,0.688731625569471
TCGA-BC-A216-11,0.74979112816795,0.0391600411943533,0.0894970315504373,0.0140866779024944,0.0220656903836367,0.0469113696247838,0.0384880611763445,0,0,0.89201698742134,0.474808336698465
TCGA-NI-A4U2-01,0.61324181949147,0.00374924335941101,0.112086229723352,0.0471192077890702,0.13954492468226,0,0.0166698468671033,0.0675887280873333,0,0.751700263324624,0.669116536195523
TCGA-DD-AAC9-01,0.593903146324121,0.038295229037621,0.0912869057363745,0.105258029305044,0.0364158693991565,0.0671158982023193,0.0257017454092288,0.0420231765861347,0,0.849491144552742,0.549701075877981
TCGA-DD-AAE1-01,0.454921452468521,0.0907494897471828,0.0808012292706793,0.0446380330268553,0.153752370114589,0.0527343783376525,0.021579457462179,0.100823589572341,0,0.795146149490855,0.631306662112436
TCGA-DD-A11D-01,0.6602883812526,0.00902568434634517,0.0491027760571915,0.0514828741598421,0.116624879257842,0.0518454948491731,0.026698894119136,0.0349310159578696,0,0.818658207648063,0.588931466730575
TCGA-DD-AADY-01,0.513892743272124,0.0179966541652705,0.198105661040523,0.0338542191459001,0.132111051801012,0,0.00078768153654182,0.103251989038629,0,0.631579447769646,0.779685550685084
TCGA-ZP-A9D4-01,0.544993394700088,0.110430999410122,0.109975796296362,0.0066273965699703,0.129028304138138,0.0334179081705027,0.0655262007148178,0,0,0.699053893689959,0.721882578471633
TCGA-DD-AAED-01,0.3582879449677,0.0392767933470233,0.178008314010397,0.142014843684421,0.128890518784761,0.0208595921941014,0.0226289446032188,0.110033048408378,0,0.667061608237558,0.758323191066344
TCGA-DD-AACK-01,0.546577608261793,0.0508324231573142,0.100905951383326,0.0857187358193065,0.0846667729081124,0.03044659974875,0.0155611498798969,0.0852907588415007,0,0.76278144090207,0.657241843217286
TCGA-DD-AAVQ-01,0.330079652187062,0.06804837436683,0.090193985586177,0.130640967505296,0.0745429190868983,0.126020912372679,0.0613908170974754,0.119082371797582,0,0.628116268525204,0.783666479321581
TCGA-BC-A112-01,0.096904565797306,0.0800475190802774,0.144271079194291,0.204988362027297,0.171967642311311,0.0121573294771328,0.108014576421916,0.181648925690469,0,0.653183924631367,0.777273706214049
TCGA-DD-A118-01,0.47516344909732,0.0257121227457757,0.0698796431726139,0.0585874929476752,0.18423439085847,0.00760447179930622,0.0362087562840405,0.142609673094799,0,0.656411591878893,0.76046862841208
TCGA-DD-AACO-01,0.588012302532577,0.0391423068669191,0.0993222873146001,0.0779697606200342,0.0490634857715536,0.0246836421074515,0.0287853624133185,0.0930208523735458,0,0.787866727021325,0.628120744281237
TCGA-DD-A1EB-01,0.617387186328141,0.00454788364299603,0.143788180455604,0,0.0940865963725686,0.0198575424620812,0.0610475986497582,0.0592850120888507,0,0.727082266627822,0.694395783076333
TCGA-DD-A4NL-01,0.744363871432869,0.0426088162148527,0.0682748663743975,0.0412566034187785,0.0376997312014951,0.0403189405927784,0.0254771707648286,0,0,0.879203468713497,0.49810323638822
TCGA-EP-A3JL-01,0.405227139184433,0.082372160217133,0.155637083417427,0.0991273881671977,0.0532826268150951,0.0550582829437635,0.0304138116453838,0.118881507609567,0,0.872156507155213,0.556811286660977
TCGA-DD-AAD8-01,0.590199578422645,0.0391696477865484,0.139458010024372,0.0653322484251795,0.0479353486576449,0.0667891591400151,0.00383754681284059,0.0472784607307543,0,0.813168698140424,0.598814923577503
TCGA-5R-AA1C-01,0.438336612345729,0.1770648691834,0.113962723882659,0.0353838616119001,0.105851508815577,0.0336855890661164,0.0314665128419337,0.0642483222526837,0,0.729931705736023,0.689004218512202
TCGA-G3-A3CI-01,0.644735180042721,0.0713063556532599,0.0331177787942786,0.0501435039402013,0.0796932811258265,0.0636722716427926,0.0310446110616529,0.0262870177392677,0,0.809689808088919,0.600066694127659
TCGA-G3-A3CK-01,0.550522080487957,0.109843779766165,0.182609234700637,0.0182609672814939,0.0446660458549213,0.0156392307886199,0.0142946732827762,0.0641639878374293,0,0.776952707752595,0.639250183900368
TCGA-MI-A75G-01,0.658305373338007,0.0382900995122886,0.0941303130763724,0.0741008153242675,0.067557222845838,0.0237228830304553,0.00586335815821278,0.0380299347145579,0,0.831058385014766,0.571320347631582
TCGA-G3-A5SJ-01,0.259205701910851,0.0202677179222044,0.133266749999266,0.204918566808232,0.082666317813051,0.0801838812131154,0.0664732243573573,0.153017839975924,0,0.637896493292212,0.788508820518685
TCGA-DD-A3A4-11,0.616114865885523,0.0815456590981689,0.045979091627769,0.0707129218415959,0.0816351930481161,0.0625372489867562,0.0414750195120707,0,0,0.86089035969255,0.526895147362833
TCGA-5R-AAAM-01,0.619835295753972,0.0820219514104897,0.0736721841772835,0.0745848612583117,0.0490575966263311,0.0422622489989557,0.0330449917644373,0.0255208700102191,0,0.854426674456453,0.536236120610782
TCGA-BC-A3KG-01,0.364143286580278,0.0443662306986198,0.0773098337572949,0.0114849777441194,0.13969673990949,0.14057551502382,0.0428078600424624,0.179615556243916,0,0.688659856398103,0.752156524713226
TCGA-DD-A3A5-11,0.782421836402802,0.0116111033690208,0.00689904875924154,0.0101999620465783,0.0778874218542747,0.0829317818891818,0.0280488456789006,0,0,0.920849667644749,0.418986579363093
TCGA-DD-A1EH-11,0.738052446097663,0.023623829107679,0.0475939870570541,0.00438585323796063,0.032078732428179,0.0682130674028408,0.0860520846686234,0,0,0.9079340559308,0.44513059022808
TCGA-2Y-A9GS-01,0.391314981111721,0.128459356169033,0.178523841223234,0.078448683649887,0.0597383210985625,0.0402755039114003,0,0.123239312836162,0,0.836783076527994,0.580086838419395
TCGA-BD-A3ER-01,0.569318873072781,0.0373328168135743,0.0990683599025404,0.120245551151983,0.055094863064403,0.0336095667472758,0.0322892889655877,0.0530406802818541,0,0.830789815982629,0.576435135609379
TCGA-BC-A10X-01,0.659427989624468,0.00965275078400742,0.0551372415928752,0.0325936214410546,0.0712471566664532,0.0798918507078498,0.0920493891832921,0,0,0.88580083593718,0.49432599058698
TCGA-MI-A75I-01,0.402361993850763,0.138351247898361,0.0721560715597049,0.0677832917989487,0.0820317641870192,0.0732809969700997,0.0181318553294245,0.145902778405679,0,0.877847211855883,0.523233412171688
TCGA-DD-A1EC-11,0.740688668050338,0.0115671057791404,0.00775346711839894,0.00421953249691867,0.0209800795170566,0.110089850271542,0.104701296766605,0,0,0.845669058017319,0.550608187636705
TCGA-CC-A7IF-01,0.520176933097928,0.0591629574934817,0.0905256780391095,0.059892457046761,0.0747629975236495,0.0739286437327866,0.0398288734442156,0.0817214596220678,0,0.771681592597614,0.650266996431748
TCGA-DD-AACE-01,0.50950294394894,0.0989737562245641,0.155331862517733,0.0160060562213896,0.112663925726692,0.0196170254225207,0.0235655514134507,0.0643388785247092,0,0.708236044644903,0.712166561725349
TCGA-DD-AAVY-01,0.531913499345622,0.115739513862653,0.151724670715547,0.00405932380693633,0.14449609483144,0.00177715751208061,0,0.0502897399257212,0,0.78594293994649,0.629784596955662
TCGA-EP-A26S-11,0.773896504921229,0.0477329564616218,0.0255455964991937,0.0165769615553812,0.0410247270733022,0.0653542110057376,0.0298690424835348,0,0,0.886597817873996,0.487544027848321
TCGA-DD-A1EG-01,0.330222642084495,0.0763410889467743,0.101330683782018,0.196618924411849,0.0547889260519342,0.0778600586323256,0.0368795542700769,0.125958121820527,0,0.85671990179758,0.576115667661738
TCGA-ED-A7PX-01,0.0461685937726354,0.0595415626114857,0.108174329030673,0.254771738787138,0.147962286265248,0.138993582926956,0,0.244387906605864,0,0.705291684788163,0.747169868569077
TCGA-DD-AAD1-01,0.332574337781056,0.0262944407154462,0.101722597149284,0.105584746568195,0.111221033491212,0.126700161424106,0.112563592299301,0.0833390905714002,0,0.512329069408787,0.860209305013844
TCGA-DD-AADN-01,0.206773573366189,0.0770020706707491,0.0749566697476436,0.160016080112753,0.102311521344247,0.0860497020829808,0.039388988043004,0.253501394632435,0,0.824180202098246,0.646335683219664
TCGA-DD-A3A3-11,0.700607633539397,0.024261311884538,0.0320085621141403,0.0576574038643426,0.0470471903615402,0.078383094824451,0.0600348034115913,0,0,0.873553591900521,0.506740383520262
TCGA-2Y-A9H9-01,0.640490026247613,0.0177952956900264,0.111121681903892,0.0533259584883117,0.0434027611131718,0.0600855868783364,0.029870598587459,0.0439080910911898,0,0.767597640869879,0.651386518901811
TCGA-G3-A25Z-01,0.577436719120926,0.0291367347161442,0.0941243973264677,0.0911014215571728,0.0551718271468963,0.0509547876800445,0.0222288613184283,0.0798452511339199,0,0.777945897959807,0.640359611658879
TCGA-BC-A10U-11,0.8067410139199,0,0.0430383909660876,0.0423936132202726,0.0159360960224783,0.0489049697002626,0.0429859161709992,0,0,0.920569227106089,0.420429312072846
TCGA-BC-A217-01,0.39168421596693,0.0152846107045998,0.116086665077191,0.0989696103383675,0.0533720028768326,0.120521965640683,0.0695833130989762,0.13449761629642,0,0.752661623817023,0.699335219225756
TCGA-BC-A110-11,0.79729034023343,0,0.0677715609527303,0.0396138523260639,0.00696650661343392,0.0452057252884272,0.0431520145859149,0,0,0.903787204763616,0.45427779558055
TCGA-BC-A10R-01,0.515329130275419,0.0190496133994767,0.0264940674230983,0.0790613269722039,0.162815745370988,0.112776017497933,0,0.0844740990608811,0,0.644335741370686,0.769684263881737
TCGA-ED-A7XO-01,0.588131168849066,0.0376481992419411,0.101281664205073,0.0751725557830147,0.0290395940136507,0.0780919667972081,0.0273639447310366,0.0632709063790093,0,0.799413847994002,0.614891029210806
TCGA-G3-AAV7-01,0.11107737090139,0.153351193930186,0.00733467915506027,0.207256715041957,0.131756811641146,0.165264436925755,0.032403250203111,0.191555542201394,0,0.776104994743435,0.646899369845589
TCGA-GJ-A3OU-01,0.217819851000048,0.154644619592682,0.127424552865628,0.26502870505089,0.0338208194978068,0.0837479364540431,0.0374639501284083,0.0800495654104941,0,0.915343788829954,0.448685938370343
TCGA-DD-AADB-01,0.309404915498811,0.110577725886712,0.036084496965915,0.0919852192530553,0.17088476187673,0.069721403719551,0.0644890823877378,0.146852394411489,0,0.743384341684115,0.691088795319475
TCGA-RC-A7SK-01,0.573686028738909,0.0577278613515283,0.0952928387010637,0.079240043513205,0.0777485369080481,0.0820562233935732,0.016946773712187,0.017301693681486,0,0.814768645118867,0.595774455040505
TCGA-DD-A4NE-01,0.56621955408747,0.0234244392918474,0.0705976743382652,0.0632818901928072,0.0742447113153499,0.0899085575335556,0.0325221253205738,0.0798010479201308,0,0.762619158207024,0.658928823613147
TCGA-DD-A39V-11,0.769611139024248,0.0436697340740645,0.0673902919354667,0.022023286698569,0.0383320163656713,0.0236457164137179,0.0208402317373949,0.0144875837508673,0,0.905498647084078,0.450896194318457
TCGA-DD-AACT-01,0.479259918770211,0.0559037385645081,0.164845443059133,0.1009511280297,0.0571350521096472,0.0361352459233904,0.0299644848530648,0.0758049886903456,0,0.813954714276895,0.610216388529783
TCGA-ZP-A9D0-01,0.647345333522541,0.026309040396824,0.17255530415829,0,0.10387136693135,0.00483473871384537,0.00575773406689958,0.0393264822102502,0,0.794971044374695,0.619018339001331
TCGA-DD-AADF-01,0.56274166063586,0.0315928460863322,0.0805889428502022,0.0328246448512057,0.0771464061563224,0.0510488549349079,0.0271995114075845,0.136857133077586,0,0.79458572246,0.625142360001601
TCGA-DD-A1EJ-01,0.351830667276728,0.101523098919582,0.0439210232877186,0.0548257065759377,0.190269225118918,0.0797163595533045,0.0236863185267098,0.154227600741102,0,0.578433243785519,0.817689529762711
TCGA-DD-AAVU-01,0.358836567033691,0.0577537226984205,0.21023006649564,0.132231951337347,0.107590715749909,0,0,0.133356976684992,0,0.832662338113987,0.620528428597739
TCGA-G3-A3CG-01,0.592733143658891,0.00868222047655622,0.108399683710874,0.0795040762912872,0.0749461651130533,0.0352733476546874,0.0354083972545,0.0650529658401514,0,0.780463732578684,0.638111889225462
TCGA-BC-A10W-01,0.299491901118837,0.110789268248222,0.190696363924181,0.135767191566485,0.0291603081448849,0.0399553985185232,0.0732270870524343,0.120912481426433,0,0.729171679806277,0.698343778955297
TCGA-O8-A75V-01,0.441389669529639,0.0912863460888709,0.0919392038493308,0.131357815458968,0.0725368016559851,0.0363224606798177,0.0573049221709655,0.0778627805664232,0,0.850250956668631,0.559985241643232
TCGA-DD-A3A9-01,0.326253303251647,0.0602652065599735,0.101616890039739,0.173959689910839,0.13819779092735,0.0360742714905437,0.00751214392748337,0.156120703892425,0,0.698453436632612,0.729927313921153
TCGA-DD-A73G-01,0.441876320944462,0.0214955147839498,0.0637826096452077,0.113290885283036,0.105599318889494,0.0298669602541191,0,0.224088390199732,0,0.706473559136475,0.720121071377506
TCGA-DD-A1ED-01,0.608731472513546,0.0199383694717535,0.108518970250015,0.0492403275488942,0.0993704760861568,0.0327934107445093,0.0814069733851243,0,0,0.77082756000545,0.64736315961138
TCGA-WX-AA47-01,0.361415545119277,0.051497967340755,0.139896587968914,0.10330979289782,0.10968569369513,0,0.00841595382192104,0.225778459156183,0,0.68563387739785,0.742111029713373
TCGA-G3-A7M5-01,0.673608495201195,0.0326082249545869,0.139475127005283,0.0380231045286209,0.0790713641432271,0.0208538584296738,0.00392412090220863,0.0124357048352051,0,0.785397972892651,0.631227613287238
TCGA-DD-A4NI-01,0.679060053996273,0.0506079573501322,0.121331893366086,0.00117313344305186,0,0.0750851360729743,0.072741825771483,0,0,0.849856113799614,0.543626668628906
TCGA-2Y-A9H8-01,0.452915145198786,0.0796040323886145,0.112994214251922,0.057027692434341,0.100536002727485,0.0882361253950024,0.0110171548041723,0.0976696327996771,0,0.608250772474275,0.797764524205934
TCGA-DD-A3A8-11,0.721693383836374,0.0502042121438218,0.0157785380492795,0.0340927506521131,0.0612334374114699,0.0744833254881037,0.0425143524188384,0,0,0.906816953284236,0.447090275117283
TCGA-2Y-A9GT-01,0.593445720079319,0,0.251870130273455,0.0384692005397301,0,0.0474043394343814,0.0688106096731148,0,0,0.81838377966267,0.597497195824945
TCGA-CC-5260-01,0,0.00275709438117057,0.1222131598789,0.297184041914515,0.174874057603799,0.132197469388602,0.0992895611371928,0.171484615695821,0,0.425148983577791,0.907327880814164
TCGA-DD-A1EL-11,0.715504447125989,0.0341726905589937,0.123155774842933,0.0103373383114103,0.0189668819171438,0.0556966967454793,0.0421661704980503,0,0,0.922494039874656,0.418842337073212
TCGA-DD-A3A1-11,0.599205643407939,0.0638111463408848,0.086506731012673,0.0652333133734296,0.050088619838503,0.0627807217344612,0.0562776063956417,0.0160962178964677,0,0.891953998638397,0.485350594986531
TCGA-DD-A119-01,0.432742934378634,0.112847101439731,0.180903530167844,0.0547719408857551,0.0414827463602299,0.0530698394216276,0.0149760374795799,0.109205869866599,0,0.86312608821,0.551326823780068
TCGA-FV-A2QR-01,0.515461772262326,0.0758455586139582,0.119196025328285,0.059675862900368,0.0853397215059613,0.0260031606081091,0.00102128433652058,0.117456614444472,0,0.797523997723074,0.620330945837239
TCGA-G3-A25V-01,0.559347284482311,0.0388286164318032,0.0812399934896662,0.134008841109563,0.044584585907121,0.0670709735163231,0.0295466786453014,0.0453730264179109,0,0.882981321173202,0.507503606537002
TCGA-CC-A8HT-01,0.253846948053123,0.121092417656217,0.0834559799848821,0.124398414703527,0.0947089607209692,0.0932449295525358,0.057473611181696,0.17177873814705,0,0.873186231915673,0.569687716819406
TCGA-DD-AADL-01,0.546288896632923,0.0929552418038262,0.108320134963432,0.0254816754190775,0.0876147225598992,0.0698940793039714,0,0.0694452493168705,0,0.846951306841679,0.556698668496808
TCGA-XR-A8TC-01,0.511812905403419,0.0759458508798659,0.184880651205926,0.0059094151359361,0.110048060042056,0.0104618503892029,0,0.100941266943593,0,0.587767727312161,0.816958053868123
TCGA-CC-A7IJ-01,0,0.0604040356178617,0,0.317855723419829,0.129275256045551,0.248608042848644,0.049234024672647,0.194622917395468,0,0.703347748431892,0.738706379987185
TCGA-FV-A23B-11,0.687578580968905,0.0561796238130047,0.103586716499428,0.0429720301387242,0.00902807813608534,0.0551697087046951,0.0454852617391575,0,0,0.896491963659032,0.467019393744968
TCGA-5C-A9VH-01,0.40866671781247,0.0623767513985498,0.138996103282996,0.125797383834944,0.10357864319156,0.0497913165767028,0.0201862699442102,0.0906068139585666,0,0.791146712450777,0.644049421819162
TCGA-DD-AADR-01,0.501568242014389,0.0956474657435578,0.203565692451875,0.0263735241783918,0.000743245054635388,0.0627319809080974,0.0556272470397999,0.0537426026092544,0,0.858724532955949,0.550405366631579
TCGA-2Y-A9HB-01,0.625515620122284,0.0537370331889794,0.116304476668549,0.0540937988965095,0.059103481770861,0.0431948365053701,0.0257244354573318,0.0223263173901157,0,0.873165653737421,0.512377223732428
TCGA-DD-AAE3-01,0.67892359830087,0.0465884317496717,0.120841639534135,0.0704351767353568,0.0170008852742893,0.0250916867610855,0.00560800213096954,0.0355105795136222,0,0.856712881281939,0.533527328246027
TCGA-DD-A4NA-01,0.0152061445707998,0.0257169995219276,0.104576336813047,0.237812053992456,0.206686815218235,0.105807033800169,0.143187966136594,0.161006649946772,0,0.361939334535108,0.932754247434306
TCGA-DD-AACI-01,0.295477755370829,0.0590358572205321,0.244179336655709,0.136982498391973,0.0683577151266918,0,0.066077337592506,0.129889499641759,0,0.554240223208589,0.83412194210256
TCGA-DD-AADU-01,0.51401102226749,0.110820857591133,0.203354827876903,0.0220310582600758,0.0685863610656656,0,0.045580507519059,0.0356153654196739,0,0.7823265876672,0.634384109758169
TCGA-EP-A3RK-01,0.347341833279046,0.142328270312774,0.14082072810122,0.0856969079062319,0.0588528663702169,0.0549992932698773,0.0347998368852368,0.135160263875397,0,0.864141604844553,0.549000498707042
TCGA-CC-A5UD-01,0.147134024998317,0.0576712267865376,0.0824529654216494,0.160732447446495,0.161886826038914,0.15596529504155,0.0366918941022313,0.197465320164305,0,0.53952451437858,0.849219375327643
TCGA-CC-A9FV-01,0,0.21149702547676,0.0349193589097295,0.326097547118784,0.0908774272955995,0.192837358612299,0.078002237183717,0.0657690454031115,0,0.647563305702227,0.778271118643055
TCGA-DD-AAEE-01,0.443529892447166,0.118286319054553,0.148632617643719,0.0247196432409595,0.0712198212576118,0.0645961859848909,0.0795943422960199,0.0494211780750803,0,0.778817037761441,0.644564058919886
TCGA-ZS-A9CF-02,0.583011127242577,0,0.0645566993864919,0.00318471911354637,0.120644239842009,0.106036476213825,0.0884708188152996,0.0340959193862517,0,0.70343346587649,0.717462569289494
TCGA-ZS-A9CF-01,0.553083616145418,0,0.202168948017971,0.0169604340537817,0.0508028693645049,0.0843661646287377,0.0797302282667309,0.0128877395228556,0,0.751853507131632,0.674293780612709
TCGA-RC-A6M4-01,0.571097834229397,0.0877128660225825,0.216076055796861,0.00140021297989952,0.0655120083172889,0.0417251187787356,0,0.0164759038752354,0,0.630953769864476,0.78740919459629
TCGA-G3-A7M8-01,0.666762173302184,0.0373859067893616,0.0965388122018487,0.034898117629365,0.0456211652775134,0.0437593674695278,0.00870914022522146,0.0663253171049784,0,0.857013567347661,0.534723400854244
TCGA-DD-AAVP-01,0.433998328689148,0.0310347542896338,0.0844535371977235,0.067569293647546,0.219082540810005,0,0.0652101435210282,0.098651401844915,0,0.602451670557621,0.801668982763151
TCGA-UB-A7ME-01,0.377301649360752,0.036404619284704,0.123837152987841,0.113198764604266,0.12245165685996,0.050997864630047,0.0454436209883523,0.130364671284079,0,0.580603098899403,0.817064173777054
TCGA-DD-A4NR-01,0.283315831716531,0.102725471881229,0.128854150033888,0.216095344206421,0.0380383316030273,0.0833447800016398,0.0267976829203062,0.120828407636958,0,0.870686269533164,0.550075768076222
TCGA-G3-A25U-01,0.6735375924429,0.00576507794368637,0.0913024714877198,0.0212212701057527,0.060040404499727,0.0950618030175915,0.0314663557572257,0.0216050247453968,0,0.618257400927476,0.808854345881905
TCGA-DD-AAE6-01,0.430703707195072,0.0695042232817381,0.0216691869981771,0.0937588020365101,0.150781043865225,0.0926383308696185,0.0158027364640546,0.125141969289605,0,0.784204837384875,0.646778421100234
TCGA-G3-AAV2-01,0.537079125103999,0.0485133833297097,0.141805696774458,0.0366397708144256,0.164611586588684,0.0106979123748196,0,0.0606525250139043,0,0.625080103041714,0.786732971459636
TCGA-BC-A10Z-11,0.677345402772382,0.0166081208610826,0.103767635727787,0.0661672005599763,0.0370093158608706,0.0586314294624896,0.0404708947554123,0,0,0.86444856039818,0.522675101134504
TCGA-ZP-A9CY-01,0.70898432340385,0.0397428018089122,0.0762342159323622,0.0518516022965661,0.0337311953222652,0.0454523237174077,0.0413105632425622,0.00269297427607409,0,0.881185922942446,0.493485605894428
TCGA-DD-A39Y-01,0.218997735735819,0.0660781342125149,0.124462236411454,0.184722413591505,0.0794410538173216,0.0929475633256084,0.00490675715760829,0.228444105748169,0,0.837526636848453,0.635612915404274
TCGA-DD-A115-01,0.57198246400613,0,0.0882749146003396,0.0402137374851412,0.0495470786194209,0.15262403549283,0.058850852643586,0.0385069171525519,0,0.761980366630214,0.661456832111235
TCGA-FV-A3I0-11,0.774632716020907,0,0.022019880168292,0.0236109418503827,0.0525710046705976,0.0841284930492448,0.0430369642405761,0,0,0.916979469453095,0.426804927742951
